{
"type": "FeatureCollection",
"name": "ncr_boundary",
"crs": { "type": "name", "properties": { "name": "urn:ogc:def:crs:OGC:1.3:CRS84" } },
"features": [
{ "type": "Feature", "properties": { "name": "National Capital Region", "source": "NCRPB current NCR extent; district polygons from GIS dataset" }, "geometry": { "type": "MultiPolygon", "coordinates": [ [ [ [ 77.332996721901793, 27.835278989467199 ], [ 77.336256577812193, 27.8321223519429 ], [ 77.331024751868199, 27.829119906933801 ], [ 77.326097654231503, 27.827651519663799 ], [ 77.321834294808895, 27.8244659773381 ], [ 77.315208429969402, 27.826420259284799 ], [ 77.313707914661506, 27.825640814578701 ], [ 77.308048527473204, 27.825794904234399 ], [ 77.297765383058504, 27.823569655951399 ], [ 77.299504728061095, 27.814129592691 ], [ 77.298551990142101, 27.812254424666701 ], [ 77.292329757224394, 27.810351370284799 ], [ 77.2881787438061, 27.806414677891102 ], [ 77.285916487679998, 27.8011741451968 ], [ 77.284611102621497, 27.800988269764598 ], [ 77.284282696697687, 27.801202919670789 ], [ 77.284276274913097, 27.801197421321302 ], [ 77.284160055373206, 27.801064818384699 ], [ 77.284063486480207, 27.800965490236301 ], [ 77.283947828387298, 27.800866658638601 ], [ 77.283812800371194, 27.800734551940501 ], [ 77.283676088013905, 27.800535398306302 ], [ 77.283596081808895, 27.800317868483301 ], [ 77.283590748061897, 27.800066069719801 ], [ 77.283660367496395, 27.799779008484698 ], [ 77.283750760471904, 27.799575879920901 ], [ 77.284510679057604, 27.7988408394021 ], [ 77.284662550485294, 27.7988552422708 ], [ 77.285999636640994, 27.799488469957499 ], [ 77.286746080497394, 27.797207343043599 ], [ 77.286799698690899, 27.7970553655454 ], [ 77.286891776007494, 27.796936167358901 ], [ 77.287947296466399, 27.796767303037601 ], [ 77.288873964826607, 27.7967519065717 ], [ 77.290220595582198, 27.796931200764998 ], [ 77.291299416093807, 27.796980866694199 ], [ 77.293132821443905, 27.796916797641199 ], [ 77.295321342054905, 27.796662011033799 ], [ 77.295790711790801, 27.7973935896879 ], [ 77.296112420951999, 27.797405012805001 ], [ 77.297768128309997, 27.7969907998773 ], [ 77.298558645759996, 27.796809519142499 ], [ 77.299561390195905, 27.7968264055799 ], [ 77.299841552275197, 27.796815975721799 ], [ 77.300010547837999, 27.796762336435901 ], [ 77.3003083954994, 27.7965393357876 ], [ 77.300746324200404, 27.7957754681835 ], [ 77.301036311602999, 27.796073466587099 ], [ 77.301300472441298, 27.796052110062 ], [ 77.302221245607498, 27.795768018213 ], [ 77.303474956875903, 27.795125332164201 ], [ 77.303765225002095, 27.794548699484199 ], [ 77.304278106884595, 27.793750547393898 ], [ 77.304757863391004, 27.793187814364 ], [ 77.305374051531203, 27.792807856169301 ], [ 77.3061056170407, 27.792526735918202 ], [ 77.306156427998999, 27.792240151450901 ], [ 77.305210389715398, 27.791331718397799 ], [ 77.305054588158299, 27.791116156897999 ], [ 77.305198880050796, 27.790777416534599 ], [ 77.306033190370997, 27.7899906606504 ], [ 77.307193420705104, 27.788999757353999 ], [ 77.309370712374999, 27.787333330694 ], [ 77.309764848205901, 27.787192266877199 ], [ 77.310088522431698, 27.7872876339847 ], [ 77.310777698688696, 27.7876795323136 ], [ 77.3110429824211, 27.7877088377086 ], [ 77.310786401118094, 27.7872091548086 ], [ 77.310513257126999, 27.786810300905401 ], [ 77.310320961511493, 27.7866622825217 ], [ 77.309957705268403, 27.786466580054199 ], [ 77.309479071656099, 27.786188920365099 ], [ 77.309342078575298, 27.785972851959102 ], [ 77.309315971287404, 27.785637075836998 ], [ 77.309688491406703, 27.784471288855102 ], [ 77.310193232307, 27.7833035024886 ], [ 77.310688428607406, 27.782572325738101 ], [ 77.311524423268693, 27.780862584828899 ], [ 77.311867186694201, 27.7800837049863 ], [ 77.3109430448457, 27.7793092902252 ], [ 77.310995259421603, 27.7790902277047 ], [ 77.311235558760103, 27.7788339090934 ], [ 77.311555022133007, 27.778727606236401 ], [ 77.311608359602999, 27.7785756029051 ], [ 77.311435433910802, 27.777553300472601 ], [ 77.311576357120998, 27.777063505912398 ], [ 77.311702401984306, 27.774977631970501 ], [ 77.3117318779546, 27.7749975023563 ], [ 77.311816095012503, 27.774509186573901 ], [ 77.311982564063598, 27.774338300370399 ], [ 77.3122616032487, 27.774115253729899 ], [ 77.312521833957504, 27.773909096628898 ], [ 77.312668933085305, 27.773704926199098 ], [ 77.312665564403005, 27.7735539093817 ], [ 77.312494042328495, 27.773489329757702 ], [ 77.312057236521497, 27.773395937618201 ], [ 77.311617062032298, 27.7731510312545 ], [ 77.3111156898144, 27.7726890360046 ], [ 77.310333874793699, 27.771475419782401 ], [ 77.309880506298697, 27.7706090395438 ], [ 77.309694948047806, 27.769872809630101 ], [ 77.309563288714003, 27.769017842729902 ], [ 77.309305865240404, 27.768467898239301 ], [ 77.308421024685501, 27.7668523270751 ], [ 77.308330912433604, 27.766697823164201 ], [ 77.308247256822796, 27.7665542485937 ], [ 77.308129633665303, 27.766354535554399 ], [ 77.308066190148296, 27.766036086890299 ], [ 77.3081164396595, 27.765732541352399 ], [ 77.308353931762795, 27.765342551161702 ], [ 77.309084374378202, 27.7641204072448 ], [ 77.309495634344202, 27.763191369964002 ], [ 77.309571710419803, 27.763019472357101 ], [ 77.309713756524104, 27.762580287643001 ], [ 77.309819027846501, 27.7621922734291 ], [ 77.309806956734803, 27.761620931159602 ], [ 77.309594168301899, 27.760498607483001 ], [ 77.309570587525698, 27.760280500742098 ], [ 77.3096228021016, 27.760061399908601 ], [ 77.311005926915598, 27.759315658846202 ], [ 77.311580848697403, 27.758785041841701 ], [ 77.312568995510006, 27.7580144501819 ], [ 77.311917716929003, 27.757605055617901 ], [ 77.310651653825403, 27.7567524765599 ], [ 77.309840643558005, 27.7559426196399 ], [ 77.309527636826203, 27.755443784526701 ], [ 77.309193856553406, 27.754860979253401 ], [ 77.308992858508603, 27.754293076484899 ], [ 77.3088696208806, 27.7538245420495 ], [ 77.308780070075699, 27.7531706772617 ], [ 77.308761823046495, 27.7529962795312 ], [ 77.308709327747096, 27.752499418368501 ], [ 77.308699221700095, 27.7520293856217 ], [ 77.308746383252497, 27.7515747537091 ], [ 77.309111043113205, 27.750930315931701 ], [ 77.309741548153198, 27.7503479833724 ], [ 77.310096101966906, 27.750041412847199 ], [ 77.312175421126099, 27.749257840500398 ], [ 77.312548221968996, 27.748655126926302 ], [ 77.312590891945007, 27.747507328455502 ], [ 77.314865594678494, 27.745681260503599 ], [ 77.314468370888804, 27.745121260197902 ], [ 77.315752400298095, 27.7448166625494 ], [ 77.314241827003102, 27.743384594978501 ], [ 77.313422114306306, 27.742300345314799 ], [ 77.313374391306894, 27.741797969332701 ], [ 77.315180285751495, 27.741237949063098 ], [ 77.316397502961493, 27.741031729693798 ], [ 77.319406578439796, 27.738888515886401 ], [ 77.321041512256798, 27.736940554869999 ], [ 77.321342447877001, 27.736379515760699 ], [ 77.321039266468603, 27.735430861129 ], [ 77.320496908615894, 27.733386927091701 ], [ 77.319871175875704, 27.7333973630302 ], [ 77.318298562681505, 27.7320764634376 ], [ 77.318278631311102, 27.732059566950898 ], [ 77.317246691628498, 27.731520865823502 ], [ 77.316817746080304, 27.731673431819001 ], [ 77.312620087191803, 27.7297173903649 ], [ 77.310871741070002, 27.728893417272602 ], [ 77.308955803003101, 27.7279904191006 ], [ 77.306962946690007, 27.7267390311717 ], [ 77.305867282766897, 27.727405976009901 ], [ 77.303818001024993, 27.7255989535713 ], [ 77.304042579846097, 27.724231242305098 ], [ 77.304770215226199, 27.7241263771066 ], [ 77.304428293971199, 27.723443011375998 ], [ 77.304062791939899, 27.722720875516501 ], [ 77.304743546491196, 27.722477346171502 ], [ 77.304843484066495, 27.721670713456501 ], [ 77.304185468120906, 27.720929182615301 ], [ 77.304340988954493, 27.719991824751101 ], [ 77.304902436007097, 27.719789044258999 ], [ 77.305094450899006, 27.7197194626307 ], [ 77.304482192888202, 27.7183800076319 ], [ 77.305182598086304, 27.718368079201799 ], [ 77.305226671679904, 27.716275116534899 ], [ 77.305516659082599, 27.7147904853237 ], [ 77.305804119973502, 27.7145777544556 ], [ 77.306018312024094, 27.710887702537999 ], [ 77.309255615729199, 27.7079520736973 ], [ 77.310047817520399, 27.707302904334199 ], [ 77.310361104975698, 27.707046416752501 ], [ 77.311323986670899, 27.706804840688001 ], [ 77.312912601106106, 27.708672319105801 ], [ 77.315841670379399, 27.708424781882702 ], [ 77.319074763231697, 27.708119087548798 ], [ 77.320777070695101, 27.707613571624702 ], [ 77.322098717056804, 27.707419218271401 ], [ 77.322104331527399, 27.707339687387599 ], [ 77.322893726083294, 27.706637824824501 ], [ 77.324237830327107, 27.7075027256369 ], [ 77.325954454690404, 27.706983785972302 ], [ 77.326396594244301, 27.707466439706199 ], [ 77.326954391890993, 27.707072761435001 ], [ 77.327960224285704, 27.707440095118699 ], [ 77.328257791223606, 27.7070772350597 ], [ 77.328832432281899, 27.7081802264841 ], [ 77.330416274417203, 27.707716464436299 ], [ 77.331662125426902, 27.709576471379201 ], [ 77.334405075002195, 27.7075832505361 ], [ 77.335995654502199, 27.7063773590986 ], [ 77.337262559776306, 27.705720227156501 ], [ 77.339729838848896, 27.7047777677803 ], [ 77.341248553126107, 27.703706058302402 ], [ 77.342550548841004, 27.703299939298301 ], [ 77.341998646388305, 27.702567231176101 ], [ 77.342444716071597, 27.702382810649802 ], [ 77.342633362281205, 27.7023047673683 ], [ 77.341778839867203, 27.7013394120989 ], [ 77.339684642361107, 27.698474115789502 ], [ 77.340239071325499, 27.697934751634602 ], [ 77.342664522592699, 27.695390507634801 ], [ 77.342879556813799, 27.695217011696901 ], [ 77.342012121117605, 27.693938402755499 ], [ 77.341842844831206, 27.692072660737999 ], [ 77.342488508941699, 27.692033386849001 ], [ 77.341855196666401, 27.6911106949612 ], [ 77.343046868035501, 27.6879001039011 ], [ 77.342882644772601, 27.6847411242432 ], [ 77.343152139357798, 27.6845636340061 ], [ 77.344762650228105, 27.683502166762601 ], [ 77.345298270716299, 27.682860806847199 ], [ 77.345648613677099, 27.681477147008 ], [ 77.345696055952999, 27.680920297282199 ], [ 77.344998177266703, 27.679975137811098 ], [ 77.344545931665806, 27.6793635889242 ], [ 77.342428434107006, 27.677478704108399 ], [ 77.342454541395, 27.676604118439901 ], [ 77.343245339568597, 27.675981114827501 ], [ 77.347364395869803, 27.6732891812829 ], [ 77.347302355970498, 27.672384231208898 ], [ 77.346552543431699, 27.670039281747801 ], [ 77.346650796665898, 27.6697598336089 ], [ 77.346565456713904, 27.668913529013601 ], [ 77.345901264850795, 27.666394963344001 ], [ 77.345207877740805, 27.6635585861405 ], [ 77.345212369317196, 27.663068776523101 ], [ 77.345221071746593, 27.663043415762399 ], [ 77.345415613150294, 27.662482493902299 ], [ 77.345754727170004, 27.6616291710843 ], [ 77.347451981610007, 27.659534125912099 ], [ 77.349412273994005, 27.656864662926701 ], [ 77.350079273092504, 27.656032182933 ], [ 77.352526340071094, 27.652467465738098 ], [ 77.354089689388999, 27.650732309530401 ], [ 77.352846926338202, 27.649018511141399 ], [ 77.350162367256303, 27.645646536900301 ], [ 77.351085105487201, 27.644597622830901 ], [ 77.349584918962705, 27.6424773831674 ], [ 77.349381394406095, 27.6421894093749 ], [ 77.348527152715604, 27.640632149360901 ], [ 77.347277090853098, 27.639561302641098 ], [ 77.3458263116692, 27.637603610573102 ], [ 77.344449362772806, 27.635772221599598 ], [ 77.343814646879906, 27.634927643517202 ], [ 77.341453481300206, 27.6329052056691 ], [ 77.340026002169097, 27.631143873593899 ], [ 77.337345934663603, 27.627837506653702 ], [ 77.336631774012702, 27.627142097375099 ], [ 77.335514494378103, 27.626053708320502 ], [ 77.334927782208197, 27.626461109329799 ], [ 77.332428500653606, 27.624410160648999 ], [ 77.329181371625097, 27.621126970971002 ], [ 77.326231248087296, 27.617798910056202 ], [ 77.3246431950991, 27.615864708004398 ], [ 77.323473981612096, 27.614440898555799 ], [ 77.320479503757198, 27.6111136294722 ], [ 77.319920863939899, 27.610214135069398 ], [ 77.318785337276097, 27.607533518347601 ], [ 77.318476260673606, 27.606823054368299 ], [ 77.318325512140007, 27.606476776137001 ], [ 77.321163346267298, 27.604118472870301 ], [ 77.324845877485103, 27.600573459497099 ], [ 77.330793286113007, 27.596032192028499 ], [ 77.334477782395496, 27.592390882094701 ], [ 77.335680401982202, 27.591202130923801 ], [ 77.336137981329998, 27.5913170756141 ], [ 77.336855229939701, 27.591808699163501 ], [ 77.337858816546103, 27.592824780525 ], [ 77.339977156275495, 27.593782635085201 ], [ 77.340847118483495, 27.593410441164501 ], [ 77.342080617657999, 27.594740481276201 ], [ 77.345141626988607, 27.596993501553499 ], [ 77.347067109655399, 27.596576537070199 ], [ 77.347817764364706, 27.596193406015502 ], [ 77.349144744473506, 27.5952699053976 ], [ 77.353496801301503, 27.593527373882701 ], [ 77.356168166377699, 27.592157511701199 ], [ 77.357963674051803, 27.590537340220799 ], [ 77.358399637688095, 27.590075069459299 ], [ 77.358458308905099, 27.590012371660201 ], [ 77.359428489411997, 27.588745967962598 ], [ 77.359116886297798, 27.588026425200098 ], [ 77.357234915777596, 27.586575382695301 ], [ 77.353966171037499, 27.5843241388317 ], [ 77.351456221988897, 27.582916341498301 ], [ 77.352529708753494, 27.581184561773401 ], [ 77.3482009519781, 27.577325779533599 ], [ 77.348398581340604, 27.576533503087902 ], [ 77.347939317651594, 27.575829805517401 ], [ 77.347974408092398, 27.5753943468392 ], [ 77.3483042582358, 27.574918077483002 ], [ 77.346339754998795, 27.5723411108787 ], [ 77.345482706073099, 27.571722988220799 ], [ 77.3418130881374, 27.572496387520999 ], [ 77.340662121679699, 27.572674059563202 ], [ 77.340121167444494, 27.572287858902801 ], [ 77.339630181996995, 27.572177373412199 ], [ 77.3393604066883, 27.572024087051901 ], [ 77.338791660824, 27.570332946045699 ], [ 77.339532209486407, 27.5696481210848 ], [ 77.339423288758198, 27.5687010051032 ], [ 77.338843594676405, 27.568592009097902 ], [ 77.338369452640507, 27.5679489802334 ], [ 77.338066271232094, 27.5675373800584 ], [ 77.3380351109206, 27.566075116893 ], [ 77.338530307221006, 27.564287326880098 ], [ 77.338476689027502, 27.5638528178375 ], [ 77.338024443426704, 27.563465092966901 ], [ 77.337840008069904, 27.5631520252877 ], [ 77.338048585649901, 27.562515932722 ], [ 77.338520201174106, 27.561717078855999 ], [ 77.338638947225704, 27.561042652530698 ], [ 77.338535921691502, 27.560372203951399 ], [ 77.337615429248899, 27.558845138748701 ], [ 77.3374663650564, 27.558096530577899 ], [ 77.337624693125207, 27.557184157468399 ], [ 77.338177718471997, 27.555793931164501 ], [ 77.339121230243904, 27.553652062205899 ], [ 77.339406164623, 27.553004963668698 ], [ 77.339557755327206, 27.551776461493098 ], [ 77.33952294561, 27.5501362801574 ], [ 77.339522664886402, 27.550116368852599 ], [ 77.340520917745906, 27.5490316950699 ], [ 77.3433228192618, 27.547165473575198 ], [ 77.344344652897504, 27.5471873765987 ], [ 77.347521881768003, 27.546263961249899 ], [ 77.349718262637694, 27.5451593372206 ], [ 77.350720726350104, 27.544272244897599 ], [ 77.350436634141403, 27.543446376414 ], [ 77.348337102888394, 27.540753673483302 ], [ 77.348093996314603, 27.539768971036999 ], [ 77.347316111423197, 27.5386747362279 ], [ 77.3464660805856, 27.538373048099398 ], [ 77.343487603971695, 27.538185861649499 ], [ 77.342608377887402, 27.538596078346799 ], [ 77.341863056925106, 27.5390436309821 ], [ 77.341249956743695, 27.5388987615299 ], [ 77.341238166355595, 27.5388962723624 ], [ 77.340975409134998, 27.538202290260301 ], [ 77.340347430606698, 27.536543486014001 ], [ 77.340623662556595, 27.5349175149342 ], [ 77.340164118144003, 27.5326418120145 ], [ 77.339978840616695, 27.5317252445417 ], [ 77.339912028417402, 27.5306588104099 ], [ 77.340748584525798, 27.5303282236857 ], [ 77.3410632755987, 27.528424841322298 ], [ 77.340930212647294, 27.5263312320251 ], [ 77.342201890221304, 27.525597836984701 ], [ 77.345484951861295, 27.5234070826804 ], [ 77.346977558850497, 27.5226303502183 ], [ 77.351159497221602, 27.5209782817746 ], [ 77.352853382979305, 27.5201791258356 ], [ 77.3543384104333, 27.5190468538331 ], [ 77.355312801793104, 27.518127185451998 ], [ 77.356557529908599, 27.516953065968799 ], [ 77.357895458234907, 27.5172463480489 ], [ 77.359034072857497, 27.516515382089199 ], [ 77.361341339520095, 27.516476045227499 ], [ 77.363244364304805, 27.516206662036701 ], [ 77.366864294176295, 27.515275019334901 ], [ 77.3675324161688, 27.515382076487001 ], [ 77.368905154212399, 27.515240163495399 ], [ 77.370754280080007, 27.5145365711168 ], [ 77.374031165802407, 27.512108072260801 ], [ 77.374775363870597, 27.511620573410799 ], [ 77.374851439946198, 27.511661903836298 ], [ 77.379356491096004, 27.514112820103001 ], [ 77.381045885277203, 27.514241787975699 ], [ 77.381815348462794, 27.514940402819999 ], [ 77.383718653971002, 27.515480170623398 ], [ 77.388015688987906, 27.513033766378399 ], [ 77.390670210652502, 27.5105758546059 ], [ 77.392707702006305, 27.508326040385899 ], [ 77.392529161843598, 27.507078613605799 ], [ 77.392175730923995, 27.504607123093901 ], [ 77.392132218777405, 27.5043028515346 ], [ 77.395772641466294, 27.502302406930902 ], [ 77.3977946930261, 27.501397538665099 ], [ 77.399646064682003, 27.5008118852328 ], [ 77.400956201379202, 27.500053419566299 ], [ 77.401234117670199, 27.500054913594401 ], [ 77.401232152605502, 27.500053419566299 ], [ 77.401345284186604, 27.4979244088927 ], [ 77.402972638468498, 27.496491100853198 ], [ 77.401852832322106, 27.4952126619872 ], [ 77.403682026819396, 27.493775832375199 ], [ 77.401135302988905, 27.491981885684901 ], [ 77.402684896854097, 27.490693931473299 ], [ 77.402622295507697, 27.490627192522702 ], [ 77.4007804684517, 27.4886723209891 ], [ 77.402516462738305, 27.488534358043701 ], [ 77.402607417160795, 27.487127325354699 ], [ 77.402129064272003, 27.485585794568198 ], [ 77.401119863195007, 27.4856754479998 ], [ 77.401095440248199, 27.482684470513298 ], [ 77.401236363458395, 27.4816399751444 ], [ 77.401432027756201, 27.479474246941301 ], [ 77.401830655163593, 27.479215233358001 ], [ 77.402048496619997, 27.479219218187001 ], [ 77.402842102028799, 27.479233663190801 ], [ 77.403613530279003, 27.475652738593698 ], [ 77.408136267011002, 27.475358349435499 ], [ 77.408870359032306, 27.475633810042002 ], [ 77.410439042097195, 27.475246272138101 ], [ 77.413165709707997, 27.474189751211899 ], [ 77.413265085836301, 27.4731790482093 ], [ 77.414828154430694, 27.472539446250899 ], [ 77.415957505176905, 27.472411425786898 ], [ 77.416129869422093, 27.471039056994702 ], [ 77.418593218365203, 27.4708881202912 ], [ 77.420368513945505, 27.469828568702098 ], [ 77.420788476340803, 27.4685069792646 ], [ 77.420897958516093, 27.468161759360299 ], [ 77.420467890073795, 27.4669796345277 ], [ 77.421628120407902, 27.466419204291899 ], [ 77.421805818400102, 27.4652988334383 ], [ 77.422241782036394, 27.4648948196342 ], [ 77.422469729539699, 27.4623680807257 ], [ 77.423013491010195, 27.461349796543601 ], [ 77.423168731120199, 27.4610583582927 ], [ 77.423519074081, 27.4622779101479 ], [ 77.424980801482405, 27.464414584283698 ], [ 77.4267283054335, 27.4666543362579 ], [ 77.428324499403999, 27.4638516501408 ], [ 77.429423812732907, 27.4623551280506 ], [ 77.430970880086306, 27.4609945905042 ], [ 77.434401040853999, 27.4606822274453 ], [ 77.435599168864201, 27.4600126615431 ], [ 77.436728519610398, 27.4580467845878 ], [ 77.437944894649803, 27.457352790763601 ], [ 77.437693647093795, 27.456960704741 ], [ 77.439286472381994, 27.455851696574602 ], [ 77.438817383369596, 27.4547426772546 ], [ 77.438123996259606, 27.452628733976699 ], [ 77.439095299660593, 27.4508455766195 ], [ 77.439791774729301, 27.449428097913199 ], [ 77.439647763560302, 27.4483852803316 ], [ 77.4388575268338, 27.447390284657001 ], [ 77.437245893069402, 27.4457968777972 ], [ 77.436630266376298, 27.445374855302202 ], [ 77.435915544278302, 27.445964291232201 ], [ 77.432194273213895, 27.445885068834802 ], [ 77.431596612826397, 27.444864639410099 ], [ 77.431138752755004, 27.444259751496499 ], [ 77.429312084769506, 27.444347943762899 ], [ 77.427625217100001, 27.4444291603075 ], [ 77.426922004666693, 27.441846644220899 ], [ 77.427163707622796, 27.439968639227999 ], [ 77.4270702266885, 27.439393621490801 ], [ 77.427676028058301, 27.437509096952301 ], [ 77.426774344091797, 27.435307620605499 ], [ 77.425173377821395, 27.4323446770528 ], [ 77.425020664223098, 27.4309055328191 ], [ 77.4245583125753, 27.4282469535292 ], [ 77.424618668133505, 27.427309085165099 ], [ 77.424544557122502, 27.427038985572 ], [ 77.424047676480996, 27.425228503897799 ], [ 77.423188662490602, 27.422901196481899 ], [ 77.422261994130295, 27.421187329960301 ], [ 77.427922222590794, 27.417455005777999 ], [ 77.432482295551793, 27.4152850266487 ], [ 77.437061176989104, 27.412141621153399 ], [ 77.436307153597497, 27.410929489733402 ], [ 77.437065949289007, 27.410519794280901 ], [ 77.437482543002005, 27.4092513236663 ], [ 77.439960489568605, 27.4079828384892 ], [ 77.438817383369596, 27.403786017537801 ], [ 77.439606777925505, 27.4023350367811 ], [ 77.439114950307399, 27.400181209885101 ], [ 77.439149198577596, 27.400157283777901 ], [ 77.440269004724001, 27.399368217797001 ], [ 77.440128923684398, 27.391154219889501 ], [ 77.442124025785702, 27.3900021775789 ], [ 77.443261236790704, 27.389605365765199 ], [ 77.445171560387095, 27.388939356807001 ], [ 77.450240865824796, 27.387949807647001 ], [ 77.451559424227696, 27.3872778064942 ], [ 77.451696136584999, 27.3872623524137 ], [ 77.453816441379104, 27.387022066110401 ], [ 77.457955990497695, 27.3860120602968 ], [ 77.458680537919093, 27.3866297302981 ], [ 77.462535714105599, 27.385552918375399 ], [ 77.463941296801707, 27.385167556746602 ], [ 77.466313129875303, 27.384621168487499 ], [ 77.468882030864293, 27.3838549242017 ], [ 77.471484618676598, 27.382799522438201 ], [ 77.471849278537206, 27.381027202539499 ], [ 77.472769770979895, 27.378812635210402 ], [ 77.473965372478304, 27.378070780141599 ], [ 77.473939545913893, 27.376918102988402 ], [ 77.474789296028007, 27.3769749394271 ], [ 77.476142944871796, 27.3778878084022 ], [ 77.476726288359401, 27.378207385548102 ], [ 77.478883367935396, 27.379388965419199 ], [ 77.480114340598107, 27.380232017435802 ], [ 77.481949430289504, 27.380992304253599 ], [ 77.4857057917948, 27.383296564579901 ], [ 77.490287480467302, 27.3822057610444 ], [ 77.494264771387705, 27.381197705435099 ], [ 77.496635200843698, 27.380614903515799 ], [ 77.496574003115001, 27.381480879254099 ], [ 77.499168449944904, 27.3800650029103 ], [ 77.499853976796103, 27.3800166434334 ], [ 77.499991812047497, 27.3799792520709 ], [ 77.499994338559205, 27.379748920998701 ], [ 77.500650950887206, 27.3793939509615 ], [ 77.500997644442194, 27.3791785753276 ], [ 77.501179553287201, 27.3790858440228 ], [ 77.501396552573098, 27.379052440791799 ], [ 77.501630395270496, 27.379032997115299 ], [ 77.501814549903699, 27.379030005780201 ], [ 77.502132328935502, 27.3790240231097 ], [ 77.502314237780496, 27.3789312916753 ], [ 77.502561555207095, 27.378762779514901 ], [ 77.502808872633807, 27.3785937685401 ], [ 77.503072472024996, 27.378409800548301 ], [ 77.503469415091104, 27.3781939244389 ], [ 77.503900044980497, 27.377992007604298 ], [ 77.504230175847397, 27.377792084646899 ], [ 77.504493775238601, 27.377608115322101 ], [ 77.504691123877606, 27.3774405982725 ], [ 77.504919913551504, 27.377197299248699 ], [ 77.505132982707906, 27.376999369115399 ], [ 77.505314891552999, 27.376906635984099 ], [ 77.5056312669671, 27.376826366920501 ], [ 77.506131516290907, 27.376742607835599 ], [ 77.5065994824093, 27.376719175223101 ], [ 77.506967510952194, 27.3767126938613 ], [ 77.507285851431007, 27.376722166620699 ], [ 77.507688128244197, 27.376744602100199 ], [ 77.507989906034993, 27.376769031839501 ], [ 77.508240592143906, 27.3767495877618 ], [ 77.508473592670796, 27.376700728269402 ], [ 77.508636973763103, 27.376518751398599 ], [ 77.508699294385906, 27.376308355849002 ], [ 77.508727928185607, 27.376098957037499 ], [ 77.508773966843904, 27.375918973456599 ], [ 77.508802881367103, 27.3757095739082 ], [ 77.508799231961206, 27.375545045413599 ], [ 77.508828707931499, 27.375380516674301 ], [ 77.508874185142801, 27.375170617533598 ], [ 77.5089064683483, 27.375110290153501 ], [ 77.5092517582856, 27.374835575799999 ], [ 77.509910054954801, 27.374345974299398 ], [ 77.510206779722097, 27.374146543331999 ], [ 77.510404689808098, 27.374008437176499 ], [ 77.5105686323474, 27.373856370632499 ], [ 77.510680921757995, 27.373644972860301 ], [ 77.510693554316603, 27.373465982449801 ], [ 77.510653410852399, 27.3731678306495 ], [ 77.5104976092953, 27.372932000980999 ], [ 77.510349948720503, 27.372699162316401 ], [ 77.510228114710003, 27.3724922496015 ], [ 77.510139967522804, 27.372299795500201 ], [ 77.510053785400203, 27.372182129097201 ], [ 77.509967041830606, 27.372049006363302 ], [ 77.509862612678802, 27.371872007723901 ], [ 77.509809275208795, 27.371738386028198 ], [ 77.509803660738299, 27.371484604079999 ], [ 77.5099473911838, 27.371183455394299 ], [ 77.510142494034497, 27.370926182026999 ], [ 77.510967821201803, 27.3696722150958 ], [ 77.511199418111005, 27.369563520672699 ], [ 77.5116011334771, 27.369556540293299 ], [ 77.512205811952796, 27.3696497781823 ], [ 77.512777645775799, 27.3697739290463 ], [ 77.513247576958804, 27.369840242502899 ], [ 77.513650415219004, 27.369892595203801 ], [ 77.514036129344106, 27.3699304885718 ], [ 77.514403877163602, 27.369909048904599 ], [ 77.514819628705993, 27.369781906607098 ], [ 77.515050944891698, 27.369658254350199 ], [ 77.516235036725504, 27.368726370599202 ], [ 77.516398979264906, 27.368574296797298 ], [ 77.516476739681707, 27.368319011781299 ], [ 77.516414138335307, 27.3677675542489 ], [ 77.516580607386402, 27.367734646208 ], [ 77.517750943767496, 27.367683788307399 ], [ 77.517174337644505, 27.366604298924798 ], [ 77.516969128746794, 27.365610561055401 ], [ 77.516593801392105, 27.3638105414982 ], [ 77.5165876254746, 27.36354228123 ], [ 77.516989060117197, 27.362788356698299 ], [ 77.517164231597604, 27.362396932214999 ], [ 77.517359615171898, 27.362154597382698 ], [ 77.517640619421698, 27.3620005200221 ], [ 77.518756776162206, 27.3617861078042 ], [ 77.520089090017905, 27.3614934095249 ], [ 77.521247636010898, 27.360919977944299 ], [ 77.521575240366104, 27.360608329100501 ], [ 77.521935689373905, 27.360265763679401 ], [ 77.5223239300107, 27.359676369164202 ], [ 77.522599319790004, 27.359138332007198 ], [ 77.522664447648097, 27.358861583424499 ], [ 77.522684098295002, 27.3586920434105 ], [ 77.522679045271502, 27.358458676143201 ], [ 77.522721995970997, 27.358267194941099 ], [ 77.522957242285997, 27.358156993369999 ], [ 77.523287373152897, 27.358044797087601 ], [ 77.523639400454897, 27.357847830005898 ], [ 77.523897385375605, 27.357694743956099 ], [ 77.524153405231502, 27.357456886709699 ], [ 77.524292363377, 27.357305794734302 ], [ 77.524499537339494, 27.357005604785499 ], [ 77.524634846079095, 27.356684969107398 ], [ 77.524654216002403, 27.3564939834956 ], [ 77.524650005149496, 27.356302997554501 ], [ 77.524644109955503, 27.3560486815602 ], [ 77.524781383759802, 27.3558133140804 ], [ 77.527646167345594, 27.354166725051101 ], [ 77.530740021328796, 27.352287229943698 ], [ 77.532023208567495, 27.351246487571899 ], [ 77.532561917014405, 27.350897410317099 ], [ 77.533664599025698, 27.350284029047302 ], [ 77.534370899417794, 27.3499957885459 ], [ 77.534816969101101, 27.349754423950301 ], [ 77.535860418448294, 27.349671641757201 ], [ 77.536548752534799, 27.349638229649699 ], [ 77.537189925068802, 27.3496262611311 ], [ 77.537784778220995, 27.349658177177801 ], [ 77.5383563313205, 27.349711038109799 ], [ 77.538761976816005, 27.349788833398001 ], [ 77.539190080193606, 27.349801799274001 ], [ 77.5394497494554, 27.349733479064 ], [ 77.539636992047406, 27.349603321466901 ], [ 77.541006642132203, 27.348200003408301 ], [ 77.541171988289193, 27.348154622179301 ], [ 77.5424186814694, 27.348640848665202 ], [ 77.544097127433105, 27.349310092296999 ], [ 77.545266340920094, 27.349784345209699 ], [ 77.545457794365007, 27.349844187704299 ], [ 77.545769958926201, 27.349987310872699 ], [ 77.545922672524497, 27.3493908800029 ], [ 77.546427694148306, 27.3496571798015 ], [ 77.546675292298502, 27.3490587523907 ], [ 77.547071393194102, 27.346635088318202 ], [ 77.547278286432999, 27.345295567275901 ], [ 77.547668492134505, 27.343656302623799 ], [ 77.547960725325396, 27.3429301709504 ], [ 77.548817212804096, 27.3419392129735 ], [ 77.548057294218395, 27.3409143326685 ], [ 77.548834898386204, 27.340503380433798 ], [ 77.549091760412793, 27.340307878350199 ], [ 77.549252334269795, 27.340050533245101 ], [ 77.549267774063793, 27.339689949854002 ], [ 77.549020456637095, 27.3392705145856 ], [ 77.548846969497902, 27.338955313671999 ], [ 77.548672920911599, 27.338619663612398 ], [ 77.548667587164601, 27.338386254056299 ], [ 77.548757418693, 27.338151347788902 ], [ 77.548941573326204, 27.337893997675899 ], [ 77.549057792866094, 27.337785770802601 ], [ 77.549100462842105, 27.337572807936901 ], [ 77.549070425424802, 27.337298000449302 ], [ 77.549017649401804, 27.337065585599401 ], [ 77.548941573326204, 27.336855115078802 ], [ 77.548916308208902, 27.336791774346199 ], [ 77.548961223973095, 27.336685042636301 ], [ 77.549170643723699, 27.3364905313117 ], [ 77.549877786286402, 27.3362441498106 ], [ 77.550799682346707, 27.336036670226999 ], [ 77.551415028316399, 27.335940910288102 ], [ 77.5517229820247, 27.335892531537599 ], [ 77.5524068245347, 27.335668093758802 ], [ 77.552735832507494, 27.3355139795542 ], [ 77.553066805545001, 27.335444154277699 ], [ 77.5535170860812, 27.335393281548502 ], [ 77.553873324236093, 27.335386797767601 ], [ 77.554566430622501, 27.335194279177799 ], [ 77.554770235902595, 27.335137421292 ], [ 77.555619424569599, 27.334867595313401 ], [ 77.556492194012804, 27.334597269922 ], [ 77.557598525429896, 27.334152877486101 ], [ 77.5581616568236, 27.333845642167699 ], [ 77.5583241957453, 27.333673071307 ], [ 77.558510596166798, 27.333521448132501 ], [ 77.558673977259105, 27.3333912714916 ], [ 77.558791600416598, 27.333346382959199 ], [ 77.558875536751003, 27.333896016848101 ], [ 77.558900801868305, 27.3339593592355 ], [ 77.559390383698201, 27.333547383690199 ], [ 77.560284488129398, 27.333170818747099 ], [ 77.560921169086996, 27.332968321043499 ], [ 77.561430682287195, 27.3334251872595 ], [ 77.562887918112196, 27.3327413835224 ], [ 77.564297150214102, 27.332037126103 ], [ 77.567238009875496, 27.330932350669801 ], [ 77.567645620435698, 27.331094451591898 ], [ 77.568958283644605, 27.330328335608598 ], [ 77.571665019885103, 27.329240002889399 ], [ 77.5722323621317, 27.329123288297101 ], [ 77.572734576520205, 27.329262447989201 ], [ 77.573020914517102, 27.3293208052274 ], [ 77.573327183884203, 27.329209078522201 ], [ 77.573538007252495, 27.3290778992558 ], [ 77.574083733787603, 27.329046974843401 ], [ 77.574512117888702, 27.3290813907212 ], [ 77.574845617437902, 27.329117801710701 ], [ 77.575198767634006, 27.328984128430299 ], [ 77.575477526095597, 27.328703314260601 ], [ 77.575754880939598, 27.328380102754899 ], [ 77.575963739243093, 27.328164129109499 ], [ 77.576173720440806, 27.327990551833199 ], [ 77.576384263085501, 27.3278598699114 ], [ 77.576597051518405, 27.327813482779899 ], [ 77.576905847397398, 27.327807497342199 ], [ 77.577190781776494, 27.327802509477198 ], [ 77.577428554603301, 27.327818969430901 ], [ 77.577689908206295, 27.327814480352799 ], [ 77.578045023466998, 27.3277655992691 ], [ 77.578891966345793, 27.327410462584801 ], [ 77.578554536667198, 27.326703178552499 ], [ 77.578088254890105, 27.3250367037671 ], [ 77.578646613983807, 27.3245179516408 ], [ 77.578753569647404, 27.3240071779455 ], [ 77.578469196715204, 27.3230160507918 ], [ 77.578990219580007, 27.322942725985101 ], [ 77.579440780839704, 27.322913296287201 ], [ 77.5798152660238, 27.3226733691363 ], [ 77.580183294566794, 27.322157598826202 ], [ 77.581538908475196, 27.322217456238601 ], [ 77.581775277684301, 27.322170567934901 ], [ 77.582572813222498, 27.3217316126414 ], [ 77.583630018022504, 27.3212248166416 ], [ 77.585111957517796, 27.3206037888583 ], [ 77.585280110910006, 27.320685595126601 ], [ 77.585405313602706, 27.320958448524301 ], [ 77.585506654795694, 27.321232298882801 ], [ 77.585533884977806, 27.321380447155601 ], [ 77.585560553712796, 27.3215071461949 ], [ 77.585658526223497, 27.321632348646599 ], [ 77.585828083233395, 27.321777503503402 ], [ 77.586595862077701, 27.322102729503101 ], [ 77.5871696609655, 27.3222613516538 ], [ 77.587409960304001, 27.322384059199699 ], [ 77.587848169728503, 27.322842465456699 ], [ 77.588416634869205, 27.323785708932299 ], [ 77.589354812894101, 27.325316030829999 ], [ 77.590240214895999, 27.326613894845501 ], [ 77.590906933270901, 27.327703749703598 ], [ 77.591682853097595, 27.328896342904901 ], [ 77.592497793494402, 27.3301487764091 ], [ 77.592734162703493, 27.330101891459201 ], [ 77.592968286124503, 27.329949265846501 ], [ 77.593226551768694, 27.329817089900999 ], [ 77.593554998294394, 27.329641520099599 ], [ 77.593768628897905, 27.329637529873601 ], [ 77.594363762773597, 27.329690400356299 ], [ 77.595559644995603, 27.330028571338101 ], [ 77.596759738070503, 27.330557273166001 ], [ 77.597817223594006, 27.331088466331298 ], [ 77.598250099271596, 27.331313910924099 ], [ 77.598633006161407, 27.3314341146014 ], [ 77.598919624881802, 27.331491971926599 ], [ 77.5994903358107, 27.3315238931966 ], [ 77.599894577688502, 27.3315378587493 ], [ 77.600252219460998, 27.331594718481501 ], [ 77.600562980404604, 27.3316735240269 ], [ 77.600851283466099, 27.331816670665599 ], [ 77.601238401208903, 27.332105955991398 ], [ 77.601950596795106, 27.333110468485 ], [ 77.602148506881093, 27.333446135228598 ], [ 77.602321151849793, 27.333718458466901 ], [ 77.602444389477796, 27.3339069895477 ], [ 77.602611700699498, 27.333945892746701 ], [ 77.602938182160599, 27.333685540308799 ], [ 77.603216098451597, 27.333383790070801 ], [ 77.603515911177695, 27.3329962517833 ], [ 77.603792423851004, 27.332630657793899 ], [ 77.604238774257794, 27.3324107023026 ], [ 77.604965848190901, 27.332015679100099 ], [ 77.6052468524407, 27.331840611548799 ], [ 77.605645760571605, 27.331621153259299 ], [ 77.605740083676395, 27.3315982098676 ], [ 77.605932098568402, 27.331679509255999 ], [ 77.606007893920506, 27.331869041340902 ], [ 77.606318093417102, 27.3319263996712 ], [ 77.607006988950602, 27.331934878726202 ], [ 77.607672584431398, 27.331943856548399 ], [ 77.608267156860094, 27.331975278920499 ], [ 77.608860887118198, 27.3319638072619 ], [ 77.609900687059493, 27.331732378764901 ], [ 77.611056706540793, 27.3313927166692 ], [ 77.611475826765499, 27.331245579314899 ], [ 77.611754023780094, 27.331960814655101 ], [ 77.612580754565002, 27.3317548233601 ], [ 77.613904085267905, 27.331454564176699 ], [ 77.613727510169895, 27.332030143358399 ], [ 77.613441733620107, 27.333010715913598 ], [ 77.613042544765705, 27.334226194879299 ], [ 77.613034684506999, 27.334905001911501 ], [ 77.613071740012501, 27.3354765731615 ], [ 77.613101496706307, 27.335730437631799 ], [ 77.6131784149525, 27.3359618577818 ], [ 77.613298564621701, 27.336023203990599 ], [ 77.613582376106805, 27.335975822775399 ], [ 77.613911945526695, 27.335842157764599 ], [ 77.614219057064403, 27.3357728314454 ], [ 77.614338364563096, 27.335791783968599 ], [ 77.614371209215705, 27.3361728287475 ], [ 77.615341670446, 27.336027692736199 ], [ 77.615706330306693, 27.3363813055721 ], [ 77.616120958954994, 27.3368396539584 ], [ 77.616584714220394, 27.337360842149 ], [ 77.616905300487403, 27.337863574464102 ], [ 77.617163846855206, 27.3387493353755 ], [ 77.617267714559901, 27.3401462896331 ], [ 77.618397907476705, 27.339701420712998 ], [ 77.619709728515105, 27.338913419812201 ], [ 77.621531624200699, 27.337586273985 ], [ 77.623560132401593, 27.335958366533099 ], [ 77.623840575204397, 27.3357618589305 ], [ 77.623947811591407, 27.335272583411399 ], [ 77.623615996383407, 27.333286032792699 ], [ 77.623249652181599, 27.3308550409158 ], [ 77.623193226752804, 27.3294569719972 ], [ 77.623311130633795, 27.328312268121799 ], [ 77.623206701482005, 27.327911244883701 ], [ 77.622611567606299, 27.326841343700401 ], [ 77.622193850999196, 27.3262557617116 ], [ 77.622472328737302, 27.325974940631699 ], [ 77.623155890523805, 27.325749983978302 ], [ 77.623216246081896, 27.325282611379201 ], [ 77.623227755746498, 27.324773337606299 ], [ 77.623246002775701, 27.324539898895299 ], [ 77.623050619201393, 27.324310450110801 ], [ 77.622904362244199, 27.324143850043701 ], [ 77.622943382814398, 27.323782716104802 ], [ 77.623258635334395, 27.323055955428099 ], [ 77.623470300873194, 27.321949594066801 ], [ 77.623623295195003, 27.320377823669499 ], [ 77.623642665118396, 27.319190625931199 ], [ 77.623726320729205, 27.317644256881 ], [ 77.623696564035399, 27.3153765425069 ], [ 77.623328254768893, 27.312839401046102 ], [ 77.622498155301699, 27.312897268072899 ], [ 77.622442572043497, 27.312559543706499 ], [ 77.621609665340998, 27.312490202830499 ], [ 77.621060570123603, 27.3123734706104 ], [ 77.620606078734497, 27.312233292012898 ], [ 77.620271175567595, 27.312133520661199 ], [ 77.619698499574, 27.3120172869234 ], [ 77.619719834562005, 27.3119110302239 ], [ 77.619811069708106, 27.3117608738694 ], [ 77.619927289247897, 27.311652621487799 ], [ 77.619779909396598, 27.3114435993092 ], [ 77.619313066172396, 27.310773628192798 ], [ 77.618918649617996, 27.310166510142999 ], [ 77.6184526485644, 27.309538935158699 ], [ 77.618267932484002, 27.3093334010854 ], [ 77.6181665912911, 27.3090600202232 ], [ 77.617970084822701, 27.308788135303601 ], [ 77.617873235206105, 27.308704823644501 ], [ 77.617756454219204, 27.308792126279801 ], [ 77.617664938349606, 27.308941787780402 ], [ 77.6175725803094, 27.309049543935899 ], [ 77.6174066727054, 27.309073988604801 ], [ 77.617190234866598, 27.308950767464001 ], [ 77.6170698044739, 27.308889406278201 ], [ 77.616900808910998, 27.308765686060301 ], [ 77.616709355466099, 27.3087053225169 ], [ 77.616471863362904, 27.308709812368299 ], [ 77.616400278863694, 27.308690356344002 ], [ 77.616202930224702, 27.3083755673734 ], [ 77.616102431202293, 27.308144588527501 ], [ 77.616025232232502, 27.307891658656601 ], [ 77.615926698274805, 27.3077449889999 ], [ 77.615901994604499, 27.307703083348201 ], [ 77.615803179923205, 27.307535460582699 ], [ 77.615725980953499, 27.307282529323501 ], [ 77.615697627877395, 27.307091957461399 ], [ 77.615694820642105, 27.306965241958299 ], [ 77.615595725237299, 27.306797119197402 ], [ 77.615403991068902, 27.306716300450201 ], [ 77.615019961284901, 27.306553665015102 ], [ 77.614184247347197, 27.306357105306098 ], [ 77.613968090231893, 27.306255333137202 ], [ 77.613607921947704, 27.3060926970265 ], [ 77.613415345608601, 27.305989926845999 ], [ 77.613199749940506, 27.3059096063959 ], [ 77.612532750842007, 27.305815815983099 ], [ 77.612104928187904, 27.305802844962301 ], [ 77.611867436084694, 27.305807334931199 ], [ 77.611748690033096, 27.305809330472901 ], [ 77.6115586402058, 27.305812822670799 ], [ 77.611439613430605, 27.305793865024 ], [ 77.611294760091099, 27.305690595680801 ], [ 77.611194822515699, 27.305480564497898 ], [ 77.611117623545994, 27.305227628555201 ], [ 77.6109898943415, 27.3048484730054 ], [ 77.610865253095895, 27.304596533403899 ], [ 77.610739208232602, 27.3042807350364 ], [ 77.610538210187698, 27.3038182609241 ], [ 77.610434903930098, 27.303459555296499 ], [ 77.6104043050657, 27.303163210690698 ], [ 77.610371460413106, 27.302782551391299 ], [ 77.610338335037, 27.302380438053 ], [ 77.610329913331199, 27.3020202310713 ], [ 77.610298191572795, 27.301681475793401 ], [ 77.610199376891501, 27.3015138439333 ], [ 77.609982658329201, 27.3013906143985 ], [ 77.609791766331298, 27.301351699780199 ], [ 77.609578135727801, 27.301355691023701 ], [ 77.609385840112296, 27.301253415362801 ], [ 77.609208142120195, 27.300768976683901 ], [ 77.6091483480091, 27.300240132869899 ], [ 77.608318809988901, 27.300319459602601 ], [ 77.606249035429599, 27.3001672919208 ], [ 77.604400471009001, 27.300328938893902 ], [ 77.604293796069001, 27.3003249476135 ], [ 77.604020090630897, 27.300314470501601 ], [ 77.603565599241804, 27.3001747755821 ], [ 77.603304526362393, 27.3001797646894 ], [ 77.602853403655601, 27.300188246171299 ], [ 77.602167034633894, 27.3002855337113 ], [ 77.601882942425206, 27.300333429084301 ], [ 77.601501719876495, 27.300277052236801 ], [ 77.601155026321607, 27.299668380025299 ], [ 77.600940272824005, 27.298931981970401 ], [ 77.600561576787001, 27.297964080078401 ], [ 77.600386966753703, 27.297606852299701 ], [ 77.600139368603493, 27.297166303051199 ], [ 77.600039431028094, 27.2969562557385 ], [ 77.600009112887307, 27.2966808486837 ], [ 77.600025956298893, 27.2963839870534 ], [ 77.600161545762006, 27.296084629983799 ], [ 77.600722431367601, 27.2955911879856 ], [ 77.601441364318404, 27.294958541244799 ], [ 77.602485094389095, 27.293879341363802 ], [ 77.603826672121301, 27.292349084809398 ], [ 77.604102061900505, 27.291940946306902 ], [ 77.604449878349598, 27.2915742191114 ], [ 77.605293452546107, 27.291092232955499 ], [ 77.605735030652994, 27.2906810961133 ], [ 77.606175766589203, 27.290227546544699 ], [ 77.606433190062802, 27.2900743671191 ], [ 77.606717282271404, 27.290026966276798 ], [ 77.606885154940201, 27.290108296130601 ], [ 77.607535591350597, 27.291516839916799 ], [ 77.609191860155704, 27.290235030876101 ], [ 77.609527886216597, 27.290398189173999 ], [ 77.609845103801305, 27.2907529453799 ], [ 77.610132283968696, 27.290853234903601 ], [ 77.610583968122498, 27.290866207671201 ], [ 77.611076918634694, 27.290623716457201 ], [ 77.611629943981498, 27.290338314597101 ], [ 77.611831503473297, 27.290286423270999 ], [ 77.612196163334005, 27.2902674629728 ], [ 77.612856986514899, 27.290207089369801 ], [ 77.613140517276406, 27.2901896259248 ], [ 77.613502089178297, 27.290037943315799 ], [ 77.614621053154096, 27.289341398148402 ], [ 77.614832718692895, 27.2891443090022 ], [ 77.614857703086699, 27.2890470116998 ], [ 77.614510167361203, 27.288643351724701 ], [ 77.614548345760696, 27.288546053983399 ], [ 77.615610042137206, 27.2876938219195 ], [ 77.615896941580999, 27.287505212300299 ], [ 77.617806423006797, 27.286252796386901 ], [ 77.617845443576996, 27.286179447288099 ], [ 77.617799404918699, 27.285951416106901 ], [ 77.617401058234904, 27.2851016590268 ], [ 77.617245256677805, 27.2847199398432 ], [ 77.6173067351301, 27.284452985124801 ], [ 77.6174066727054, 27.283534356602999 ], [ 77.617120053985104, 27.282260439296898 ], [ 77.616640578202194, 27.2808333152126 ], [ 77.616062568461501, 27.279239505318301 ], [ 77.615928382616005, 27.2787125550017 ], [ 77.615901152433906, 27.2785633517591 ], [ 77.617433902887498, 27.277659644894801 ], [ 77.618047564515905, 27.277306842925899 ], [ 77.618777445684302, 27.2768232978135 ], [ 77.618986023264299, 27.2765418526307 ], [ 77.620739983856495, 27.2758901346306 ], [ 77.622893414026706, 27.2749315133827 ], [ 77.622758386010503, 27.274272300532001 ], [ 77.622532684295393, 27.2738281655209 ], [ 77.622286209039302, 27.273512778682399 ], [ 77.621627912370201, 27.272970331187999 ], [ 77.621285148944594, 27.272634980538701 ], [ 77.621015935082895, 27.272362507391001 ], [ 77.620266964714801, 27.271010611509901 ], [ 77.619491044888093, 27.269530443821299 ], [ 77.618154239455905, 27.270644314261201 ], [ 77.617692168531605, 27.270155749703299 ], [ 77.616389049922603, 27.268777377239999 ], [ 77.615915750057297, 27.268297288393299 ], [ 77.615598532472603, 27.2680258027222 ], [ 77.615403429621793, 27.267858619120702 ], [ 77.6152316268237, 27.267669476772799 ], [ 77.615082281907704, 27.2674164547118 ], [ 77.614930129756502, 27.267056134333199 ], [ 77.614701059359007, 27.266462750997999 ], [ 77.614566312066401, 27.265803487918099 ], [ 77.614511570978806, 27.2655055456372 ], [ 77.6144834986262, 27.265335363841999 ], [ 77.614479007049795, 27.265143222792499 ], [ 77.614760292023107, 27.264903170780801 ], [ 77.615306860728793, 27.264764928534799 ], [ 77.615709137541998, 27.264586760476799 ], [ 77.615895818686894, 27.2643911246332 ], [ 77.615866904163695, 27.264178020911899 ], [ 77.615765562970694, 27.263923992757199 ], [ 77.615640079554495, 27.263669964022199 ], [ 77.615633903636905, 27.2634139384033 ], [ 77.615982281532993, 27.262980739717101 ], [ 77.616634683008101, 27.2622426012014 ], [ 77.617257889236498, 27.261291847616601 ], [ 77.617539454933294, 27.260048119893099 ], [ 77.617597564703303, 27.259157238956099 ], [ 77.617627321397094, 27.258701564323001 ], [ 77.617659323879096, 27.2580177993223 ], [ 77.617759542178007, 27.257745290347401 ], [ 77.617945661875893, 27.257528181070899 ], [ 77.622220800457697, 27.2553136422401 ], [ 77.622410288837997, 27.255245762958701 ], [ 77.622676695464406, 27.255390505493999 ], [ 77.622723295569799, 27.255428437989298 ], [ 77.625528565767993, 27.2577278218006 ], [ 77.625822483299999, 27.258021293022701 ], [ 77.62618630099, 27.258249381515899 ], [ 77.6264757269456, 27.258350698574102 ], [ 77.626907199005601, 27.258406597601098 ], [ 77.627170236949695, 27.2584016066176 ], [ 77.627456855670005, 27.2583961165356 ], [ 77.627649151285496, 27.258435046202202 ], [ 77.627732245449295, 27.258924660460998 ], [ 77.6277367370257, 27.259116812256899 ], [ 77.627787547983999, 27.259243582350798 ], [ 77.628246811672994, 27.2594487100314 ], [ 77.628895002295195, 27.259564499698602 ], [ 77.6296392003634, 27.2596997538555 ], [ 77.6303348332615, 27.259793583210801 ], [ 77.630717178704302, 27.259786595921099 ], [ 77.631241289527907, 27.2597127302604 ], [ 77.632093846877197, 27.259376341428201 ], [ 77.632093004706704, 27.258928154132899 ], [ 77.632256385798996, 27.258754468593001 ], [ 77.634105792390102, 27.258100649903898 ], [ 77.634264962629501, 27.257755771474201 ], [ 77.634352548369705, 27.257412888386199 ], [ 77.635256478124404, 27.2572252255789 ], [ 77.635414244746201, 27.2568164589531 ], [ 77.635637419949603, 27.256150650267799 ], [ 77.636124755991204, 27.2555222709485 ], [ 77.636446745875801, 27.2549827303522 ], [ 77.636463589287402, 27.2546832617316 ], [ 77.636577001592002, 27.2544252189569 ], [ 77.636859690183002, 27.254249030799699 ], [ 77.637092409986295, 27.253988491426799 ], [ 77.637105884715595, 27.2535397832984 ], [ 77.636976190446404, 27.2531155303442 ], [ 77.637017176081301, 27.252815557573001 ], [ 77.637436015582495, 27.252338394559601 ], [ 77.638137262951105, 27.251663075624901 ], [ 77.638462340794604, 27.2509862551954 ], [ 77.638647899045495, 27.250747670021099 ], [ 77.638954449136193, 27.2505714760388 ], [ 77.639452171948307, 27.250391288703099 ], [ 77.639855571655502, 27.250255524091099 ], [ 77.640081273370697, 27.2500503794551 ], [ 77.640943936767002, 27.2498502258081 ], [ 77.640826032885897, 27.249464392450001 ], [ 77.644560217232595, 27.2481162113091 ], [ 77.644414521722496, 27.2473105891603 ], [ 77.645019200198107, 27.247226233096001 ], [ 77.644968669963305, 27.2466292498904 ], [ 77.646414396123703, 27.244046611729601 ], [ 77.646940472012005, 27.243107183445201 ], [ 77.647481426247197, 27.242256100495698 ], [ 77.646786916243101, 27.2412183195758 ], [ 77.647017670981697, 27.241020146745999 ], [ 77.646323441701199, 27.238842219073099 ], [ 77.645903760029398, 27.237944678834701 ], [ 77.644832799776594, 27.2355230811628 ], [ 77.644304197376599, 27.2346115364189 ], [ 77.646518825275507, 27.234480744611101 ], [ 77.649694650528403, 27.234320000270401 ], [ 77.650099173129803, 27.234299532806599 ], [ 77.651303477057496, 27.234697399659499 ], [ 77.651744212993805, 27.2349639746474 ], [ 77.652593963107904, 27.2356753373613 ], [ 77.654262864471704, 27.235061818490301 ], [ 77.653724156024694, 27.233333564078599 ], [ 77.652818822652407, 27.230278351995199 ], [ 77.652598735407807, 27.2290133098995 ], [ 77.653522877256407, 27.226764255214899 ], [ 77.653593058138, 27.225906057891201 ], [ 77.652695304300906, 27.226214091083001 ], [ 77.652029708820095, 27.225628477818301 ], [ 77.652689689830396, 27.2252116071645 ], [ 77.652160806706803, 27.224663931610401 ], [ 77.651533389625598, 27.2233983264763 ], [ 77.651048580095704, 27.223569570931499 ], [ 77.650586509171404, 27.223157685135199 ], [ 77.650247675875207, 27.223374362216699 ], [ 77.649970321031205, 27.223137215619602 ], [ 77.648724189297994, 27.2205814921433 ], [ 77.648224220697699, 27.218569923282701 ], [ 77.647480864800102, 27.217759094487601 ], [ 77.646392218965204, 27.216494409469 ], [ 77.646379305682899, 27.214424848534701 ], [ 77.648271943697196, 27.212561961173201 ], [ 77.648255100285596, 27.2122309221809 ], [ 77.648182112168797, 27.2120316991459 ], [ 77.647558625216902, 27.2103360420546 ], [ 77.652308467281699, 27.207594275721402 ], [ 77.652380613227905, 27.207609255505801 ], [ 77.6536997330779, 27.207882885880299 ], [ 77.653975684304299, 27.207887379804198 ], [ 77.656904753577606, 27.207935314981199 ], [ 77.660706030846995, 27.207580294587402 ], [ 77.663137096584705, 27.207065488041199 ], [ 77.664438250128995, 27.2069756088659 ], [ 77.665202941014599, 27.207171345643602 ], [ 77.666879702637104, 27.2084171622298 ], [ 77.668320937221097, 27.206991088062399 ], [ 77.668947512131794, 27.206703973584599 ], [ 77.670892364721894, 27.204775044447199 ], [ 77.671494797409295, 27.2034702644963 ], [ 77.672622744537904, 27.202583424858499 ], [ 77.674456992058694, 27.200474655651799 ], [ 77.675282599949497, 27.199525371909299 ], [ 77.675584658463805, 27.198153115789101 ], [ 77.678651843712004, 27.1962510050489 ], [ 77.682204119213594, 27.194194551630801 ], [ 77.681932098116704, 27.193803531548902 ], [ 77.680230352100295, 27.191507821498298 ], [ 77.679834812651805, 27.1916121956802 ], [ 77.678980570961301, 27.189567143078399 ], [ 77.678248724728206, 27.186961207311001 ], [ 77.677656959534801, 27.187182948945001 ], [ 77.676626984916894, 27.185351070153001 ], [ 77.673422245140799, 27.1811033728629 ], [ 77.672231977389302, 27.1789917002035 ], [ 77.672112950614206, 27.177797498661 ], [ 77.670784566887804, 27.178044231436601 ], [ 77.668816414245001, 27.178409834465398 ], [ 77.667613513934796, 27.176904461301302 ], [ 77.666743832450393, 27.176096825723 ], [ 77.666105747875207, 27.175898537058998 ], [ 77.665440152394297, 27.175296676362201 ], [ 77.664945517541, 27.175047440152301 ], [ 77.664508150287006, 27.174910085289799 ], [ 77.662785911453298, 27.172865225999601 ], [ 77.661814046605301, 27.171713914775701 ], [ 77.660421657914895, 27.1700640975575 ], [ 77.659094397082598, 27.169798366316002 ], [ 77.655707467737898, 27.170032129922799 ], [ 77.654910493646796, 27.1699986637955 ], [ 77.652566452202294, 27.169574592148201 ], [ 77.650274063886698, 27.1697953693435 ], [ 77.6500183247542, 27.169703462147801 ], [ 77.648571475699697, 27.167814852423302 ], [ 77.646802636760597, 27.166457191522699 ], [ 77.645218513901796, 27.164498594226298 ], [ 77.644591938991098, 27.164009064414099 ], [ 77.642456194403096, 27.163588466677702 ], [ 77.639117549504903, 27.163182353583199 ], [ 77.636541630427701, 27.1659636741974 ], [ 77.635575380050298, 27.1668143408581 ], [ 77.630968987707405, 27.169439728035801 ], [ 77.630176785916206, 27.169600066462301 ], [ 77.629525226611705, 27.169596070491799 ], [ 77.628743692314501, 27.169828835531799 ], [ 77.625212190353807, 27.1712374033151 ], [ 77.621308729720795, 27.173372198759498 ], [ 77.621082185835107, 27.173185892781301 ], [ 77.620404799966195, 27.1726289709121 ], [ 77.620240857426793, 27.171807318775301 ], [ 77.6197728913085, 27.1692044646942 ], [ 77.618672174361905, 27.167785881171 ], [ 77.615360759645796, 27.165058553757301 ], [ 77.614363629680398, 27.164187892900401 ], [ 77.612686868057907, 27.163495055801501 ], [ 77.611330973426007, 27.162934588903401 ], [ 77.610914660436507, 27.160977428420701 ], [ 77.611157767010297, 27.158984266489401 ], [ 77.612378633626093, 27.156640881991599 ], [ 77.6127112910047, 27.155389991094601 ], [ 77.613666312441197, 27.1552266348994 ], [ 77.613861976739003, 27.152748786864599 ], [ 77.615774826847101, 27.1521552941362 ], [ 77.614295694587099, 27.150016096371498 ], [ 77.611889613243306, 27.148063705445299 ], [ 77.609125328679895, 27.145883961555398 ], [ 77.6071900206897, 27.1439549801472 ], [ 77.606466876886003, 27.1431925711662 ], [ 77.605058206231107, 27.142507098100801 ], [ 77.602439897901405, 27.141925042233702 ], [ 77.600517783916899, 27.1432864986349 ], [ 77.600260641166798, 27.142733424585099 ], [ 77.599776673807497, 27.140575560274801 ], [ 77.599030510674595, 27.140379207043701 ], [ 77.599141957914597, 27.138558051860901 ], [ 77.599771340060499, 27.1371016059929 ], [ 77.600515538128704, 27.135379328022001 ], [ 77.600244639925805, 27.134228130040501 ], [ 77.604403558967803, 27.132615233764 ], [ 77.603691082658102, 27.131528464323601 ], [ 77.604084095594899, 27.131311109167999 ], [ 77.604394014367898, 27.130642552040801 ], [ 77.604222211569805, 27.129861564325601 ], [ 77.603856709538604, 27.128914178432101 ], [ 77.604777201981307, 27.128832231173899 ], [ 77.604130976423704, 27.127486088958499 ], [ 77.605467501132395, 27.126620631879401 ], [ 77.604759797122597, 27.125744174870999 ], [ 77.604618593188903, 27.125496327173501 ], [ 77.604114975182796, 27.124066195256098 ], [ 77.605684781141704, 27.1239077902815 ], [ 77.605708361918005, 27.123357618579899 ], [ 77.604923739661999, 27.123064792211 ], [ 77.603408955514098, 27.121306318763001 ], [ 77.600680322838599, 27.119060589545999 ], [ 77.599726143572795, 27.119239989687198 ], [ 77.599300566706901, 27.118827718738601 ], [ 77.598715258154598, 27.1169787273137 ], [ 77.595462233931997, 27.119036103153501 ], [ 77.594028578883197, 27.1196122815414 ], [ 77.592215385627, 27.1194033984792 ], [ 77.591405778977105, 27.118803732018499 ], [ 77.591320158301599, 27.118730272656101 ], [ 77.588628861855099, 27.116421525257401 ], [ 77.587579798037396, 27.117200607898098 ], [ 77.586941432738598, 27.116969732145598 ], [ 77.5864046893563, 27.1172225960402 ], [ 77.582229488349896, 27.118900178591201 ], [ 77.581838721201294, 27.118818223995898 ], [ 77.5790637691439, 27.117688843580702 ], [ 77.578064674113904, 27.117259576087498 ], [ 77.573666578627495, 27.115370579656201 ], [ 77.571471320651995, 27.114278645216 ], [ 77.568780024205395, 27.112840373889401 ], [ 77.566581958994604, 27.111223171125602 ], [ 77.564264305561593, 27.1095189859406 ], [ 77.562193688831698, 27.1091201728747 ], [ 77.561386327970098, 27.109393544891301 ], [ 77.559870982375202, 27.109712894536798 ], [ 77.558821357110403, 27.1099337900026 ], [ 77.555881620343101, 27.110278126182699 ], [ 77.551519176744605, 27.110495022449001 ], [ 77.5513437245407, 27.110120201447899 ], [ 77.550910848863097, 27.109196137377701 ], [ 77.550564436031706, 27.107472430143002 ], [ 77.547942759019705, 27.106298954652299 ], [ 77.547679721075596, 27.106142023862802 ], [ 77.546787862432595, 27.105608757401999 ], [ 77.545258480661303, 27.103550135114201 ], [ 77.541173391906796, 27.1060335715643 ], [ 77.5410493121082, 27.105464820002499 ], [ 77.540679318500594, 27.1037705429517 ], [ 77.539373392656302, 27.097988816895398 ], [ 77.533689021972506, 27.099716668626499 ], [ 77.530466035167194, 27.1011331172962 ], [ 77.5287151625337, 27.101278059868498 ], [ 77.526819998007696, 27.101837836317099 ], [ 77.5245817893327, 27.1031812883745 ], [ 77.522876674634006, 27.104204860073501 ], [ 77.5211170995712, 27.103152800161102 ], [ 77.518455559818506, 27.1018018507725 ], [ 77.516587344751002, 27.099118895921201 ], [ 77.514481637580403, 27.097547478203801 ], [ 77.510799667809593, 27.095376246447501 ], [ 77.510541963612397, 27.095224798463001 ], [ 77.508485663782395, 27.0934259006331 ], [ 77.507460180740907, 27.0920373456775 ], [ 77.509117291716507, 27.088910784731802 ], [ 77.511792306198501, 27.0888632983213 ], [ 77.512768381899406, 27.0904628294909 ], [ 77.517550507169702, 27.090449833392199 ], [ 77.524827983865194, 27.089219695837599 ], [ 77.5259376839646, 27.087510177089399 ], [ 77.528576204388202, 27.083023815965898 ], [ 77.5278943269428, 27.078823219426901 ], [ 77.527567564758201, 27.077881400378701 ], [ 77.527275612290893, 27.0770395554221 ], [ 77.525476735934504, 27.074621965512101 ], [ 77.524012201297793, 27.0728197372895 ], [ 77.523469001274407, 27.072151830650199 ], [ 77.522443237509407, 27.070351062533 ], [ 77.519860861791102, 27.0660230015386 ], [ 77.522464572497398, 27.0652485624687 ], [ 77.525647415838407, 27.063687669019401 ], [ 77.527184938591901, 27.0633281904801 ], [ 77.529811387903905, 27.0635561770031 ], [ 77.530577201683599, 27.063618673227801 ], [ 77.533216002830699, 27.0638341599435 ], [ 77.535312446125005, 27.063416685303999 ], [ 77.538342295144204, 27.0622947457579 ], [ 77.543342823318, 27.0619937600665 ], [ 77.543987645257801, 27.065337555739099 ], [ 77.544535617581204, 27.067187399860099 ], [ 77.545521237881999, 27.069603150338001 ], [ 77.546223046697705, 27.071061974445801 ], [ 77.547623014923303, 27.071408429883402 ], [ 77.549334305539503, 27.0703425635588 ], [ 77.550446532150701, 27.071551411180401 ], [ 77.550741572576797, 27.073802092742699 ], [ 77.553811845783798, 27.073665113414801 ], [ 77.555040011211304, 27.075211370340401 ], [ 77.557795031898294, 27.0739325728956 ], [ 77.5581057928419, 27.0724877841877 ], [ 77.558827533027994, 27.072425792836899 ], [ 77.558692505011805, 27.0716603968018 ], [ 77.559645842107102, 27.071448924604901 ], [ 77.560121107037105, 27.072475285934299 ], [ 77.562685235726207, 27.071562909668401 ], [ 77.563331180560198, 27.0713334396197 ], [ 77.564533800146805, 27.071747885182699 ], [ 77.565465802254096, 27.0717873799152 ], [ 77.567764085763798, 27.0718908660468 ], [ 77.568394310080294, 27.0725747719932 ], [ 77.570373410940604, 27.072166828597499 ], [ 77.573807221114194, 27.070931490951502 ], [ 77.578687880342201, 27.067753346072902 ], [ 77.575939316296299, 27.0665344583661 ], [ 77.574665673657606, 27.065377552691501 ], [ 77.573974813059394, 27.063627672681299 ], [ 77.574530364917905, 27.062234748674602 ], [ 77.576546240560205, 27.059481347990399 ], [ 77.576819945998295, 27.058195871212 ], [ 77.576897144968001, 27.057833375097399 ], [ 77.576730114469896, 27.056057877207198 ], [ 77.575578867288598, 27.053531831778201 ], [ 77.574233359427097, 27.0523922926685 ], [ 77.574239535344702, 27.049101614766599 ], [ 77.574295118602905, 27.048373062331802 ], [ 77.570192344266204, 27.046992950037701 ], [ 77.568411995662501, 27.046394396059299 ], [ 77.568803324258099, 27.044923749878201 ], [ 77.567543717795701, 27.0407992371095 ], [ 77.566406506790699, 27.036494040248499 ], [ 77.565760281233196, 27.033514461309299 ], [ 77.564597805110793, 27.029282503164001 ], [ 77.565276033150298, 27.028898408310098 ], [ 77.566176313499099, 27.029461046809001 ], [ 77.570418045981299, 27.032111661372401 ], [ 77.573125905115901, 27.0335659719895 ], [ 77.576702042117304, 27.036241494244599 ], [ 77.579546894332694, 27.0365770552465 ], [ 77.580613924456102, 27.0373987003804 ], [ 77.583482076724195, 27.035187296077599 ], [ 77.588749011524399, 27.0346346882456 ], [ 77.589088967714702, 27.0345986811251 ], [ 77.590844051201003, 27.034299621538899 ], [ 77.598008957762502, 27.032308204451301 ], [ 77.597709987206997, 27.0307048429807 ], [ 77.597749849947704, 27.026556301498299 ], [ 77.598566755409195, 27.0243581875792 ], [ 77.599628171062093, 27.023826032486198 ], [ 77.6030058365304, 27.022133522461601 ], [ 77.6100216788994, 27.022723203050798 ], [ 77.614964378026698, 27.023148831476401 ], [ 77.617262942259998, 27.0229202627104 ], [ 77.618746004649296, 27.022197042063201 ], [ 77.621017057976999, 27.021944463907602 ], [ 77.623368959680207, 27.0220625005025 ], [ 77.624770050799896, 27.0213167672201 ], [ 77.629784334426503, 27.018603876821899 ], [ 77.630333991090893, 27.018156723775601 ], [ 77.629847497219899, 27.0170583402824 ], [ 77.629281277867406, 27.016017466963799 ], [ 77.629956698671606, 27.0155362911282 ], [ 77.629390479319099, 27.0144959038997 ], [ 77.630025195211999, 27.0140082190707 ], [ 77.631289854697897, 27.0130373448185 ], [ 77.631407197131907, 27.011870884084299 ], [ 77.630543691565094, 27.010480319020299 ], [ 77.6324048885444, 27.009717501741001 ], [ 77.633207477105998, 27.011594773253499 ], [ 77.634684644301302, 27.011405196764901 ], [ 77.635367925364307, 27.012365580959901 ], [ 77.6355532028917, 27.012626183797199 ], [ 77.6375623411693, 27.017026829122099 ], [ 77.640256164127607, 27.021350277809098 ], [ 77.641810530292602, 27.0236819900726 ], [ 77.643165302030496, 27.0252089302871 ], [ 77.645132612502707, 27.025487508362499 ], [ 77.6469851070527, 27.025112903214101 ], [ 77.651683015265107, 27.023486432194701 ], [ 77.652640001766201, 27.0231548332758 ], [ 77.656714423026699, 27.0219949795841 ], [ 77.658745177015902, 27.0207595896924 ], [ 77.660089842706796, 27.020694068634501 ], [ 77.661921844439405, 27.0202229160858 ], [ 77.662023466355905, 27.020160895858002 ], [ 77.6669004761781, 27.0171933880121 ], [ 77.669759645293297, 27.019661731809499 ], [ 77.670836781463706, 27.0212827564627 ], [ 77.673115133603005, 27.0255485253712 ], [ 77.673699319261203, 27.0266608296212 ], [ 77.674856180913096, 27.028862899474699 ], [ 77.675833098784494, 27.028908910921199 ], [ 77.675769935991099, 27.029678099485398 ], [ 77.675952687006699, 27.0339515511846 ], [ 77.676477359277399, 27.038169831122399 ], [ 77.676882724049307, 27.040021623456699 ], [ 77.678104994282805, 27.042399954108198 ], [ 77.680659016924906, 27.04644190046 ], [ 77.686528665136095, 27.0440016483935 ], [ 77.686965470942994, 27.043742618522401 ], [ 77.693708730767895, 27.040816239534301 ], [ 77.694415031160105, 27.040123638673698 ], [ 77.694473702377095, 27.0391764938284 ], [ 77.694233964485605, 27.034807222204702 ], [ 77.693814002090306, 27.0338775360851 ], [ 77.692386803682695, 27.030484791585 ], [ 77.690868089405399, 27.026285728249899 ], [ 77.694001525405895, 27.0243176758609 ], [ 77.696410975432002, 27.021934960955999 ], [ 77.698127880518797, 27.020430483535002 ], [ 77.702924041965403, 27.017371450696501 ], [ 77.7073794050511, 27.014051735649101 ], [ 77.707168300959296, 27.0131583919372 ], [ 77.706696966158702, 27.010822959851101 ], [ 77.707220796258696, 27.0100691486447 ], [ 77.707630371883596, 27.008695068363199 ], [ 77.7076755683713, 27.006802241518301 ], [ 77.707011376508106, 27.0043491225242 ], [ 77.706676473341204, 27.003191575928199 ], [ 77.709738605566002, 27.000030022342202 ], [ 77.710394937170406, 26.999407706070699 ], [ 77.711153732862002, 26.998699341879298 ], [ 77.7117598149553, 26.998086022951199 ], [ 77.712134580862894, 26.997546739759802 ], [ 77.712438042994805, 26.997263089770701 ], [ 77.712794561873196, 26.997024963301499 ], [ 77.713179433827705, 26.9969018977438 ], [ 77.713668173486994, 26.996799843276701 ], [ 77.714104979293893, 26.996675776937 ], [ 77.715156850346901, 26.996331592181601 ], [ 77.716032988472406, 26.9961990207375 ], [ 77.719048520591798, 26.995793801392399 ], [ 77.719885076700095, 26.995627210793799 ], [ 77.720632924174197, 26.995543665265501 ], [ 77.721070010704594, 26.995442610112399 ], [ 77.721429617541801, 26.995343055689698 ], [ 77.721968606712196, 26.995170461129899 ], [ 77.722637851598904, 26.995041890517602 ], [ 77.722797864008896, 26.995005370433599 ], [ 77.723409279849093, 26.994865293289099 ], [ 77.723767763792196, 26.994719212652502 ], [ 77.724203446705005, 26.994549118521601 ], [ 77.7246135837769, 26.994402537196599 ], [ 77.725847363674902, 26.994100869226902 ], [ 77.727403694904694, 26.9937581774339 ], [ 77.730087692539499, 26.993544557349999 ], [ 77.731434042571607, 26.993611094796702 ], [ 77.731399232854301, 26.993967294593801 ], [ 77.731081734546095, 26.997226570407999 ], [ 77.731003412682298, 26.998269118511601 ], [ 77.730903755830397, 26.9989534730488 ], [ 77.7308069062139, 26.9992331167232 ], [ 77.730744585590998, 27.000015515008499 ], [ 77.730641279333398, 27.0033786650792 ], [ 77.7305901876516, 27.004252577390702 ], [ 77.7305191645994, 27.006170458444899 ], [ 77.730683949309395, 27.008495482680502 ], [ 77.731522751205901, 27.010686403849601 ], [ 77.732257123950703, 27.012660697371398 ], [ 77.733577085971305, 27.0165551610161 ], [ 77.733648109023406, 27.016765236132901 ], [ 77.734210398246603, 27.017975161124699 ], [ 77.733374684308799, 27.018524849902899 ], [ 77.734281421298704, 27.020900134733299 ], [ 77.734135164341495, 27.0226896928713 ], [ 77.734184290958595, 27.023982578372099 ], [ 77.734809742975202, 27.025182922963001 ], [ 77.736260522159, 27.027264990262999 ], [ 77.738457745199298, 27.029194481542699 ], [ 77.742128205305505, 27.028920913904201 ], [ 77.746029139426795, 27.029572573927801 ], [ 77.748510173952099, 27.030162715583 ], [ 77.749997447194403, 27.030522800493198 ], [ 77.753238119581894, 27.029611083266001 ], [ 77.754829821975903, 27.027842140688598 ], [ 77.755058330926303, 27.0274130291298 ], [ 77.755143109431202, 27.026961409949401 ], [ 77.755143390154799, 27.026476780038202 ], [ 77.755079665914295, 27.025985146113499 ], [ 77.754972148803702, 27.025511014919001 ], [ 77.754819715929003, 27.025058887949498 ], [ 77.754622086566499, 27.024614261311999 ], [ 77.7544019993218, 27.024174134223198 ], [ 77.7541819120772, 27.023734005409899 ], [ 77.753984001991199, 27.023291374125598 ], [ 77.753830726945793, 27.022841738978801 ], [ 77.753757458105497, 27.0223775975848 ], [ 77.753777108752303, 27.0218969491415 ], [ 77.753853746274999, 27.021416798799599 ], [ 77.753930103074197, 27.0210431803951 ], [ 77.753949753721002, 27.020946149441599 ], [ 77.754053621425697, 27.020465494874099 ], [ 77.754192579571196, 27.019993841202901 ], [ 77.754398069192504, 27.019559698003601 ], [ 77.7546931096186, 27.0191830724177 ], [ 77.7550535586264, 27.018833954877099 ], [ 77.755460888463006, 27.018511345297298 ], [ 77.755899097887493, 27.0182197454536 ], [ 77.756353870000098, 27.017963657145199 ], [ 77.756819590330196, 27.017751583572998 ], [ 77.757317593865906, 27.0175940286552 ], [ 77.757837213113007, 27.017472986314399 ], [ 77.758364692618898, 27.017368449642401 ], [ 77.758887119101303, 27.0172624123446 ], [ 77.759483937318194, 27.017231901594201 ], [ 77.760067280805799, 27.0172063925997 ], [ 77.760403868313901, 27.0169738103246 ], [ 77.760575671111994, 27.0165676654983 ], [ 77.760695820781194, 27.016092994376699 ], [ 77.760761229362799, 27.015580807482301 ], [ 77.760768808898007, 27.015062616021901 ], [ 77.760715190704502, 27.0145684312063 ], [ 77.760590268735299, 27.014127764573299 ], [ 77.760327230791205, 27.013735614833902 ], [ 77.759963974548199, 27.0133699739844 ], [ 77.759566750758495, 27.013012335067 ], [ 77.759202371621399, 27.012642690290601 ], [ 77.758937649336104, 27.012242532193302 ], [ 77.758806270725799, 27.011790351828701 ], [ 77.758775391137902, 27.0113026552592 ], [ 77.758805709278704, 27.0108124555491 ], [ 77.758881504630807, 27.0103467638443 ], [ 77.759065659264095, 27.0098975771065 ], [ 77.759284623614604, 27.009456892159399 ], [ 77.759487025276997, 27.009015205058802 ], [ 77.759690830557105, 27.008573016007901 ], [ 77.759907829842902, 27.008136827818898 ], [ 77.760149532799005, 27.007714644060901 ], [ 77.760429133431202, 27.007313467977902 ], [ 77.760749158251201, 27.006934800461501 ], [ 77.761090798782703, 27.006568137040599 ], [ 77.761434123655306, 27.006201472423701 ], [ 77.761759482222303, 27.0058243018428 ], [ 77.762053399754294, 27.005425119929299 ], [ 77.762337491962896, 27.005018933369499 ], [ 77.762643199883101, 27.0046307537093 ], [ 77.763018246514207, 27.004281590962801 ], [ 77.7635403922731, 27.0039614407867 ], [ 77.764084995914104, 27.003659298221901 ], [ 77.764494852262501, 27.003366159129602 ], [ 77.764614721208204, 27.003074019751701 ], [ 77.764431408745494, 27.002750864692601 ], [ 77.764058607902598, 27.002404697561701 ], [ 77.763563692325704, 27.002073536678999 ], [ 77.763013754937802, 27.0017959010483 ], [ 77.762476169384897, 27.001609809755401 ], [ 77.761980130913997, 27.001537274087301 ], [ 77.761466687584402, 27.0015437772871 ], [ 77.760937804460895, 27.001603806805299 ], [ 77.760398534566903, 27.001694351268 ], [ 77.759854773096393, 27.001792399333301 ], [ 77.759312415243699, 27.001873939240799 ], [ 77.758776514031993, 27.001916960272499 ], [ 77.758252122484905, 27.001897450736902 ], [ 77.757735310472995, 27.001818912315802 ], [ 77.757222428590495, 27.001697852986101 ], [ 77.756712915390196, 27.001547279009898 ], [ 77.756205928701803, 27.001382197674602 ], [ 77.755700626354496, 27.001216615849401 ], [ 77.755195324007104, 27.001064040235701 ], [ 77.754683284295197, 27.0009219696421 ], [ 77.754168998794995, 27.000778898369902 ], [ 77.7536622928301, 27.000623320660999 ], [ 77.753171307382601, 27.000444230941799 ], [ 77.752705025605394, 27.000231123809399 ], [ 77.752269623416197, 26.9999664902119 ], [ 77.751863416473597, 26.999651830549201 ], [ 77.751485843330798, 26.999304653365499 ], [ 77.7511352196464, 26.998943467895501 ], [ 77.751068407447207, 26.998861925863 ], [ 77.750805930950094, 26.9985412599959 ], [ 77.750644514922499, 26.998080520074598 ], [ 77.750813229761803, 26.997663801451601 ], [ 77.751118376234899, 26.9972485820801 ], [ 77.751501563848194, 26.996884388405501 ], [ 77.751943984125703, 26.996616245056099 ], [ 77.752516660119298, 26.996432646535901 ], [ 77.753087932495305, 26.996287068204602 ], [ 77.753499473184803, 26.996132985092 ], [ 77.753341145115996, 26.995918368976199 ], [ 77.752812261992503, 26.9956852423817 ], [ 77.752408581561696, 26.9955141491658 ], [ 77.7520051818544, 26.9953560628052 ], [ 77.751516161471599, 26.9951869701862 ], [ 77.751154308846196, 26.9949768547433 ], [ 77.750835406920402, 26.994766238631598 ], [ 77.750444078324705, 26.9945055943939 ], [ 77.749999692982598, 26.994173409691498 ], [ 77.749202157444401, 26.994605649834899 ], [ 77.748612076592195, 26.994802258517101 ], [ 77.747916724417493, 26.994908317002 ], [ 77.747322151988897, 26.9949198233411 ], [ 77.747035533268502, 26.994832775355601 ], [ 77.747053499574207, 26.994508596058399 ], [ 77.747171964902293, 26.994066850234201 ], [ 77.747622245438507, 26.993433494757301 ], [ 77.747568065797907, 26.9933419430782 ], [ 77.7472828506952, 26.993301420180099 ], [ 77.747151191361397, 26.993211369242999 ], [ 77.747145576890802, 26.992980238174599 ], [ 77.747218284284102, 26.9927706188945 ], [ 77.747465320987303, 26.9923028513121 ], [ 77.7481494442208, 26.9911907073141 ], [ 77.748269032443005, 26.990794975510902 ], [ 77.748488838964093, 26.9902586591387 ], [ 77.748635938091894, 26.989931965170101 ], [ 77.748653342950504, 26.989584757982801 ], [ 77.748619094680294, 26.989238050024699 ], [ 77.748335283195203, 26.9882029227944 ], [ 77.747958552222997, 26.987064722120401 ], [ 77.747470935457798, 26.986149150145 ], [ 77.747307835089003, 26.985828448035502 ], [ 77.747085502056194, 26.985185039798701 ], [ 77.7467107361486, 26.984660204072402 ], [ 77.746047947903094, 26.983978764519598 ], [ 77.745151036236607, 26.983256293996501 ], [ 77.744809114981507, 26.9830081313061 ], [ 77.743502346966693, 26.983496450917698 ], [ 77.742771342904206, 26.983209763533701 ], [ 77.741650975310804, 26.9839257301375 ], [ 77.740993520812296, 26.983996275866598 ], [ 77.739777707219901, 26.983973761277099 ], [ 77.738533821274899, 26.983859186962501 ], [ 77.7373421499058, 26.983766626841501 ], [ 77.736615075972793, 26.983642045801702 ], [ 77.7363281765289, 26.983531974085501 ], [ 77.735907371962995, 26.983239282861799 ], [ 77.735097203866104, 26.982885050413799 ], [ 77.734202537987798, 26.982774977957199 ], [ 77.733889531255997, 26.982665405722901 ], [ 77.733554347365597, 26.982694925193801 ], [ 77.732963705066297, 26.9828685395522 ], [ 77.732601852440993, 26.9828755441605 ], [ 77.731952538924602, 26.982749461145001 ], [ 77.731510399370705, 26.982642390536899 ], [ 77.7309677607944, 26.982652897470199 ], [ 77.730377118495099, 26.9828260115641 ], [ 77.730096114245299, 26.9829706066581 ], [ 77.729842901624593, 26.983183746492401 ], [ 77.729564704609999, 26.9834434163084 ], [ 77.729236538807797, 26.983773631393799 ], [ 77.729009994922095, 26.984032799524599 ], [ 77.728303133082903, 26.9847402554377 ], [ 77.727431767257301, 26.9856018046518 ], [ 77.726875092504699, 26.986098118045199 ], [ 77.725477089343798, 26.987096741989099 ], [ 77.724300296321601, 26.9876285706627 ], [ 77.724093122359207, 26.987609558956599 ], [ 77.7239297412669, 26.9875044942073 ], [ 77.723882860437996, 26.9874749759982 ], [ 77.723672879240297, 26.987339892569501 ], [ 77.723096553840804, 26.987027198825199 ], [ 77.722122443204597, 26.9863057485029 ], [ 77.720430241788193, 26.985286104166601 ], [ 77.719777278866005, 26.985020935087299 ], [ 77.719490379422197, 26.9849108647199 ], [ 77.718968514386802, 26.984712737787198 ], [ 77.718157784842901, 26.9843349948152 ], [ 77.716454073761795, 26.983372870232699 ], [ 77.715510281266504, 26.982836018151001 ], [ 77.713556164799996, 26.981682252820502 ], [ 77.712240694355799, 26.9807361163958 ], [ 77.7105513001746, 26.979287626660401 ], [ 77.709350926376203, 26.9788248064939 ], [ 77.707403827997894, 26.978492075144199 ], [ 77.706374976274006, 26.978176855063399 ], [ 77.705463186260602, 26.977893156236 ], [ 77.703599182046105, 26.9767028142081 ], [ 77.703092195357598, 26.976354065126198 ], [ 77.701995689263995, 26.975600022886901 ], [ 77.701179064526002, 26.9749680645517 ], [ 77.699241230024001, 26.974484711601601 ], [ 77.698280874840606, 26.974318089451401 ], [ 77.696470769543097, 26.9743065810055 ], [ 77.695410757507801, 26.974303578802001 ], [ 77.6938824986307, 26.974193998320398 ], [ 77.692239143107798, 26.974121444974902 ], [ 77.690272394082697, 26.974042887161801 ], [ 77.689572269608107, 26.9739638289251 ], [ 77.689183186800705, 26.9739017831815 ], [ 77.6886641290006, 26.973819222259898 ], [ 77.688196162882207, 26.973712643526198 ], [ 77.687081129035803, 26.9735720395025 ], [ 77.686821459773995, 26.973530508743099 ], [ 77.686690081163704, 26.9734404419832 ], [ 77.686557579659294, 26.973304340964798 ], [ 77.686503119295196, 26.973189755788699 ], [ 77.686266188638996, 26.973009121278601 ], [ 77.686005115759599, 26.972898538790002 ], [ 77.685486057959494, 26.9728154767589 ], [ 77.684515035282004, 26.972753430382401 ], [ 77.684204835785494, 26.972758934497801 ], [ 77.683481972705295, 26.972795962176399 ], [ 77.682786901254204, 26.972925058582302 ], [ 77.682325672500497, 26.973095685775299 ], [ 77.681941642716595, 26.973264811594099 ], [ 77.681530382750495, 26.973365386294901 ], [ 77.681297943670799, 26.973369889637599 ], [ 77.680909703033905, 26.973353877751599 ], [ 77.6802890233173, 26.973342869578602 ], [ 77.678839647751104, 26.973277821261899 ], [ 77.677644326976207, 26.973022631348901 ], [ 77.677786653804006, 26.970955071353 ], [ 77.6778077080684, 26.9706483366867 ], [ 77.677948631278596, 26.970044372184901 ], [ 77.678183316146601, 26.969045096545202 ], [ 77.678542080813202, 26.967811626904101 ], [ 77.678467969802298, 26.966320937042799 ], [ 77.678134470252999, 26.965332637317601 ], [ 77.677813322538995, 26.964875764690401 ], [ 77.677731912716297, 26.964715633648598 ], [ 77.677625799223406, 26.964602040552801 ], [ 77.677493297718996, 26.96446542844 ], [ 77.677387745673101, 26.9643748540174 ], [ 77.677283877968407, 26.9643538367377 ], [ 77.677206398275104, 26.964355337972101 ], [ 77.677104776358604, 26.9644268967884 ], [ 77.676951782036795, 26.964521974865701 ], [ 77.676721308021698, 26.964619054503999 ], [ 77.676463042377506, 26.964624058606798 ], [ 77.6762199358038, 26.964189201244 ], [ 77.676162948927896, 26.963959011396501 ], [ 77.676055712540901, 26.9637988790512 ], [ 77.675690771956695, 26.9636667696949 ], [ 77.675586904252, 26.963645752283099 ], [ 77.675457490706407, 26.963648254356102 ], [ 77.675202032297406, 26.9637688542111 ], [ 77.674995139058595, 26.963772857523601 ], [ 77.674780666284505, 26.963453092491399 ], [ 77.674879200242202, 26.963242917797398 ], [ 77.675105744127904, 26.962984202218902 ], [ 77.675152624956795, 26.962775027486799 ], [ 77.675121745368898, 26.9625673536246 ], [ 77.675067285004801, 26.9624527575222 ], [ 77.674883130371597, 26.9623171436433 ], [ 77.674594546586604, 26.962137492534001 ], [ 77.674331789365993, 26.961957841138101 ], [ 77.674145950391505, 26.9617531683073 ], [ 77.673959549970107, 26.961524975177198 ], [ 77.673903685988407, 26.961341319405602 ], [ 77.673872244953401, 26.961110122885898 ], [ 77.673839961747902, 26.960833387033802 ], [ 77.673834908724402, 26.960625209163499 ], [ 77.673829013530394, 26.960370991434701 ], [ 77.673799818283598, 26.960232372470799 ], [ 77.673770903760399, 26.960094253766702 ], [ 77.673716443396302, 26.959979655148199 ], [ 77.673663105926295, 26.959911096093599 ], [ 77.673609768456302, 26.959843037428801 ], [ 77.673505900751607, 26.959821518871799 ], [ 77.673350660641603, 26.9598245214614 ], [ 77.673068814221196, 26.959922606010799 ], [ 77.672966911581099, 26.959993667212601 ], [ 77.672840585994294, 26.960111768829201 ], [ 77.672738683354297, 26.9601833303417 ], [ 77.672586531202995, 26.960301932188798 ], [ 77.672433536881201, 26.960397514177298 ], [ 77.672281384729899, 26.9605156153705 ], [ 77.672232538836397, 26.960632215155801 ], [ 77.672185658007507, 26.960841393867302 ], [ 77.672190991754505, 26.961072590938599 ], [ 77.672328546282401, 26.961417383957698 ], [ 77.672410798275607, 26.961624059093101 ], [ 77.672492208098205, 26.961784194530502 ], [ 77.672527298538995, 26.962177025811101 ], [ 77.672506524997999, 26.962385701233501 ], [ 77.672483786392405, 26.962524817967001 ], [ 77.672409675381502, 26.9626649353666 ], [ 77.672231415942306, 26.962784035019201 ], [ 77.672052314332504, 26.9628570960883 ], [ 77.671870405487496, 26.962814060121801 ], [ 77.671766818506299, 26.962816061794999 ], [ 77.671593892814101, 26.962599380461999 ], [ 77.671376612804707, 26.962164014860701 ], [ 77.671347136834498, 26.9620028791194 ], [ 77.671290992129201, 26.961818723704301 ], [ 77.671210705200707, 26.961704627263501 ], [ 77.670950755215301, 26.9616400726471 ], [ 77.670483350544103, 26.961556501887198 ], [ 77.670300880252, 26.961490445913299 ], [ 77.669939027626597, 26.961497451851798 ], [ 77.669889058838905, 26.961567511212401 ], [ 77.669791647775298, 26.961823727931499 ], [ 77.669799227310506, 26.962147500959901 ], [ 77.669828422557302, 26.962286117566901 ], [ 77.669885128709595, 26.962493291527998 ], [ 77.669916850467999, 26.9627470040483 ], [ 77.669922464938594, 26.962978197207999 ], [ 77.669825615321997, 26.963257429872201 ], [ 77.669548260477995, 26.9635636842563 ], [ 77.669266975504698, 26.963684784616301 ], [ 77.669060643712896, 26.963711806992901 ], [ 77.668698791087493, 26.9637188127932 ], [ 77.668362484303003, 26.963701798706001 ], [ 77.6680497582947, 26.963592207906501 ], [ 77.667839777097001, 26.963457095815102 ], [ 77.667550070417903, 26.963231408219499 ], [ 77.667339527773194, 26.9630732765084 ], [ 77.667150320116505, 26.962729989814299 ], [ 77.666988623365299, 26.962455259621699 ], [ 77.666885317107699, 26.962457261301299 ], [ 77.666784256638195, 26.962551840621899 ], [ 77.666742428832805, 26.962969189691201 ], [ 77.666750008367998, 26.963292959426798 ], [ 77.666602628516699, 26.963619230305301 ], [ 77.6660423043582, 26.963977026271099 ], [ 77.665523808005204, 26.9639174770913 ], [ 77.665161955379801, 26.963924482878799 ], [ 77.664938218729304, 26.9642987914626 ], [ 77.664895268029795, 26.964669595932001 ], [ 77.665054999716304, 26.9654187073094 ], [ 77.665250102567001, 26.966016191368901 ], [ 77.665363234148103, 26.966430525187 ], [ 77.665268630319801, 26.966802823839199 ], [ 77.665042086434099, 26.967061530645498 ], [ 77.664472217675694, 26.9681133653506 ], [ 77.663945861063894, 26.968817418581601 ], [ 77.663276335453702, 26.970032863302102 ], [ 77.663103690485002, 26.9703831331204 ], [ 77.662876023705195, 26.9705957964071 ], [ 77.662415637122095, 26.970812962737099 ], [ 77.662235412618202, 26.970839483020601 ], [ 77.662106279796106, 26.970841984933799 ], [ 77.661897702216095, 26.970776434789201 ], [ 77.661270565858402, 26.9704872130851 ], [ 77.660364671039005, 26.9698912539091 ], [ 77.659524465524896, 26.9693518355792 ], [ 77.659353224173799, 26.969252258072501 ], [ 77.658292650691493, 26.968634775486901 ], [ 77.657323873802298, 26.9681208712718 ], [ 77.656851135384002, 26.967806122546801 ], [ 77.656377274071701, 26.967444835962301 ], [ 77.655844741542296, 26.9667838086153 ], [ 77.654955970858097, 26.965817530772899 ], [ 77.653261523653399, 26.964114139388901 ], [ 77.652974062762496, 26.9639810295762 ], [ 77.652581049825699, 26.963756844272901 ], [ 77.651370569980301, 26.962854093579502 ], [ 77.649748549445405, 26.962028901056001 ], [ 77.648638568622502, 26.961551998072 ], [ 77.648067857693604, 26.961470428943901 ], [ 77.647441282782907, 26.9612047033377 ], [ 77.646335512812797, 26.960345969973702 ], [ 77.645971975846294, 26.9602834162969 ], [ 77.645634546167699, 26.9602203621555 ], [ 77.645244059742595, 26.960112269259501 ], [ 77.644800516571095, 26.959935116789001 ], [ 77.644226717683395, 26.959714926889301 ], [ 77.643284609529204, 26.959223501515499 ], [ 77.642547990996206, 26.958682030342199 ], [ 77.641544685113203, 26.9583422333322 ], [ 77.640604261300197, 26.957920363158699 ], [ 77.639106039840399, 26.956860926588099 ], [ 77.637798429654893, 26.9562143501057 ], [ 77.637038791792804, 26.955788968817199 ], [ 77.636123352373602, 26.955320547093301 ], [ 77.634608568225701, 26.9541109490828 ], [ 77.634132461125105, 26.953544430365302 ], [ 77.633651581724607, 26.952971903255101 ], [ 77.631941975449493, 26.951708229538198 ], [ 77.631083242182598, 26.951470006687501 ], [ 77.630693597928101, 26.951384426506898 ], [ 77.630202051033606, 26.951370413371698 ], [ 77.629318333372794, 26.951155711904001 ], [ 77.627358602435805, 26.9508103870069 ], [ 77.626289045800704, 26.950390990998699 ], [ 77.625504704268195, 26.9500121319263 ], [ 77.625139202236994, 26.949856984514501 ], [ 77.624693974724295, 26.949610750119199 ], [ 77.624574947949199, 26.949527670913199 ], [ 77.624273731605399, 26.949317970717299 ], [ 77.6237979052284, 26.948864036021199 ], [ 77.622851024774207, 26.948164362423402 ], [ 77.620659696928001, 26.946735973796201 ], [ 77.6196628476862, 26.946106856454598 ], [ 77.618874295300799, 26.945542799973399 ], [ 77.618113815268103, 26.945071332674299 ], [ 77.617798001301097, 26.944822585332201 ], [ 77.617454957151907, 26.944528291993201 ], [ 77.616928039093096, 26.9440983620777 ], [ 77.616060603396903, 26.943466727493 ], [ 77.614840859675098, 26.9426909432473 ], [ 77.6145393626079, 26.942480729822599 ], [ 77.6141314713242, 26.942195439547898 ], [ 77.613469525249201, 26.941513242507401 ], [ 77.612566999112204, 26.94048918843 ], [ 77.610337773590004, 26.9385291450088 ], [ 77.608307300324299, 26.9367852983675 ], [ 77.606675173742502, 26.935496416194798 ], [ 77.605032098943099, 26.9342891081522 ], [ 77.603323615562104, 26.933048250305799 ], [ 77.602393859243094, 26.933088294338202 ], [ 77.601442487212495, 26.933444185051101 ], [ 77.599985251387494, 26.933988780760799 ], [ 77.599014509433601, 26.934492829777302 ], [ 77.598409830958005, 26.935175069296498 ], [ 77.5981226507906, 26.9356080364763 ], [ 77.598027204791705, 26.935956911711099 ], [ 77.598202937719094, 26.936855873626001 ], [ 77.598513979386297, 26.9380301193188 ], [ 77.593427269089901, 26.9399401194365 ], [ 77.593046327264801, 26.939114258576399 ], [ 77.592759989268004, 26.937892974459398 ], [ 77.592359116072402, 26.935621551032 ], [ 77.592250476067704, 26.935392303904401 ], [ 77.592119097457399, 26.935302206652398 ], [ 77.591936627165396, 26.935236135288498 ], [ 77.591677238627099, 26.935194590395898 ], [ 77.590774712490003, 26.935280683409299 ], [ 77.590389279088498, 26.935380290941598 ], [ 77.590208773861093, 26.935406819566001 ], [ 77.590027426463095, 26.935386797963201 ], [ 77.589917663564293, 26.9352691709753 ], [ 77.589603533938401, 26.9349318060823 ], [ 77.589058930297398, 26.933715482139601 ], [ 77.589024120580106, 26.933323052191898 ], [ 77.589167851025607, 26.9328345150427 ], [ 77.589359865917601, 26.932183295736401 ], [ 77.589278456094902, 26.9314559879463 ], [ 77.589136690714199, 26.930903371045702 ], [ 77.588950571016198, 26.9306751154488 ], [ 77.588637002837402, 26.930518940300601 ], [ 77.588427021639703, 26.930384289117701 ], [ 77.588061519608502, 26.930228614129799 ], [ 77.587772093652902, 26.9300028599874 ], [ 77.587429330227295, 26.929708527965701 ], [ 77.586978207520502, 26.9291844348624 ], [ 77.586569474066295, 26.928266390071499 ], [ 77.586118632083, 26.9271986655482 ], [ 77.585789343386693, 26.9266380185264 ], [ 77.585446579961101, 26.926054341970101 ], [ 77.584966262007597, 26.9253920706592 ], [ 77.584613392535104, 26.924658211438199 ], [ 77.584362987149603, 26.923876290698701 ], [ 77.583223249632894, 26.923758151114502 ], [ 77.582573655393105, 26.923608474090699 ], [ 77.581249763243093, 26.923354673466001 ], [ 77.579316139594098, 26.92298523485 ], [ 77.577784512034597, 26.922689382728301 ], [ 77.576772222998798, 26.922499656509299 ], [ 77.575476964648601, 26.922361491568701 ], [ 77.573819011502295, 26.9221832785692 ], [ 77.572427184258999, 26.921780796489699 ], [ 77.571878369765102, 26.9215129749075 ], [ 77.571071851074095, 26.9212731864468 ], [ 77.569902918310603, 26.921016877549601 ], [ 77.568889787104197, 26.920781092874101 ], [ 77.568190785523797, 26.920724023897701 ], [ 77.567804229228102, 26.920777588639599 ], [ 77.567262713545801, 26.9208336563795 ], [ 77.566281023374401, 26.920851678147098 ], [ 77.565595215799704, 26.920806123117799 ], [ 77.564379963654403, 26.920782094084 ], [ 77.563246682778797, 26.9209412863379 ], [ 77.561798430106705, 26.920898234366799 ], [ 77.560711749336406, 26.920848674519402 ], [ 77.560063839437703, 26.920768077145201 ], [ 77.559457757344504, 26.920696991214601 ], [ 77.559208755576705, 26.920667455497899 ], [ 77.558365181380196, 26.920509264069899 ], [ 77.556390010649196, 26.920013162299 ], [ 77.555584334128795, 26.9198194267065 ], [ 77.555143878915999, 26.919757851758501 ], [ 77.554625663286501, 26.919698279216 ], [ 77.554260722702296, 26.9195656175586 ], [ 77.553841602477604, 26.919318816399901 ], [ 77.553290822918996, 26.918958876217101 ], [ 77.552709444496102, 26.9183906790159 ], [ 77.551667398766497, 26.9174495178864 ], [ 77.550933306745307, 26.916976931891 ], [ 77.550153737512701, 26.916782690463101 ], [ 77.549503020378793, 26.916586446206701 ], [ 77.549012877101902, 26.9163471479017 ], [ 77.548954486608494, 26.9163186122959 ], [ 77.548220113863707, 26.9158460215647 ], [ 77.546989983371503, 26.9151506487656 ], [ 77.546600339117006, 26.915065541649302 ], [ 77.546419553166103, 26.915068545431001 ], [ 77.546240451556301, 26.915141136797001 ], [ 77.546163814033605, 26.9151886966322 ], [ 77.546063034287698, 26.915306344559401 ], [ 77.545911162859994, 26.915448022538801 ], [ 77.545708199750493, 26.915613730479901 ], [ 77.545504675193897, 26.9157559087006 ], [ 77.544967931811598, 26.916020239564499 ], [ 77.544565654998493, 26.915946647511198 ], [ 77.5442009951378, 26.915814482070399 ], [ 77.543966871716904, 26.915748899919301 ], [ 77.543500309216199, 26.915688324005298 ], [ 77.543188425378503, 26.9156012147828 ], [ 77.542876260817295, 26.915514105493099 ], [ 77.542250528077204, 26.915270799879401 ], [ 77.541781439064707, 26.915094578202101 ], [ 77.541494820344397, 26.914983938883399 ], [ 77.541182655783203, 26.9148968291172 ], [ 77.540965656497406, 26.914794199708801 ], [ 77.5409476901917, 26.914785688973101 ], [ 77.540713566770705, 26.914720106224198 ], [ 77.540453055338403, 26.9146324956222 ], [ 77.540245039205402, 26.914566912784199 ], [ 77.5399592626556, 26.914502331173601 ], [ 77.539178009081994, 26.914238998022601 ], [ 77.538680566993406, 26.913947128051699 ], [ 77.538416967602203, 26.913720340057498 ], [ 77.538283062480104, 26.913514578370499 ], [ 77.537854116931996, 26.9133949260248 ], [ 77.537232033597704, 26.913313822689101 ], [ 77.536766593991103, 26.9132988035465 ], [ 77.536558858581699, 26.913256249298101 ], [ 77.536246974744003, 26.9131696388372 ], [ 77.535807080978302, 26.913154119036701 ], [ 77.535106675780199, 26.913027957997802 ], [ 77.5346917664084, 26.912965878704799 ], [ 77.534431816422995, 26.912901296178099 ], [ 77.534119932585298, 26.912814184804599 ], [ 77.533833594588501, 26.9127270733639 ], [ 77.533495884186394, 26.912640462496899 ], [ 77.533028760238594, 26.912556354770601 ], [ 77.532795198264793, 26.912514300883998 ], [ 77.532509421715005, 26.912449718099001 ], [ 77.532198099324404, 26.912386136561398 ], [ 77.531731536823699, 26.912325058200199 ], [ 77.531238024864507, 26.912218421310001 ], [ 77.530652435588607, 26.9120321819926 ], [ 77.530183346576194, 26.911855454614301 ], [ 77.529251344468904, 26.9117793566211 ], [ 77.528421525725193, 26.911655697272799 ], [ 77.528136591345998, 26.9116146443418 ], [ 77.527875518466601, 26.9115035009658 ], [ 77.527691644556896, 26.911367825795399 ], [ 77.527533035764506, 26.911208620037002 ], [ 77.527114476986796, 26.910984830431001 ], [ 77.526621245751102, 26.910878192274701 ], [ 77.526441021247294, 26.910904226012299 ], [ 77.526261077466899, 26.910953790226898 ], [ 77.525849256053803, 26.911030890073 ], [ 77.524917815393593, 26.910977821353399 ], [ 77.524787278953895, 26.9109107344457 ], [ 77.524708676366501, 26.9108661767015 ], [ 77.524602843597094, 26.910752028692102 ], [ 77.524315944153301, 26.910641885766601 ], [ 77.524135158202299, 26.910644889665999 ], [ 77.523681508983799, 26.910571794758098 ], [ 77.522901939751307, 26.910377542307 ], [ 77.5226150403075, 26.910267399016099 ], [ 77.522404216939194, 26.9100856623512 ], [ 77.521984254543895, 26.909792780333401 ], [ 77.521616506724499, 26.909521425717401 ], [ 77.521143768306203, 26.9091829825147 ], [ 77.520949226902502, 26.909112890600401 ], [ 77.520102003300195, 26.908807990266499 ], [ 77.519039745476704, 26.908688332931799 ], [ 77.517921342948, 26.908361402412599 ], [ 77.516658367803203, 26.907932335960702 ], [ 77.515379391417397, 26.907353569295299 ], [ 77.5143075889941, 26.906794325676401 ], [ 77.5124034413153, 26.905995258366801 ], [ 77.511206997646198, 26.9056462904806 ], [ 77.509397173072202, 26.9050194473221 ], [ 77.505067854849798, 26.903222010343601 ], [ 77.502542185283801, 26.902341305848001 ], [ 77.500799172909097, 26.901817085641699 ], [ 77.500273939191402, 26.901755000183901 ], [ 77.499760776585404, 26.901655863656298 ], [ 77.499507002517603, 26.901660369864 ], [ 77.499497738641196, 26.901658367105 ], [ 77.499272879096694, 26.901607797429801 ], [ 77.4989115879184, 26.901538201503001 ], [ 77.498463553170396, 26.9013754770465 ], [ 77.497864769888807, 26.901102099431601 ], [ 77.497244932342795, 26.900828721155001 ], [ 77.495804259205897, 26.900294980707699 ], [ 77.494100828848403, 26.8998318361553 ], [ 77.493078433765604, 26.899546938724999 ], [ 77.492528777101199, 26.899575478570199 ], [ 77.492128746076204, 26.899677120416801 ], [ 77.491604915976197, 26.8999139505712 ], [ 77.491331491261505, 26.899994562836099 ], [ 77.491097367840595, 26.899941989626399 ], [ 77.490755165862097, 26.899777260077499 ], [ 77.490390506001404, 26.899556452007499 ], [ 77.490087324593006, 26.8992395090572 ], [ 77.489485734076197, 26.898832939546999 ], [ 77.488865054359593, 26.8985215023066 ], [ 77.488319327824499, 26.898256129060801 ], [ 77.487957475199096, 26.898168004977101 ], [ 77.486868829364198, 26.897750916761801 ], [ 77.485906509116006, 26.8972942709952 ], [ 77.485074725307697, 26.8970053614809 ], [ 77.484262311422597, 26.896640343031098 ], [ 77.483749429539998, 26.896422032393101 ], [ 77.483060814730095, 26.895903292579298 ], [ 77.482412904831406, 26.895308441289199 ], [ 77.481544626964606, 26.894802214365399 ], [ 77.480753267343999, 26.8944366880743 ], [ 77.478402488534897, 26.8933976856508 ], [ 77.476985676897698, 26.892493370221199 ], [ 77.4756516787008, 26.8914934072459 ], [ 77.474265746651497, 26.8905410056371 ], [ 77.473531935353805, 26.889890543772999 ], [ 77.471915810012902, 26.888573084136102 ], [ 77.470838112395498, 26.887681749634002 ], [ 77.469934182640898, 26.886996218483699 ], [ 77.469503552751505, 26.886662715339199 ], [ 77.469214688243, 26.886506479293299 ], [ 77.466828538269596, 26.885789893892401 ], [ 77.464271708392104, 26.8850001924887 ], [ 77.463868308684894, 26.8849506168836 ], [ 77.4634242040663, 26.884958128340301 ], [ 77.463086493664207, 26.885002195542999 ], [ 77.462875389572403, 26.885024729901399 ], [ 77.462475077823896, 26.885107355843601 ], [ 77.462285870167193, 26.8851674474001 ], [ 77.462074766075403, 26.885190482488198 ], [ 77.461896506636194, 26.885193487064601 ], [ 77.461960230876699, 26.884794378470598 ], [ 77.462055396152095, 26.8842996220712 ], [ 77.462502308005895, 26.8829555563029 ], [ 77.462619369716407, 26.882498349959501 ], [ 77.462931253554103, 26.8812604282111 ], [ 77.463608639423001, 26.8788316183951 ], [ 77.463596287587904, 26.878263219284001 ], [ 77.463602744228993, 26.877580635781602 ], [ 77.463373954555095, 26.876291578366398 ], [ 77.462982345235901, 26.875316512352502 ], [ 77.462446444024195, 26.874520227243401 ], [ 77.461914472941899, 26.8739998844474 ], [ 77.461646381974305, 26.873737959304201 ], [ 77.460380599594302, 26.872944667979301 ], [ 77.459520181986207, 26.872296108120899 ], [ 77.458410481886801, 26.871666074981899 ], [ 77.457467250838405, 26.8713084870441 ], [ 77.456556864442703, 26.871286450775699 ], [ 77.4555518742186, 26.871294463964698 ], [ 77.454980882566105, 26.871323010946 ], [ 77.454435998201603, 26.871559900530201 ], [ 77.453640147004606, 26.871953045996499 ], [ 77.4524712142411, 26.872693758390401 ], [ 77.450680759590497, 26.874070999773501 ], [ 77.449763074383, 26.8746935073735 ], [ 77.449406274781097, 26.874832231448099 ], [ 77.449130885001793, 26.874818208805699 ], [ 77.448893392898597, 26.87459484791 ], [ 77.448745451600203, 26.874114069597098 ], [ 77.448609019966497, 26.8736803657401 ], [ 77.448477922079704, 26.872506953085299 ], [ 77.448220498606105, 26.871355063688299 ], [ 77.447756181893595, 26.869950744394099 ], [ 77.447558271807594, 26.869594152695601 ], [ 77.447029669407598, 26.8686365581882 ], [ 77.446373337803095, 26.867798656342799 ], [ 77.446311578627302, 26.867720024470199 ], [ 77.445468565877903, 26.866900146210899 ], [ 77.442435628899901, 26.864678381480299 ], [ 77.441245080424906, 26.8638549751713 ], [ 77.438865387092505, 26.862417004889199 ], [ 77.438441494567897, 26.862386452204898 ], [ 77.437996828502193, 26.862375433202001 ], [ 77.437573778148106, 26.862382445294902 ], [ 77.436963485202, 26.862544725037399 ], [ 77.436290029462398, 26.862708006271799 ], [ 77.435613485763994, 26.8627385588693 ], [ 77.434841215343198, 26.862742565766698 ], [ 77.432981421981594, 26.8628502510815 ], [ 77.431123032237494, 26.863034067172698 ], [ 77.430023999632098, 26.8630906644376 ], [ 77.429435322397495, 26.8632714749792 ], [ 77.4291419663125, 26.863409211347498 ], [ 77.428846364439394, 26.863433252587299 ], [ 77.428486757602201, 26.863439763755501 ], [ 77.428230737746205, 26.863349108225599 ], [ 77.427966857631503, 26.862879801917401 ], [ 77.427717855863705, 26.862402479843599 ], [ 77.427702135346195, 26.862372428019199 ], [ 77.427543526553805, 26.860896372751299 ], [ 77.427530893995197, 26.8598064736371 ], [ 77.427563738647706, 26.8593702105251 ], [ 77.427697643769804, 26.858704042022399 ], [ 77.428062584353995, 26.857958730056001 ], [ 77.428512022719502, 26.857192375938698 ], [ 77.429569508243105, 26.855686199485799 ], [ 77.429596738425104, 26.855642621750899 ], [ 77.429917324692099, 26.855130206437099 ], [ 77.430908559463504, 26.8539946698045 ], [ 77.431675496137302, 26.8532423141584 ], [ 77.4320227511393, 26.852667775553002 ], [ 77.432241996213307, 26.852038133993101 ], [ 77.432346986812206, 26.851496148555999 ], [ 77.432337442212301, 26.851060354316498 ], [ 77.432187816572693, 26.849588158838099 ], [ 77.432019101733403, 26.8490371450578 ], [ 77.431880705034999, 26.8484896350719 ], [ 77.431443057057507, 26.847814886734302 ], [ 77.431003444015303, 26.847044957400101 ], [ 77.4306974553717, 26.846595620814401 ], [ 77.430283949617504, 26.8463271200634 ], [ 77.429726994141305, 26.8460145362973 ], [ 77.428851417462795, 26.845631319444799 ], [ 77.428056408436404, 26.8450572431443 ], [ 77.427515454201199, 26.844497691278399 ], [ 77.426971692730802, 26.843805886983301 ], [ 77.426641281140405, 26.843185714152 ], [ 77.426462179530603, 26.842733857494299 ], [ 77.426235074197805, 26.842500915164699 ], [ 77.425611587245896, 26.842037533836798 ], [ 77.424773066072902, 26.841407332187298 ], [ 77.423678525043897, 26.840667917830601 ], [ 77.423273440995501, 26.840523140335002 ], [ 77.423206348072696, 26.840353314593902 ], [ 77.423245649366393, 26.840220058819298 ], [ 77.423452261881707, 26.839989115169399 ], [ 77.423659716567698, 26.839795743334399 ], [ 77.423970477511304, 26.839487149255699 ], [ 77.424131612815302, 26.839105413209101 ], [ 77.424255131166902, 26.838846413085101 ], [ 77.424445742441307, 26.838446139000901 ], [ 77.424789348037507, 26.837700693631302 ], [ 77.425469821865207, 26.836874085165199 ], [ 77.425781144255794, 26.8365840193098 ], [ 77.4261154859756, 26.8363886377448 ], [ 77.4265132712124, 26.8361922538834 ], [ 77.426887756396397, 26.835901685300598 ], [ 77.427177743799106, 26.835612117936702 ], [ 77.4274222539905, 26.835172254676699 ], [ 77.427812740415604, 26.834634697370799 ], [ 77.428340500645007, 26.834085113778201 ], [ 77.428964829767494, 26.8336006563853 ], [ 77.429131860265599, 26.833502963071499 ], [ 77.429630705971803, 26.833077119437601 ], [ 77.429938098233094, 26.832616705519101 ], [ 77.430187100000893, 26.832385245366801 ], [ 77.430418416186598, 26.832324123775798 ], [ 77.430608746737406, 26.8323211177951 ], [ 77.430799919458806, 26.8323556865687 ], [ 77.4309276486632, 26.832391257324801 ], [ 77.431077274302794, 26.832464402788201 ], [ 77.4312271806658, 26.8325570870403 ], [ 77.431313082064804, 26.832612196559701 ], [ 77.431504254786205, 26.832646765244501 ], [ 77.432104441685397, 26.833015497226199 ], [ 77.432595707856393, 26.8332349322651 ], [ 77.432870536188702, 26.833229922337502 ], [ 77.433018196763499, 26.833208379645999 ], [ 77.433162769379507, 26.833035536973401 ], [ 77.433220036978895, 26.832749970240801 ], [ 77.4332329502611, 26.832370716467 ], [ 77.433517603916798, 26.830821123455198 ], [ 77.433823031113405, 26.8292805274295 ], [ 77.433956094064797, 26.828576605849101 ], [ 77.434117510092406, 26.8282133705824 ], [ 77.434239905549902, 26.828002944102099 ], [ 77.434654253474704, 26.827597621518301 ], [ 77.435387503325401, 26.8267604178696 ], [ 77.436190934057606, 26.825760875788301 ], [ 77.437758494228405, 26.823876001014 ], [ 77.439342897810803, 26.822303243919201 ], [ 77.440627207943507, 26.821030091334901 ], [ 77.441685535637603, 26.820083109062001 ], [ 77.442741898267002, 26.8190409183665 ], [ 77.443892864724802, 26.817968654475401 ], [ 77.444265946291296, 26.817602378831101 ], [ 77.444742053391806, 26.817119855211001 ], [ 77.445345889696895, 26.816673406293798 ], [ 77.445866351114603, 26.816285580554499 ], [ 77.446364916097295, 26.815859672205999 ], [ 77.446671466187993, 26.815361607942702 ], [ 77.446781509810293, 26.814582438633799 ], [ 77.446686063811399, 26.8135888020925 ], [ 77.446517348972094, 26.812624720794702 ], [ 77.446398602920496, 26.812020412017201 ], [ 77.446242801363397, 26.811662635650599 ], [ 77.446027767142198, 26.811495773177601 ], [ 77.445918846414003, 26.811345947504599 ], [ 77.445893300573104, 26.811137995155399 ], [ 77.445931478972696, 26.810947580621601 ], [ 77.446180761464106, 26.810734616619399 ], [ 77.446241678469306, 26.810619866438198 ], [ 77.446303999092095, 26.810562240757601 ], [ 77.446300630409795, 26.810410409476201 ], [ 77.446234379657596, 26.8102791228578 ], [ 77.446126301099994, 26.810166877689401 ], [ 77.446059208177203, 26.8099975075374 ], [ 77.4460985094709, 26.8098642160565 ], [ 77.446180200016997, 26.8097299222255 ], [ 77.446220624204798, 26.809634713816202 ], [ 77.446260767669102, 26.8095390042293 ], [ 77.446235502551701, 26.809350090305099 ], [ 77.446123774588202, 26.809067470477899 ], [ 77.446099351641493, 26.8089161382951 ], [ 77.446157742134901, 26.808697157262301 ], [ 77.446216413351905, 26.8084686548641 ], [ 77.446296138833404, 26.808239650902198 ], [ 77.446415446332097, 26.807896394644398 ], [ 77.446408708967397, 26.807574183810299 ], [ 77.446295296662797, 26.807215892305202 ], [ 77.446158865029005, 26.806782433236901 ], [ 77.4459191271376, 26.806445185902401 ], [ 77.445739464080702, 26.8059550980919 ], [ 77.445564011876797, 26.8056739731466 ], [ 77.445410736831505, 26.8054304311867 ], [ 77.445342521014595, 26.805203926672199 ], [ 77.4453352222029, 26.804862665697598 ], [ 77.445265602768401, 26.804579533566301 ], [ 77.445087624052704, 26.804270342449101 ], [ 77.444870063319797, 26.803989714449202 ], [ 77.444409676736697, 26.803239031136201 ], [ 77.443113856939405, 26.8005033547728 ], [ 77.441920220505594, 26.798097368343701 ], [ 77.441725117654798, 26.797873354929401 ], [ 77.441700694708004, 26.797722007808598 ], [ 77.441739715278203, 26.797569658185001 ], [ 77.441844705877003, 26.7975295661447 ], [ 77.441991524281306, 26.797470430359599 ], [ 77.442180451214497, 26.797410292241299 ], [ 77.442349166053802, 26.7973882415899 ], [ 77.442517038722499, 26.797328604579601 ], [ 77.4425779557277, 26.7972138408328 ], [ 77.442533039963493, 26.797082037783898 ], [ 77.442382010706396, 26.796951738041301 ], [ 77.442128236638595, 26.7964535907224 ], [ 77.441990401387201, 26.795944415749499 ], [ 77.4416757103142, 26.795077910960298 ], [ 77.440249634800693, 26.792173142174601 ], [ 77.440071936808494, 26.791778216176098 ], [ 77.439499541538396, 26.790726242881501 ], [ 77.438757589258501, 26.789658723089101 ], [ 77.438297202675301, 26.788889400955998 ], [ 77.437971282661294, 26.787994274307 ], [ 77.437749791799106, 26.787524154571599 ], [ 77.437249261751703, 26.786850546780499 ], [ 77.436231638968906, 26.7857494099588 ], [ 77.436036255394598, 26.785506326426201 ], [ 77.436010148106703, 26.785279280924399 ], [ 77.436046361441598, 26.784994095092198 ], [ 77.436169599069601, 26.784821680111399 ], [ 77.436399230914105, 26.784684850594299 ], [ 77.436628582035098, 26.7845294762175 ], [ 77.436899760961495, 26.7843540532782 ], [ 77.437233541234207, 26.7841395357155 ], [ 77.437440153749606, 26.783908477793702 ], [ 77.437595955306705, 26.783499489082701 ], [ 77.437230453275404, 26.783221315771801 ], [ 77.437072125206598, 26.782731127629798 ], [ 77.436654127875997, 26.7819798024322 ], [ 77.436065731364906, 26.7811557949634 ], [ 77.435629487005002, 26.780537785436699 ], [ 77.435473124000893, 26.7803067201834 ], [ 77.435236474068205, 26.779956863438301 ], [ 77.435054003776102, 26.779334336306199 ], [ 77.435051757987907, 26.778245657464598 ], [ 77.435211208950903, 26.777455205926099 ], [ 77.435320410402596, 26.776951459367002 ], [ 77.435517759041602, 26.775801104367499 ], [ 77.435598607417106, 26.775629176671501 ], [ 77.435951476889699, 26.775319906662101 ], [ 77.436285537885993, 26.775124419511801 ], [ 77.436387159802507, 26.7749334432784 ], [ 77.436383229673098, 26.774743970477498 ], [ 77.436316698197402, 26.774593093761801 ], [ 77.436165388216693, 26.774444221855699 ], [ 77.435994989036303, 26.7743900865688 ], [ 77.4358243091323, 26.774317404892901 ], [ 77.435572219405699, 26.7743976053602 ], [ 77.435510179506394, 26.774455249411002 ], [ 77.4353013212028, 26.7745730436848 ], [ 77.435092743622803, 26.774708882887101 ], [ 77.434965856588903, 26.774711389143899 ], [ 77.434689063191996, 26.7746211638636 ], [ 77.434322157543093, 26.774267279572101 ], [ 77.434058838875501, 26.7738166519446 ], [ 77.433972095305805, 26.773723418419099 ], [ 77.4339709724117, 26.773672290324299 ], [ 77.433970410964704, 26.773647728780301 ], [ 77.4340318894169, 26.773551988833699 ], [ 77.434114422133703, 26.773455747549601 ], [ 77.434302226172704, 26.773338954631601 ], [ 77.434531015846702, 26.773164015658601 ], [ 77.434633199210197, 26.772991582710802 ], [ 77.4346514462394, 26.772858749011402 ], [ 77.434583511146101, 26.772651227373899 ], [ 77.434454378324006, 26.772539947498998 ], [ 77.434282294802401, 26.772410120840501 ], [ 77.434068664198904, 26.7722998432534 ], [ 77.433623717409702, 26.7717675017585 ], [ 77.432629675403106, 26.770760958477702 ], [ 77.432478646145995, 26.770611580278398 ], [ 77.432453381028594, 26.770422601536801 ], [ 77.432618446462101, 26.770230113582699 ], [ 77.434264328496695, 26.769083199427101 ], [ 77.434391496254094, 26.769100242816599 ], [ 77.4344347276772, 26.769137337243802 ], [ 77.434520909799701, 26.769211526061898 ], [ 77.434564141222793, 26.769267668918999 ], [ 77.434586318381307, 26.7693052645668 ], [ 77.434609056987, 26.769380957099798 ], [ 77.434631234145499, 26.769437099873201 ], [ 77.434716293373995, 26.769454644484199 ], [ 77.434864234672403, 26.769452138111301 ], [ 77.434969786718298, 26.769450133012999 ], [ 77.435074777317098, 26.7694105323142 ], [ 77.435137378663498, 26.7693714328766 ], [ 77.435220192103699, 26.769294236511399 ], [ 77.435219069209595, 26.769237592391899 ], [ 77.435215700527294, 26.769085705808099 ], [ 77.435192400474605, 26.768972417332801 ], [ 77.435147203986901, 26.768840581487002 ], [ 77.435039125429299, 26.768728796600499 ], [ 77.434931889042204, 26.768654607467099 ], [ 77.434587160551899, 26.768357349169602 ], [ 77.434068944922402, 26.767968355686101 ], [ 77.433748358655393, 26.767689141758702 ], [ 77.433724777879206, 26.767610941684701 ], [ 77.433702881444106, 26.7675382556702 ], [ 77.433721409196806, 26.767424464367998 ], [ 77.433761271937598, 26.767310171667699 ], [ 77.433781203308001, 26.767252523990201 ], [ 77.433949075976699, 26.767192871145198 ], [ 77.434095894380903, 26.767133719553701 ], [ 77.434264047773198, 26.7670926141924 ], [ 77.434411427624497, 26.7670525113864 ], [ 77.434558807475796, 26.767030956122401 ], [ 77.434727803038598, 26.767027948410799 ], [ 77.434855251519494, 26.767044490823501 ], [ 77.435045862793899, 26.7670605319488 ], [ 77.435194646262801, 26.7670956219022 ], [ 77.435280266938307, 26.7671512645205 ], [ 77.435409961207498, 26.7672815984747 ], [ 77.435474527618496, 26.767337241001901 ], [ 77.4355197241063, 26.767469078592601 ], [ 77.435629767728599, 26.767676108416801 ], [ 77.435715949851101, 26.767750298189299 ], [ 77.435847609184904, 26.7679753736215 ], [ 77.4360376590122, 26.767972365935002 ], [ 77.436269817368498, 26.767949307001899 ], [ 77.436354034426401, 26.767928754470599 ], [ 77.436478394948494, 26.767812958432401 ], [ 77.436519380583405, 26.767755311009999 ], [ 77.436643741105499, 26.767639514794901 ], [ 77.436768663074702, 26.7675427672173 ], [ 77.436998294919206, 26.7674059168762 ], [ 77.437101881900404, 26.7673091690997 ], [ 77.437248700304707, 26.767250017568699 ], [ 77.437458681502306, 26.767189362153299 ], [ 77.437607184247696, 26.7672059045426 ], [ 77.437798918416206, 26.767278590769699 ], [ 77.437864046274299, 26.767353282085701 ], [ 77.437949386226293, 26.7673893745161 ], [ 77.438276709857902, 26.768125256568499 ], [ 77.439125056354399, 26.769445621541699 ], [ 77.439212080647494, 26.769557906996798 ], [ 77.439339248404906, 26.769574449041102 ], [ 77.439402691921899, 26.769573446492998 ], [ 77.439548668155496, 26.769476199288299 ], [ 77.439610427331303, 26.769399504269099 ], [ 77.439692960048006, 26.7693032594659 ], [ 77.439733945682903, 26.769245612799899 ], [ 77.439775212041198, 26.769187966104599 ], [ 77.439837813387598, 26.769148866590299 ], [ 77.439921468998406, 26.769109767062599 ], [ 77.4400475138617, 26.7690696649689 ], [ 77.440237563688996, 26.769066156034999 ], [ 77.440470844939398, 26.769100242816599 ], [ 77.440619628408299, 26.769135332139999 ], [ 77.440684475542895, 26.769191475034699 ], [ 77.440875648264296, 26.769244610248901 ], [ 77.440981481033702, 26.769243106422401 ], [ 77.441170969413903, 26.7692020018244 ], [ 77.441401724152598, 26.769121797687902 ], [ 77.441589808915197, 26.76902404882 ], [ 77.441819440759701, 26.768887200263599 ], [ 77.441944082005307, 26.7687714052025 ], [ 77.442234911578595, 26.768538812168799 ], [ 77.442401661353202, 26.7684225154734 ], [ 77.442526864045902, 26.768344315904301 ], [ 77.442695017438197, 26.7683037122607 ], [ 77.442779515219598, 26.768302208421801 ], [ 77.442886190159598, 26.768338300550599 ], [ 77.442929702306103, 26.768394443839401 ], [ 77.442953283082304, 26.768507732891202 ], [ 77.442998198846595, 26.768639569123302 ], [ 77.443021779622796, 26.7687528579306 ], [ 77.443088030374994, 26.768884192601199 ], [ 77.443176177562194, 26.769053624127402 ], [ 77.443242147590894, 26.769165909969999 ], [ 77.443330014054595, 26.769316292621099 ], [ 77.443460831217905, 26.769503769380499 ], [ 77.443570594116693, 26.769691245830501 ], [ 77.443766539137997, 26.769953411577202 ], [ 77.443917287671596, 26.770083241044201 ], [ 77.444089090469703, 26.770213070362701 ], [ 77.444347356113894, 26.770417087563398 ], [ 77.445055340847205, 26.771400074393501 ], [ 77.445578609500203, 26.771825147144401 ], [ 77.446733225363801, 26.772794587772701 ], [ 77.447972619732397, 26.773405120591299 ], [ 77.448518626991003, 26.7735635177321 ], [ 77.449093829496306, 26.7736076282889 ], [ 77.4494719640863, 26.773614645875998 ], [ 77.449865538470107, 26.773635197378301 ], [ 77.450107522149807, 26.773644219987901 ], [ 77.450350348, 26.773680811675 ], [ 77.450502500151302, 26.7737324410217 ], [ 77.450639773955601, 26.773784571600402 ], [ 77.450776767036402, 26.773822667008201 ], [ 77.450943516811094, 26.773846727259102 ], [ 77.451064227927404, 26.773844722238401 ], [ 77.451214695737406, 26.773801614284402 ], [ 77.451365163547493, 26.773771538958002 ], [ 77.451680977514599, 26.773698355630401 ], [ 77.451922119023706, 26.773667277764702 ], [ 77.452148943632906, 26.773663267716898 ], [ 77.452315131960503, 26.7736602601809 ], [ 77.452390927312607, 26.7736727915802 ], [ 77.452531569799305, 26.773783569089499 ], [ 77.452685125568095, 26.773902867824798 ], [ 77.452856086195695, 26.774116903477001 ], [ 77.453012729923302, 26.774371540214499 ], [ 77.453400128389603, 26.774812140622199 ], [ 77.453974769447896, 26.775520907201599 ], [ 77.454213945892306, 26.7760993456717 ], [ 77.454283003879794, 26.7764913187658 ], [ 77.454365817319996, 26.776828655140601 ], [ 77.454446946419097, 26.777084789519598 ], [ 77.454543234588598, 26.777413603061198 ], [ 77.4545920804822, 26.7775028236445 ], [ 77.454726547051294, 26.777542922760201 ], [ 77.454849784679297, 26.777538912849302 ], [ 77.455056677918193, 26.777523875682 ], [ 77.455162229964102, 26.777522371965201 ], [ 77.455246727745504, 26.777520868248299 ], [ 77.455436496849302, 26.777498312493101 ], [ 77.455646758770499, 26.777438163790499 ], [ 77.455941518473097, 26.777376010097701 ], [ 77.456130445406302, 26.777315861330401 ], [ 77.456339865156906, 26.777217618275198 ], [ 77.456569777724894, 26.777099826745001 ], [ 77.456695541864704, 26.777040680313501 ], [ 77.456905242338806, 26.776960982954499 ], [ 77.4571157849835, 26.77691988115 ], [ 77.457368155433699, 26.776858228415399 ], [ 77.457642422318898, 26.7768346700446 ], [ 77.457938024192003, 26.7768106104268 ], [ 77.458149409007305, 26.7768071017321 ], [ 77.458234468235801, 26.7768246452044 ], [ 77.458403463798604, 26.776821637752199 ], [ 77.458594075072995, 26.776837176254499 ], [ 77.458742016371303, 26.7768346700446 ], [ 77.458973613280506, 26.77679256571 ], [ 77.459184717372295, 26.7767700098101 ], [ 77.4593534322116, 26.7767479551481 ], [ 77.459626856926207, 26.776686302320101 ], [ 77.459900000917301, 26.776606103469401 ], [ 77.460131317102906, 26.776544951807701 ], [ 77.460299189771604, 26.7764853038436 ], [ 77.460592545856599, 26.7763665090655 ], [ 77.461630661456795, 26.775959498166099 ], [ 77.462812788226003, 26.775543463349699 ], [ 77.4634140980193, 26.7753219116568 ], [ 77.4637711783448, 26.775221160630799 ], [ 77.464128539393698, 26.7751199082659 ], [ 77.464318027773999, 26.775078805795001 ], [ 77.464485900442696, 26.775019157060701 ], [ 77.464588645253301, 26.774884320730798 ], [ 77.464687740658107, 26.774579559960198 ], [ 77.464831751827106, 26.7743875803049 ], [ 77.464998220878201, 26.774270788345301 ], [ 77.465250591328299, 26.774209635425901 ], [ 77.465587740283397, 26.7741464774581 ], [ 77.465840952904102, 26.774123419778601 ], [ 77.466136274053696, 26.774099359586302 ], [ 77.466388363780297, 26.774019158908398 ], [ 77.466787833358197, 26.7739174042168 ], [ 77.467186460765603, 26.773777554023901 ], [ 77.4677945079235, 26.773539457421201 ], [ 77.468210820913001, 26.773229179204399 ], [ 77.468513160150806, 26.772541451281899 ], [ 77.468574357879504, 26.7721118698467 ], [ 77.468750371530504, 26.771295309756599 ], [ 77.468717807601493, 26.770764968628001 ], [ 77.468703771425197, 26.770120836421999 ], [ 77.468686085843004, 26.769305765841999 ], [ 77.468717807601493, 26.768812509956302 ], [ 77.468615343514401, 26.767979885151298 ], [ 77.468497720356893, 26.767432484903999 ], [ 77.468510914362597, 26.767072061506099 ], [ 77.468652118296305, 26.766747228312301 ], [ 77.469065343327003, 26.7663040901733 ], [ 77.469585804744796, 26.765813828996201 ], [ 77.469794101601295, 26.765677477863299 ], [ 77.469961693546495, 26.765598775112899 ], [ 77.470108231227201, 26.765539121399399 ], [ 77.470318493148397, 26.765478465070501 ], [ 77.470465872999696, 26.765456909507702 ], [ 77.470948717464907, 26.765296997182102 ], [ 77.471138486568606, 26.765274940291999 ], [ 77.471349871383893, 26.7652709299478 ], [ 77.471560414028701, 26.765229322619199 ], [ 77.471747656620707, 26.765093472078501 ], [ 77.4717636578617, 26.764846835257401 ], [ 77.471759166285295, 26.764638296389201 ], [ 77.4716485612159, 26.7644127130478 ], [ 77.471474512629598, 26.764188131854201 ], [ 77.471345660531, 26.764095893021 ], [ 77.471216808432501, 26.764003152814301 ], [ 77.471149996233194, 26.763852763129101 ], [ 77.471061849045995, 26.763683825145201 ], [ 77.470934681288597, 26.763666780942899 ], [ 77.470808355701706, 26.763688336845298 ], [ 77.470683153009006, 26.76376603832 ], [ 77.470599778121695, 26.763824189066298 ], [ 77.470494506799298, 26.763845243639601 ], [ 77.470198624202595, 26.763850256632601 ], [ 77.470006890034199, 26.7637780695114 ], [ 77.469853053541797, 26.763515388210799 ], [ 77.469660477202794, 26.7634046006863 ], [ 77.469405580240903, 26.763352465343299 ], [ 77.469054395109495, 26.7632963195625 ], [ 77.468911506834601, 26.763206085213799 ], [ 77.4687220184544, 26.763023109786801 ], [ 77.468651276125698, 26.762683225882501 ], [ 77.468533652968205, 26.7623323122302 ], [ 77.468530565009402, 26.762180416413202 ], [ 77.468568181961999, 26.761971371342799 ], [ 77.468586148267605, 26.7618194750432 ], [ 77.468584463926504, 26.761743777471501 ], [ 77.468519336068397, 26.7616690824673 ], [ 77.468391326140406, 26.761614439782001 ], [ 77.468200714866001, 26.761598899197001 ], [ 77.468031157856203, 26.761582857300599 ], [ 77.467775980170799, 26.761511170048301 ], [ 77.467520241038301, 26.761420934281801 ], [ 77.467370334675294, 26.7613286932019 ], [ 77.467241201853199, 26.761217402234099 ], [ 77.4671106654135, 26.761048961643102 ], [ 77.467043572490695, 26.7608795181776 ], [ 77.466913036050997, 26.760711077085698 ], [ 77.466844820234101, 26.7604849846322 ], [ 77.466713441623796, 26.7602784430177 ], [ 77.466582063013504, 26.760072402343699 ], [ 77.466345974527897, 26.759905965322002 ], [ 77.466004614719907, 26.759760082069398 ], [ 77.465768806957797, 26.759612694675599 ], [ 77.465658201888502, 26.7593871013555 ], [ 77.465654271759107, 26.7591976026205 ], [ 77.4656702730001, 26.758969501872201 ], [ 77.465686274241094, 26.758722851756598 ], [ 77.4656786947059, 26.758381952341399 ], [ 77.465565843848296, 26.758042555878301 ], [ 77.465370179550504, 26.7577994130326 ], [ 77.465194727346599, 26.7576615483014 ], [ 77.464958919584504, 26.757513656858301 ], [ 77.464891826661699, 26.757344208120699 ], [ 77.4648645964796, 26.757060456118701 ], [ 77.464689424999193, 26.7567792100606 ], [ 77.464583030782805, 26.7567431142595 ], [ 77.464371645967503, 26.756746623573999 ], [ 77.4641605418757, 26.756769183450299 ], [ 77.464033374118301, 26.7567526395414 ], [ 77.463842762843996, 26.756737098291499 ], [ 77.463692014310297, 26.756606752240501 ], [ 77.463603305676003, 26.756418752865098 ], [ 77.463599375546707, 26.756229249179999 ], [ 77.463596006864407, 26.756077846537799 ], [ 77.4634868054126, 26.755908896993599 ], [ 77.463208889121603, 26.755762005939498 ], [ 77.462910480013207, 26.755653717532301 ], [ 77.462484903147299, 26.7555283835989 ], [ 77.462205302515102, 26.755305790192399 ], [ 77.462087960081107, 26.754978416665001 ], [ 77.461891172889196, 26.7546786158847 ], [ 77.4617553027025, 26.754264007147899 ], [ 77.461513599746397, 26.753831849877599 ], [ 77.461335059583604, 26.753399189618701 ], [ 77.461075671045407, 26.753138489710398 ], [ 77.460668902655797, 26.7528988458056 ], [ 77.460222552248993, 26.752793061410699 ], [ 77.4598612610706, 26.752704322766601 ], [ 77.459389926270006, 26.752409028135599 ], [ 77.459110325637795, 26.752186428619599 ], [ 77.458892764904903, 26.7519061732037 ], [ 77.458726857300903, 26.751539684309499 ], [ 77.458560107526296, 26.751172191523199 ], [ 77.458381567363602, 26.750739521139899 ], [ 77.457827419122694, 26.7500316026623 ], [ 77.457484374973603, 26.749044921395502 ], [ 77.456804462592899, 26.7463335092602 ], [ 77.456612166977393, 26.745641607493699 ], [ 77.456127918894495, 26.7433903907252 ], [ 77.45595639682, 26.742176520158601 ], [ 77.455948817284707, 26.741826044585501 ], [ 77.454831537650193, 26.742035628105299 ], [ 77.454398381249106, 26.7420481629925 ], [ 77.453670184421895, 26.7420707257861 ], [ 77.452556834916606, 26.742364543089501 ], [ 77.452498444423199, 26.7423800863046 ], [ 77.452093921821799, 26.742387105820399 ], [ 77.450868282906001, 26.742408164365099 ], [ 77.450787995977507, 26.7423800863046 ], [ 77.4502826936302, 26.742201088505901 ], [ 77.447997323402703, 26.740690375972498 ], [ 77.447507180125797, 26.740365968771702 ], [ 77.447410891956295, 26.740296273750101 ], [ 77.446982507855196, 26.739983899135201 ], [ 77.445539308206506, 26.7389369615851 ], [ 77.444987125030295, 26.7385313208345 ], [ 77.444068316928806, 26.7378564196677 ], [ 77.443998136047199, 26.7378047740197 ], [ 77.443802752472905, 26.737629278924 ], [ 77.442829203283694, 26.736753303640199 ], [ 77.442586096710002, 26.7364860471017 ], [ 77.442193083773105, 26.7360538222526 ], [ 77.441899727688195, 26.735713356278701 ], [ 77.441530576251097, 26.735283635619801 ], [ 77.440920283305005, 26.734225121914498 ], [ 77.440910457981502, 26.734208073294901 ], [ 77.440444737651404, 26.733564235316901 ], [ 77.439512454820601, 26.731856342154298 ], [ 77.439442835386103, 26.731731483427598 ], [ 77.439176709483206, 26.731253609203598 ], [ 77.438671407135899, 26.7302632548673 ], [ 77.438355312445296, 26.729867612168 ], [ 77.437974932067206, 26.7293922373713 ], [ 77.437247296687005, 26.7290061192497 ], [ 77.436995206960404, 26.728872231231399 ], [ 77.436674901416893, 26.728725806701501 ], [ 77.435805500656002, 26.728328654287999 ], [ 77.434477397653097, 26.7277289113999 ], [ 77.433714952555803, 26.727422018331499 ], [ 77.433369943341901, 26.7272831138438 ], [ 77.431390561758107, 26.726795693144702 ], [ 77.429925184950903, 26.7262119890663 ], [ 77.429595896254497, 26.726023437968198 ], [ 77.429239096652594, 26.7258188396147 ], [ 77.427687818446401, 26.7247898246708 ], [ 77.427642902682194, 26.724759736374502 ], [ 77.427444711872596, 26.7245250473905 ], [ 77.427245398168907, 26.7242883520276 ], [ 77.426372909449199, 26.723477967565401 ], [ 77.425319915502101, 26.7225396996336 ], [ 77.4243856676066, 26.721860691720099 ], [ 77.423277371124897, 26.721358203196498 ], [ 77.421282269023493, 26.720508681624899 ], [ 77.419930023797406, 26.719908897523101 ], [ 77.419481427602406, 26.719736383784799 ], [ 77.419100205053695, 26.719590448993898 ], [ 77.417766206856797, 26.719091962420698 ], [ 77.416369326590001, 26.7186666924717 ], [ 77.415252608402398, 26.718275021455099 ], [ 77.414473881340498, 26.718002706497 ], [ 77.414198210837696, 26.7179059166772 ], [ 77.413699926578502, 26.717732898400602 ], [ 77.413482927292705, 26.717658174483901 ], [ 77.412298274011803, 26.717360281335001 ], [ 77.411146746106894, 26.717074925045502 ], [ 77.410250115164004, 26.7169380139532 ], [ 77.409608381182906, 26.716839718708499 ], [ 77.409120202970698, 26.7167790363977 ], [ 77.408281401074106, 26.716674221420998 ], [ 77.407376629148899, 26.716392373971601 ], [ 77.406957508924194, 26.716261981677 ], [ 77.4064693307119, 26.715920453459201 ], [ 77.406205731320796, 26.715736900425402 ], [ 77.405925569241504, 26.715541812313699 ], [ 77.404898121135304, 26.715037791351499 ], [ 77.404227191907495, 26.714911911141101 ], [ 77.404175258055105, 26.714902382354602 ], [ 77.403828564500103, 26.714837686888 ], [ 77.402082464166597, 26.714693250364999 ], [ 77.400075290953694, 26.714799571712302 ], [ 77.399541635530198, 26.714823644456299 ], [ 77.398511380188793, 26.714869783868298 ], [ 77.396669833856294, 26.714799571712302 ], [ 77.395457669669796, 26.7147183261634 ], [ 77.394379972052405, 26.714295547464001 ], [ 77.393333996193405, 26.7138843021458 ], [ 77.392862661392797, 26.713637052721101 ], [ 77.392534495590596, 26.713464027956501 ], [ 77.391701869611595, 26.713000119681301 ], [ 77.391600809142105, 26.712904328655998 ], [ 77.390516093436602, 26.7118767015406 ], [ 77.389873236561399, 26.711310474535399 ], [ 77.389578757582299, 26.711050681220399 ], [ 77.389154865057606, 26.710579240100401 ], [ 77.388463723735896, 26.709810385660798 ], [ 77.387483156458501, 26.708450709296599 ], [ 77.387345040483595, 26.708260624144 ], [ 77.386535995280795, 26.707148193327502 ], [ 77.386306082712807, 26.706944062597302 ], [ 77.386145508855805, 26.7068011207135 ], [ 77.385945352981494, 26.706623070045801 ], [ 77.385944230087404, 26.7066225684942 ], [ 77.385808359900693, 26.7065884629823 ], [ 77.384970680898306, 26.706377811064598 ], [ 77.382906240085902, 26.706441508233201 ], [ 77.382407394379698, 26.706486146385199 ], [ 77.382100563565501, 26.706513230199299 ], [ 77.382013539272407, 26.706566394704399 ], [ 77.381614911865, 26.706811151728701 ], [ 77.381346820897406, 26.707129636003501 ], [ 77.3810952926179, 26.707428057468402 ], [ 77.380986652613203, 26.707460156537401 ], [ 77.380421275431303, 26.7076266703125 ], [ 77.379712167803802, 26.707625667218199 ], [ 77.379695324392301, 26.7076251656711 ], [ 77.379385124895705, 26.707616137821901 ], [ 77.378774831949599, 26.707597580574198 ], [ 77.377916940853297, 26.707481221546502 ], [ 77.376856367370905, 26.707588051175499 ], [ 77.374977765533004, 26.707776632811299 ], [ 77.373767285687705, 26.707767604974102 ], [ 77.373089899818694, 26.707770614253299 ], [ 77.372637654217897, 26.7077726204393 ], [ 77.371685720740203, 26.707788669926401 ], [ 77.369942427642002, 26.707774125078799 ], [ 77.369826208102097, 26.707765097241499 ], [ 77.368321810724794, 26.707649741478999 ], [ 77.367930201405599, 26.707619648652202 ], [ 77.366138623860806, 26.7076201501994 ], [ 77.365252098964802, 26.707664286342499 ], [ 77.365026958696703, 26.707758075589702 ], [ 77.364420315156394, 26.708011857871401 ], [ 77.364192929100099, 26.708230531478598 ], [ 77.364008213019801, 26.7084090811768 ], [ 77.3624866915073, 26.708955260959499 ], [ 77.361323373214404, 26.709239132979999 ], [ 77.361017384570701, 26.709313862422501 ], [ 77.360200759832793, 26.709631838159801 ], [ 77.358115264755995, 26.710246220941301 ], [ 77.3573783654995, 26.7105300897436 ], [ 77.357330642500003, 26.7105481449791 ], [ 77.3554826395265, 26.710926301199599 ], [ 77.355115733877597, 26.7109734452557 ], [ 77.354041966389602, 26.711109861989101 ], [ 77.352770288815506, 26.711275868896401 ], [ 77.351645148922103, 26.7114970438863 ], [ 77.351178586421398, 26.711562744310701 ], [ 77.350041936863505, 26.711698157279599 ], [ 77.349198081943499, 26.711798463078701 ], [ 77.348890408958695, 26.711911306996999 ], [ 77.348493465892503, 26.712057251632199 ], [ 77.347764988341794, 26.712380736497 ], [ 77.347189785836406, 26.712637016101802 ], [ 77.347250422118094, 26.7130507735416 ], [ 77.347312742740897, 26.713475061427602 ], [ 77.347528338409106, 26.713677675888601 ], [ 77.347691158054403, 26.713830639537299 ], [ 77.347810184829498, 26.7139464905575 ], [ 77.347954757445507, 26.714087918915901 ], [ 77.348033921479995, 26.7142323562068 ], [ 77.348189442313497, 26.7145177196216 ], [ 77.348197864019298, 26.714923445986901 ], [ 77.348107190320306, 26.7152288682177 ], [ 77.348009779256699, 26.715330173932699 ], [ 77.347822817388206, 26.715523256357599 ], [ 77.347784358265102, 26.715735897402499 ], [ 77.347764707618296, 26.715843220798 ], [ 77.347772848600499, 26.716233897163299 ], [ 77.347887103075706, 26.7165628867468 ], [ 77.348193091719395, 26.7174440325179 ], [ 77.348262430430395, 26.7176747240804 ], [ 77.348279273841896, 26.7180032079984 ], [ 77.348289099165399, 26.718195784389 ], [ 77.348345524594095, 26.718585951181598 ], [ 77.348543996127205, 26.718967089687698 ], [ 77.348547364809505, 26.718973609151099 ], [ 77.348748082130797, 26.7193181371827 ], [ 77.348850826941501, 26.719620538656802 ], [ 77.348902480070294, 26.719778007763001 ], [ 77.348954413922698, 26.719937482623099 ], [ 77.349146990261701, 26.720672668868399 ], [ 77.349275000189706, 26.721800012086 ], [ 77.349497613945999, 26.722418842539099 ], [ 77.349568917721697, 26.722600378873299 ], [ 77.349668013126504, 26.722851620670198 ], [ 77.349771038660606, 26.722949409243601 ], [ 77.349997301822796, 26.7231645438093 ], [ 77.350151980485805, 26.7236259032783 ], [ 77.350161244362198, 26.7240747240104 ], [ 77.3501407515447, 26.7243189419221 ], [ 77.350122223791999, 26.7245385871528 ], [ 77.350195492632395, 26.724957817512099 ], [ 77.3502084059146, 26.725188995315101 ], [ 77.350281394031398, 26.725267224573798 ], [ 77.350422878688704, 26.725417665304601 ], [ 77.350574188669299, 26.7257195491046 ], [ 77.350616577921798, 26.725953232692301 ], [ 77.350628929756994, 26.726022435036001 ], [ 77.350635386398096, 26.726326323090699 ], [ 77.350641562315602, 26.726630711797199 ], [ 77.350628649033396, 26.726646257162301 ], [ 77.350405473829994, 26.7269250704474 ], [ 77.350297956719501, 26.727201877205601 ], [ 77.350251075890597, 26.727376385467899 ], [ 77.350208125191003, 26.7275353482211 ], [ 77.350132610562497, 26.727798112663699 ], [ 77.349929366729498, 26.7281195469678 ], [ 77.349691032455596, 26.7282975640153 ], [ 77.349667170955897, 26.7283351732151 ], [ 77.349503789863604, 26.728591416898499 ], [ 77.349484419940296, 26.728751882316502 ], [ 77.349475998234496, 26.728822085865701 ], [ 77.349693278243805, 26.729195166857401 ], [ 77.349840658095104, 26.729294955786202 ], [ 77.350258374702193, 26.7295782756348 ], [ 77.350327713413293, 26.7296870903272 ], [ 77.350358312277606, 26.729735229512801 ], [ 77.350475654711602, 26.7299503512493 ], [ 77.350509341534803, 26.730160458100499 ], [ 77.350531237969804, 26.730297353286499 ], [ 77.350573065775194, 26.730760188171399 ], [ 77.350607594769002, 26.730865491620101 ], [ 77.350676652756405, 26.731076098225099 ], [ 77.350829366354702, 26.7312746698098 ], [ 77.350875405012999, 26.731334341506201 ], [ 77.351042996958199, 26.731635708166799 ], [ 77.351135354998405, 26.732199326867001 ], [ 77.351141530915996, 26.732498685486 ], [ 77.351146583939396, 26.7327494039912 ], [ 77.351109247710397, 26.733285939735801 ], [ 77.351434044830398, 26.734555563773501 ], [ 77.351506471500102, 26.7346563508565 ], [ 77.351649921222105, 26.734855919046101 ], [ 77.351718979209494, 26.735067019689701 ], [ 77.351753227479705, 26.735173322003298 ], [ 77.351620445251797, 26.735769014261699 ], [ 77.351062647605104, 26.7369082419462 ], [ 77.350841998913396, 26.737331939472401 ], [ 77.350690127485706, 26.7376242647744 ], [ 77.350256971084605, 26.738610042329402 ], [ 77.349664644444204, 26.739959330308899 ], [ 77.349227838637205, 26.740720460055499 ], [ 77.348529679227397, 26.742078748111702 ], [ 77.348290222059504, 26.742673902808701 ], [ 77.348061151661994, 26.743244486274101 ], [ 77.347906753722597, 26.744377121067298 ], [ 77.347695368907296, 26.745075047114501 ], [ 77.347665612213504, 26.745385903601299 ], [ 77.347575499961494, 26.7463234817284 ], [ 77.347643435054906, 26.746872989165201 ], [ 77.347839660799806, 26.747781976932199 ], [ 77.347910122404897, 26.748003080965699 ], [ 77.348184670013595, 26.7488629258971 ], [ 77.348210496578005, 26.749325685229401 ], [ 77.348171195284294, 26.749775407282499 ], [ 77.348034763650503, 26.750052158430901 ], [ 77.348034763650503, 26.750052659791098 ], [ 77.348146491614003, 26.7503444510318 ], [ 77.348313241388595, 26.750730496711199 ], [ 77.348390721081898, 26.750908979724901 ], [ 77.348702885643107, 26.751700618702699 ], [ 77.348908094540803, 26.752416548381898 ], [ 77.349074282868401, 26.753203664743499 ], [ 77.349315424377494, 26.753616773315098 ], [ 77.349573409298102, 26.753839871373199 ], [ 77.3499156112767, 26.754023864273599 ], [ 77.350054288698601, 26.754067982418 ], [ 77.350426247371004, 26.754186299175199 ], [ 77.350787538549298, 26.7542750366622 ], [ 77.351030364399506, 26.754357256644901 ], [ 77.351106721198704, 26.754383827724201 ], [ 77.351385479660294, 26.7545683210842 ], [ 77.351423377336303, 26.7546044175761 ], [ 77.351601075328503, 26.754773369059599 ], [ 77.351754911820905, 26.7550551214199 ], [ 77.351783826344104, 26.755433631053499 ], [ 77.351706065927303, 26.755756491254601 ], [ 77.351457625606599, 26.756027211834301 ], [ 77.351058717475695, 26.756667413305902 ], [ 77.350584013992702, 26.757225894651199 ], [ 77.349794338713295, 26.757902184814402 ], [ 77.349212398843306, 26.758385962928699 ], [ 77.348461182687004, 26.758854198022998 ], [ 77.348341594464799, 26.758924382988599 ], [ 77.347499985333002, 26.759419687085 ], [ 77.346411620221502, 26.759949579866301 ], [ 77.345543342354702, 26.760320553474401 ], [ 77.344493997813501, 26.760768226769901 ], [ 77.343594278911695, 26.761238457290499 ], [ 77.342319513378797, 26.761960843883099 ], [ 77.342101110475397, 26.7621322909634 ], [ 77.341653917898, 26.762483706538902 ], [ 77.340775533984299, 26.763540453246701 ], [ 77.340663244573804, 26.763675303044401 ], [ 77.340578466068806, 26.7637895994019 ], [ 77.339686045978794, 26.764991208095701 ], [ 77.339250643789498, 26.765433850063999 ], [ 77.338775940306505, 26.7659922883199 ], [ 77.338773694518295, 26.766003316695901 ], [ 77.338699864230904, 26.766390813044701 ], [ 77.3387697643889, 26.766711636964502 ], [ 77.338963744345605, 26.7668981154515 ], [ 77.339003045639302, 26.7669206733122 ], [ 77.339156039961097, 26.767007896998201 ], [ 77.339665553161296, 26.7670941180473 ], [ 77.340282583472103, 26.767273577928002 ], [ 77.340607380592004, 26.767337241001901 ], [ 77.340643313203401, 26.767344258976301 ], [ 77.341338103930994, 26.7676054275749 ], [ 77.3413678606247, 26.7676169570769 ], [ 77.341794841108197, 26.767818472532099 ], [ 77.341988540341404, 26.7679859005239 ], [ 77.342247928879601, 26.768265615001599 ], [ 77.342401203924993, 26.768553349247401 ], [ 77.342467735400703, 26.768679170090898 ], [ 77.342489070388694, 26.768796970356 ], [ 77.342516019847295, 26.768944345834701 ], [ 77.342578621193596, 26.769058636890598 ], [ 77.342667891274999, 26.769222052849699 ], [ 77.342958720848202, 26.769440608795598 ], [ 77.343607753640995, 26.770150411443701 ], [ 77.3443485830269, 26.7712186159658 ], [ 77.344847148009507, 26.771817126918599 ], [ 77.345074253342304, 26.772122897628499 ], [ 77.345347397333398, 26.7724913251771 ], [ 77.345490847055302, 26.7726031063603 ], [ 77.345798800763703, 26.772843209964801 ], [ 77.346249081299803, 26.773158000560201 ], [ 77.346656411136493, 26.773346473492602 ], [ 77.347263335400299, 26.773626174768001 ], [ 77.347542936032497, 26.773777052768398 ], [ 77.3478405029703, 26.773937955664302 ], [ 77.348270571412598, 26.774291339728901 ], [ 77.348380053587903, 26.774460261935801 ], [ 77.348453322428199, 26.774774045546401 ], [ 77.348472411627995, 26.774856250694 ], [ 77.348423565734393, 26.775558500779301 ], [ 77.348452480257706, 26.7760677672177 ], [ 77.348456971834096, 26.7761459614686 ], [ 77.348677339802194, 26.7765785351014 ], [ 77.349046491239307, 26.777180526487399 ], [ 77.349114707056202, 26.7772913005746 ], [ 77.3494552246935, 26.7778155963716 ], [ 77.350217950514505, 26.778989488889401 ], [ 77.350398455741896, 26.779389471697201 ], [ 77.350838068784, 26.780362356328499 ], [ 77.351365267566393, 26.781301149513499 ], [ 77.351491593153199, 26.781498129692899 ], [ 77.351583389746295, 26.7816394740384 ], [ 77.353175934310997, 26.7845234617212 ], [ 77.353522347142402, 26.784915906935701 ], [ 77.353601230453293, 26.785064263904701 ], [ 77.353742434387001, 26.785329401383301 ], [ 77.353811211650907, 26.785593535835901 ], [ 77.353792403174694, 26.785707308930601 ], [ 77.353703133093305, 26.785983972544098 ], [ 77.353477150654697, 26.786136838925302 ], [ 77.353244150127793, 26.7862942159027 ], [ 77.353020694200893, 26.786391448703199 ], [ 77.352741374292293, 26.7865122377879 ], [ 77.352471879706997, 26.786665103457601 ], [ 77.352260775615306, 26.786784388656798 ], [ 77.3520516365882, 26.7869212156427 ], [ 77.351930083301298, 26.7869598078397 ], [ 77.351925591724907, 26.786961311431501 ], [ 77.351736945515199, 26.7870405005728 ], [ 77.351677712851199, 26.787059044857401 ], [ 77.351610900651906, 26.787080596319399 ], [ 77.351551948711403, 26.787113174103201 ], [ 77.351506190776604, 26.787139737519901 ], [ 77.351445554494902, 26.7871958715122 ], [ 77.3514236580599, 26.787215919359799 ], [ 77.351385479660294, 26.787424416765401 ], [ 77.351385479660294, 26.787425419155898 ], [ 77.3514084989895, 26.787510622311601 ], [ 77.351431237595094, 26.787595324208901 ], [ 77.352855348043903, 26.788974603012601 ], [ 77.353030238800798, 26.7891775841249 ], [ 77.353353913026595, 26.789553975300802 ], [ 77.353699764411004, 26.7899273581233 ], [ 77.355450075597403, 26.792239798330598 ], [ 77.355846176493003, 26.792731448918602 ], [ 77.356188097748003, 26.793155940628001 ], [ 77.356555845567499, 26.793564393370801 ], [ 77.356794179841302, 26.793829009823 ], [ 77.356929207857405, 26.793989884296298 ], [ 77.357076306985206, 26.794165292340502 ], [ 77.358146986514498, 26.795331999516598 ], [ 77.358468134228502, 26.7955159251974 ], [ 77.358627585191499, 26.7956432196356 ], [ 77.358726119149196, 26.7957214004009 ], [ 77.358835601324401, 26.795908833554702 ], [ 77.358831951918603, 26.795949928482901 ], [ 77.358818196465805, 26.796098772183498 ], [ 77.358678115426201, 26.796460105741701 ], [ 77.358306718200893, 26.7969216688487 ], [ 77.357792151977193, 26.7975937134023 ], [ 77.357360960640904, 26.798075818974102 ], [ 77.357171752984101, 26.798287303308101 ], [ 77.356380393363494, 26.7993903230286 ], [ 77.355868353651601, 26.8001951548205 ], [ 77.355522502267206, 26.8006311447513 ], [ 77.355105347107099, 26.801155833859799 ], [ 77.353801947774599, 26.802542464738998 ], [ 77.353788192321801, 26.802557498591302 ], [ 77.353201480151895, 26.803196936597701 ], [ 77.352467668854104, 26.803997231279599 ], [ 77.352369696343501, 26.804377582251298 ], [ 77.352314393808797, 26.804449242436501 ], [ 77.352266951532798, 26.804510379062201 ], [ 77.352147363310607, 26.804489833150701 ], [ 77.352075498087899, 26.804476804034199 ], [ 77.351733296109401, 26.8042928928832 ], [ 77.350773502373002, 26.803716101480699 ], [ 77.350105941827493, 26.803314199916102 ], [ 77.349948455929194, 26.803209464735801 ], [ 77.349719666255297, 26.803056120230298 ], [ 77.349445118646599, 26.802752938489899 ], [ 77.349329741277302, 26.802625652030098 ], [ 77.348985854957604, 26.802347024477701 ], [ 77.348855879964901, 26.8021981889759 ], [ 77.348704850707804, 26.802029308052099 ], [ 77.348616703520506, 26.801879469870599 ], [ 77.348466516434002, 26.8017872616606 ], [ 77.348453603151796, 26.801776236760901 ], [ 77.348380895758496, 26.801714096397099 ], [ 77.348125437349495, 26.801641432218801 ], [ 77.347892717546202, 26.80162740051 ], [ 77.347659997742895, 26.801631409569801 ], [ 77.347321445170195, 26.801636922026901 ], [ 77.347046897561498, 26.801641432218801 ], [ 77.346448956450502, 26.801739152999499 ], [ 77.346214271582596, 26.8017777401563 ], [ 77.345794589910795, 26.801936097701599 ], [ 77.345335045498203, 26.802228256769801 ], [ 77.345069481042401, 26.802418685946002 ], [ 77.344793529816002, 26.802617633980599 ], [ 77.344563055800904, 26.8028556695837 ], [ 77.344440941067006, 26.802981953532299 ], [ 77.344187447722803, 26.803126778998799 ], [ 77.343960623113503, 26.8032560693973 ], [ 77.343563399323799, 26.803490595790599 ], [ 77.343372788049507, 26.803619885774399 ], [ 77.3432501118685, 26.8037035733986 ], [ 77.343045183694301, 26.803825346298201 ], [ 77.342790848179504, 26.803976685275199 ], [ 77.342617922487307, 26.804040327764799 ], [ 77.342308003714294, 26.8041545834832 ], [ 77.3419500812183, 26.804236767349899 ], [ 77.341718765032596, 26.8042974029695 ], [ 77.341624441927806, 26.804342002702001 ], [ 77.341467236753004, 26.804416669630701 ], [ 77.341319576178194, 26.804518898097601 ], [ 77.341300486978398, 26.8045319272093 ], [ 77.341260904961203, 26.804578531327401 ], [ 77.340990568205399, 26.804898245083599 ], [ 77.340878840241899, 26.8052555416788 ], [ 77.340871541430303, 26.8052785930334 ], [ 77.340564149168998, 26.805757659254901 ], [ 77.339823881230203, 26.8062723024074 ], [ 77.339324193353406, 26.8066481357558 ], [ 77.339282365547902, 26.8066792045902 ], [ 77.339075472309105, 26.8068901717728 ], [ 77.338968516645593, 26.8069813736162 ], [ 77.338846401911596, 26.8070846019878 ], [ 77.338757412553804, 26.807157262678398 ], [ 77.338680213584098, 26.807220402275298 ], [ 77.338579995285201, 26.807359710150301 ], [ 77.338455634762994, 26.807533594200098 ], [ 77.338322291088005, 26.807596232481298 ], [ 77.338192316095402, 26.807656365198699 ], [ 77.337930681768896, 26.807609261239399 ], [ 77.337893064816399, 26.807602245754499 ], [ 77.3376780305952, 26.8072579853519 ], [ 77.337651923307305, 26.8070119412506 ], [ 77.337560968884802, 26.806723803385999 ], [ 77.337538791726203, 26.806654149079201 ], [ 77.337149147471706, 26.8062251978732 ], [ 77.336806384046099, 26.806002703851501 ], [ 77.336625878818694, 26.805905988971698 ], [ 77.336357226404004, 26.805763171511298 ], [ 77.336017270213702, 26.805654930789999 ], [ 77.335675910405698, 26.805546689965301 ], [ 77.3350984621122, 26.805233993669201 ], [ 77.334734363698601, 26.8050124999377 ], [ 77.334432585907805, 26.804733377130699 ], [ 77.334343315826501, 26.8045068712239 ], [ 77.334269485538996, 26.803996229035601 ], [ 77.334304295256302, 26.803635420607499 ], [ 77.334343877273497, 26.803416930501399 ], [ 77.334373072520194, 26.803256570522599 ], [ 77.334382617120099, 26.803204453480699 ], [ 77.334654918940601, 26.8027238730904 ], [ 77.334707133516503, 26.802663236629598 ], [ 77.334914026755399, 26.802422193848901 ], [ 77.335189416534703, 26.802119511544198 ], [ 77.3352744757631, 26.801889993629 ], [ 77.335299740880501, 26.801821338616499 ], [ 77.335385080832495, 26.801424942804701 ], [ 77.335405573649894, 26.801329226288601 ], [ 77.335360096438706, 26.800973420729601 ], [ 77.335291038451203, 26.800879207239799 ], [ 77.335099023559195, 26.8006186163284 ], [ 77.334796403597906, 26.800300895061099 ], [ 77.334538699400696, 26.800115974860098 ], [ 77.3342318685865, 26.799970143269501 ], [ 77.334111718917299, 26.7999135144569 ], [ 77.333962374001302, 26.799868912982902 ], [ 77.333749866291896, 26.799806270433599 ], [ 77.333602486440597, 26.799800757887599 ], [ 77.333368924466697, 26.799792739638399 ], [ 77.333157258927898, 26.799823810350901 ], [ 77.332926223465705, 26.7998578878967 ], [ 77.332678344591997, 26.799973150108301 ], [ 77.332548931046404, 26.800033286867802 ], [ 77.332006292470098, 26.800383081720302 ], [ 77.331545905886998, 26.8006186163284 ], [ 77.331283990836994, 26.800686269795602 ], [ 77.331230372643404, 26.8007003016208 ], [ 77.331066991551197, 26.800723855037798 ], [ 77.330787671642497, 26.800763945949001 ], [ 77.330696997943505, 26.800759435722199 ], [ 77.330533336127701, 26.8007499141317 ], [ 77.330150709961302, 26.800661212960598 ], [ 77.329808507982804, 26.800461259218899 ], [ 77.329487360268701, 26.800273332448601 ], [ 77.329187547542702, 26.800014744703699 ], [ 77.328755233312194, 26.799642397361001 ], [ 77.328206418818297, 26.799285083082001 ], [ 77.327886955445393, 26.799077609758299 ], [ 77.327480467779296, 26.798837561647101 ], [ 77.327422919456396, 26.798804486084599 ], [ 77.327223605752707, 26.798690726121901 ], [ 77.3268401374158, 26.798563936249302 ], [ 77.326585240453994, 26.7985118170511 ], [ 77.326332589280298, 26.798455187510498 ], [ 77.3262663385281, 26.798440153114399 ], [ 77.326241073410699, 26.798428626742801 ], [ 77.326031934383707, 26.798330401962801 ], [ 77.325847779750404, 26.798211630049 ], [ 77.325774510910094, 26.798164021019101 ], [ 77.325730156592897, 26.798135455591598 ], [ 77.325602988835499, 26.798054269600399 ], [ 77.325432028207999, 26.7979620582806 ], [ 77.325259383239299, 26.797952035306501 ], [ 77.325156919152207, 26.797947023819201 ], [ 77.325051647829895, 26.797955543347602 ], [ 77.324861598002599, 26.797971580105099 ], [ 77.324658634893098, 26.797992127197499 ], [ 77.324439389819005, 26.798014678879898 ], [ 77.324259446038695, 26.798031717925799 ], [ 77.324185896474802, 26.798038734002802 ], [ 77.3239745116595, 26.798042242041198 ], [ 77.323895909072107, 26.798038232854498 ], [ 77.323699121880196, 26.7980277087388 ], [ 77.323360569307496, 26.7980141777314 ], [ 77.323360288583999, 26.7980141777314 ], [ 77.323326601760797, 26.797998642128402 ], [ 77.323082933739997, 26.797885883655599 ], [ 77.322887830889201, 26.7976608675237 ], [ 77.322698342509, 26.7974784487729 ], [ 77.322521205963895, 26.7973075562155 ], [ 77.322209322126199, 26.7968720546634 ], [ 77.321715810167007, 26.796183467670001 ], [ 77.321444911964093, 26.795856211978698 ], [ 77.321385960023605, 26.795765001189 ], [ 77.321335429788903, 26.7956878227712 ], [ 77.321246159707499, 26.7956001199599 ], [ 77.321163065543701, 26.7955194333137 ], [ 77.321079129209394, 26.795471321994299 ], [ 77.320970489204697, 26.795409178176499 ], [ 77.320735242889697, 26.795279878833501 ], [ 77.320687800613698, 26.7952678509801 ], [ 77.320458730216302, 26.795208714015999 ], [ 77.320291138271102, 26.7951961849942 ], [ 77.320247064677403, 26.7951931780287 ], [ 77.320113440278902, 26.795180147844199 ], [ 77.319907950657694, 26.7951606025647 ], [ 77.319632280154906, 26.795185660614798 ], [ 77.319401244692799, 26.795207210533398 ], [ 77.318999248603106, 26.7951946815115 ], [ 77.318594726001706, 26.795068388892801 ], [ 77.318335618187007, 26.794807283469702 ], [ 77.318244102317394, 26.7944674947063 ], [ 77.318056017554795, 26.793996900623299 ], [ 77.317929411244407, 26.793478192423599 ], [ 77.317929972691502, 26.793372445823302 ], [ 77.317933341373802, 26.792869271076299 ], [ 77.317922954603304, 26.792364089404199 ], [ 77.317905269021196, 26.7920789213759 ], [ 77.317898812380093, 26.7919771828725 ], [ 77.317691638417699, 26.791491041966299 ], [ 77.317239392816802, 26.7909472633301 ], [ 77.316976074149196, 26.790630517338201 ], [ 77.3166083263297, 26.790219548119499 ], [ 77.316306267815406, 26.7899208427289 ], [ 77.316087584188494, 26.789564500202601 ], [ 77.316087303464897, 26.789564500202601 ], [ 77.315933186248998, 26.789263788339401 ], [ 77.315756330427405, 26.788887396200899 ], [ 77.315702992957398, 26.788795678619898 ], [ 77.315624951817099, 26.788662863412 ], [ 77.315506486488999, 26.788559618275201 ], [ 77.315495818995004, 26.7885500956607 ], [ 77.315281065497402, 26.788383199183102 ], [ 77.314981814218399, 26.788236350127502 ], [ 77.314633997769306, 26.7881782118823 ], [ 77.314000404770496, 26.7880739639198 ], [ 77.313695539020998, 26.788043391181901 ], [ 77.313491453017306, 26.7880233434804 ], [ 77.313139987162401, 26.787911076286701 ], [ 77.312704304249607, 26.787771744525699 ], [ 77.3120855895977, 26.787561242979699 ], [ 77.311959264010895, 26.787518140234098 ], [ 77.3116709609494, 26.787349237456599 ], [ 77.311487929210202, 26.7872414803604 ], [ 77.311171273072603, 26.786940762341501 ], [ 77.311056737873898, 26.786831501264 ], [ 77.310996101592195, 26.7867894006372 ], [ 77.310498940227106, 26.786443573469199 ], [ 77.310206426312703, 26.786260635483199 ], [ 77.309963600462495, 26.786109774072798 ], [ 77.309600344219504, 26.7859263343469 ], [ 77.309207050559195, 26.785757930403001 ], [ 77.309131255207106, 26.785725853433 ], [ 77.308619776942194, 26.785544417900699 ], [ 77.308259327934394, 26.785493796333 ], [ 77.307882596962102, 26.785432148254799 ], [ 77.307834873962705, 26.785424128990101 ], [ 77.3077270761286, 26.785346442334301 ], [ 77.307448598390494, 26.7851459603961 ], [ 77.307213352075493, 26.784908890047198 ], [ 77.306642641146496, 26.7843340049251 ], [ 77.306212853427795, 26.783999698113998 ], [ 77.305977887836306, 26.783870886981099 ], [ 77.305657863016293, 26.783743579336299 ], [ 77.305456864971504, 26.7836573709289 ], [ 77.305401843160297, 26.783634315180901 ], [ 77.305318748996598, 26.783599731550201 ], [ 77.304911419159893, 26.783432326580002 ], [ 77.304269685178795, 26.7830634333191 ], [ 77.303699816420405, 26.782584271261001 ], [ 77.3034092675707, 26.7823396772968 ], [ 77.302651314049797, 26.781461039303501 ], [ 77.302176891290301, 26.7809949022962 ], [ 77.301789492824099, 26.780678629753002 ], [ 77.301594670696801, 26.780454080724599 ], [ 77.301294857970703, 26.780269128177899 ], [ 77.301199973418903, 26.780217000576499 ], [ 77.3010598923792, 26.7801403128116 ], [ 77.3009905536682, 26.780107733026501 ], [ 77.300825207511295, 26.780031045187801 ], [ 77.3005927684315, 26.780034553782901 ], [ 77.300458301862406, 26.780051094301001 ], [ 77.300255058029407, 26.780077659370399 ], [ 77.300153436112893, 26.780130288263301 ], [ 77.300066692543197, 26.7801753987235 ], [ 77.299839306486902, 26.780237550883701 ], [ 77.299771932840599, 26.7802555950529 ], [ 77.299709892941294, 26.780261108548501 ], [ 77.299476611691006, 26.780279653940699 ], [ 77.2990965120364, 26.780304715276699 ], [ 77.298930885155897, 26.780292184609401 ], [ 77.298693954499697, 26.7802736392192 ], [ 77.298520467360404, 26.7802706318584 ], [ 77.298122962847202, 26.780263614682699 ], [ 77.297466911966296, 26.780236548429802 ], [ 77.297178328181303, 26.7802270251171 ], [ 77.295829170913905, 26.780181914677399 ], [ 77.295598696898793, 26.780166376632899 ], [ 77.295405559112794, 26.7801528434956 ], [ 77.295131011504097, 26.780157354541601 ], [ 77.294688029779607, 26.7802210103928 ], [ 77.294459801552705, 26.780266622043801 ], [ 77.294077175386406, 26.7803443121763 ], [ 77.293343644812197, 26.780678128527899 ], [ 77.2929523162165, 26.781027983050201 ], [ 77.292803532747598, 26.7811613084153 ], [ 77.2915947372434, 26.783227831550899 ], [ 77.290922685121501, 26.784376607671302 ], [ 77.290433945462198, 26.785313362838899 ], [ 77.290143677336005, 26.7856025574951 ], [ 77.289493802372704, 26.786451592661901 ], [ 77.2882993237683, 26.7880118160504 ], [ 77.287559055829504, 26.7890938857843 ], [ 77.287210397209904, 26.789603091500702 ], [ 77.286935849601207, 26.789939386542802 ], [ 77.2868182264436, 26.790083226293799 ], [ 77.286740466026899, 26.790207018546699 ], [ 77.286677864680499, 26.790306753907402 ], [ 77.285925244906494, 26.791504072574401 ], [ 77.285475525817404, 26.792219250196499 ], [ 77.284901165482594, 26.793099308413801 ], [ 77.284542962263103, 26.793476688918101 ], [ 77.284259150777999, 26.793775384947899 ], [ 77.284102507050306, 26.793959814318601 ], [ 77.284032045445201, 26.794043509070001 ], [ 77.283975900740003, 26.7944048491742 ], [ 77.2839408102992, 26.7946068182457 ], [ 77.283833293188593, 26.7952302639302 ], [ 77.283391715081805, 26.796394955531898 ], [ 77.283183137501695, 26.796723211977401 ], [ 77.283002351550806, 26.797008368332399 ], [ 77.282753069059495, 26.7972399007331 ], [ 77.282756718465293, 26.797429335982201 ], [ 77.282867323534703, 26.797673897423198 ], [ 77.282831110199794, 26.797956545645 ], [ 77.282830829476296, 26.797958550239802 ], [ 77.282785352264995, 26.798025202996801 ], [ 77.282687099030795, 26.7981695336446 ], [ 77.282598671119999, 26.798259239058901 ], [ 77.282458870803893, 26.798400061381901 ], [ 77.282245801647505, 26.798525347999099 ], [ 77.282118914613605, 26.7985273525838 ], [ 77.2819283033392, 26.798530359460901 ], [ 77.281653755730503, 26.798534869776301 ], [ 77.281453038409197, 26.7986065336531 ], [ 77.281317448945998, 26.798655144788601 ], [ 77.281200106512003, 26.7987097696478 ], [ 77.280940437250194, 26.798831547909099 ], [ 77.280637255841796, 26.7991557881567 ], [ 77.280526370049003, 26.799274057939101 ], [ 77.280154130653102, 26.799697522885801 ], [ 77.279817823868598, 26.7999450862762 ], [ 77.279653881329295, 26.800065359793201 ], [ 77.279216233351804, 26.8003951090313 ], [ 77.279060712518202, 26.800514379796201 ], [ 77.278737038292405, 26.8007629436764 ], [ 77.278528179988797, 26.800898751534 ], [ 77.2781469574401, 26.8011022124482 ], [ 77.278129833305002, 26.801132280532599 ], [ 77.278004069165306, 26.801351276173801 ], [ 77.277884200219503, 26.801713094132801 ], [ 77.277724749256606, 26.802090445982401 ], [ 77.277682360004107, 26.8021906720262 ], [ 77.277674780468899, 26.802213724003799 ], [ 77.277602634522694, 26.8024382299749 ], [ 77.277629864704707, 26.802740911429002 ], [ 77.277699764862803, 26.803062133744199 ], [ 77.277872971278498, 26.803268096403698 ], [ 77.278066109064596, 26.803397887765801 ], [ 77.278229209433306, 26.803462031704601 ], [ 77.278343183185001, 26.803507132889798 ], [ 77.278642153740506, 26.803653962179698 ], [ 77.278716826198504, 26.803756692457299 ], [ 77.278751074468701, 26.803804299139699 ], [ 77.278762584133304, 26.803860424886999 ], [ 77.278774093797907, 26.803917051728899 ], [ 77.278799358915194, 26.804125518443001 ], [ 77.2784855100128, 26.8042818682271 ], [ 77.278481018436395, 26.804282870468601 ], [ 77.278147518887195, 26.804305922020902 ], [ 77.277788192773599, 26.804311935468501 ], [ 77.277662428633803, 26.804307425382799 ], [ 77.277449359477302, 26.8042989063315 ], [ 77.277173969697998, 26.804265331240899 ], [ 77.276940969171207, 26.804249796494101 ], [ 77.276643963680399, 26.804216722509899 ], [ 77.276389628165603, 26.804183147394902 ], [ 77.276306253278307, 26.8041676126368 ], [ 77.276198455444202, 26.804148068905899 ], [ 77.276110869703999, 26.804120507228401 ], [ 77.276028336987295, 26.804093947787301 ], [ 77.275980613987798, 26.804075907408698 ], [ 77.275836322095302, 26.8040212851338 ], [ 77.275623814385895, 26.8039676650769 ], [ 77.275370040318094, 26.803971674054001 ], [ 77.275288911218993, 26.804144059934998 ], [ 77.275288911218993, 26.8041445610564 ], [ 77.275301543777701, 26.8042312550193 ], [ 77.275313614889299, 26.804313939951001 ], [ 77.275380427088606, 26.804483819712502 ], [ 77.275448642905502, 26.804728867061701 ], [ 77.275453134481893, 26.8049563747606 ], [ 77.275398954841293, 26.805412391020699 ], [ 77.275295929307205, 26.8056629486247 ], [ 77.275257470184101, 26.805755654797899 ], [ 77.2750511383922, 26.8059039845174 ], [ 77.274986571981202, 26.8059495858448 ], [ 77.274963552651997, 26.805957603658701 ], [ 77.274566328862306, 26.806089396393801 ], [ 77.274053166256294, 26.806171077745901 ], [ 77.273838974205702, 26.8062051533846 ], [ 77.273566391661703, 26.8063234158159 ], [ 77.273447084162996, 26.806434161455499 ], [ 77.273399922610594, 26.806478259236599 ], [ 77.273364551446306, 26.806567958079299 ], [ 77.273339847776001, 26.8066305968939 ], [ 77.273344339352406, 26.806857599668099 ], [ 77.273306160952799, 26.807066562085001 ], [ 77.2734381010102, 26.807310100530898 ], [ 77.273506597550593, 26.807443395014499 ], [ 77.273525686750403, 26.807480476910602 ], [ 77.273487227627299, 26.807670396161502 ], [ 77.273257876506307, 26.807825237742701 ], [ 77.272527153167403, 26.808310807543801 ], [ 77.271692281400206, 26.8088745469644 ], [ 77.271257159934507, 26.8092794354143 ], [ 77.270986261731593, 26.809531487766201 ], [ 77.270862743379993, 26.809657764280502 ], [ 77.270592406624203, 26.809935371678598 ], [ 77.269440597995896, 26.810874421268299 ], [ 77.269090816482105, 26.811373006336499 ], [ 77.268433361983597, 26.812350627577601 ], [ 77.267906724648199, 26.812959444336599 ], [ 77.267668390374396, 26.813235039325399 ], [ 77.267563680499094, 26.813340767406899 ], [ 77.267170667562297, 26.813734616169601 ], [ 77.266627467538896, 26.814229681121098 ], [ 77.266214803955293, 26.814604485941899 ], [ 77.265562402480199, 26.815166189776701 ], [ 77.265070855585705, 26.815589094306301 ], [ 77.263600706478499, 26.816645847661 ], [ 77.263089228213602, 26.816970036971298 ], [ 77.262493532890801, 26.8173468369829 ], [ 77.261801549398498, 26.817676034903901 ], [ 77.261215117952105, 26.817955125847501 ], [ 77.259982180224696, 26.818714229694798 ], [ 77.259951862083796, 26.8187337709149 ], [ 77.259418487383897, 26.819084009133299 ], [ 77.258299804131596, 26.8197338760361 ], [ 77.257882087524493, 26.820006448246001 ], [ 77.257795343954896, 26.820085614316501 ], [ 77.257786641525598, 26.8200936311307 ], [ 77.257736392014394, 26.820139727801202 ], [ 77.2576426303566, 26.820203862268201 ], [ 77.257506760169903, 26.820296055500801 ], [ 77.257297059695702, 26.820394261253099 ], [ 77.2571805594323, 26.820442863048001 ], [ 77.257108132762497, 26.8204724249543 ], [ 77.256813934506994, 26.820572133700001 ], [ 77.256581495427199, 26.820575641041199 ], [ 77.256468925293206, 26.820468917609901 ], [ 77.256365899759004, 26.820371212971899 ], [ 77.256270453760095, 26.820260981997201 ], [ 77.255911127646499, 26.819846111731302 ], [ 77.254858133699301, 26.8190103539755 ], [ 77.254019612526307, 26.818321901410499 ], [ 77.253736923935307, 26.817947609942401 ], [ 77.253659444242103, 26.817815329931101 ], [ 77.253562033178497, 26.817647474391499 ], [ 77.253500274002704, 26.817507678095701 ], [ 77.253428970227006, 26.8173463359199 ], [ 77.253149931041904, 26.817142403089498 ], [ 77.252830186945403, 26.817014631718902 ], [ 77.252735863840599, 26.816970538035999 ], [ 77.252595502077497, 26.8169053996094 ], [ 77.2523650280624, 26.8168001759182 ], [ 77.252232526558004, 26.816739546985101 ], [ 77.251932713831906, 26.8165546535921 ], [ 77.251546718983306, 26.8162945997728 ], [ 77.251440886213899, 26.816157307149702 ], [ 77.2513241052269, 26.816003980155099 ], [ 77.251181497675603, 26.815685800926101 ], [ 77.251147249405307, 26.8156086360652 ], [ 77.250985271930702, 26.815274421418 ], [ 77.250895159678706, 26.815088523488999 ], [ 77.250728409904099, 26.814744285818399 ], [ 77.250443756248501, 26.8142747780234 ], [ 77.250202334015896, 26.813822806035802 ], [ 77.250100150652301, 26.813686011498099 ], [ 77.249996282947606, 26.813546711396199 ], [ 77.249753176373801, 26.813309700397902 ], [ 77.249625166445796, 26.813184430113999 ], [ 77.249485366129704, 26.813020576373798 ], [ 77.249134180998297, 26.8126086861093 ], [ 77.248018585704898, 26.811613027914099 ], [ 77.247182871767095, 26.8109205216882 ], [ 77.246738486425002, 26.810570759338301 ], [ 77.246417338710899, 26.810318208202801 ], [ 77.245472984768497, 26.809320525497998 ], [ 77.244322018310697, 26.808264706062801 ], [ 77.242931033237994, 26.807181315862302 ], [ 77.241734870292504, 26.806492290345101 ], [ 77.241684059334204, 26.806463225904 ], [ 77.2412242341981, 26.805732603540299 ], [ 77.2411074532112, 26.805416399946701 ], [ 77.240898594907705, 26.8048481332692 ], [ 77.240190329450797, 26.804011763817201 ], [ 77.239317560007606, 26.803165866809199 ], [ 77.2383451337125, 26.802474812379 ], [ 77.237408640028903, 26.801875460819598 ], [ 77.236812102535495, 26.8011478157064 ], [ 77.236696725166198, 26.8009017583482 ], [ 77.236025795938403, 26.799471508063601 ], [ 77.235736369982803, 26.7989397951428 ], [ 77.235638958919097, 26.7987613876099 ], [ 77.235590393749106, 26.798671682592801 ], [ 77.235528353849801, 26.798558423642898 ], [ 77.235214224223895, 26.798191584144099 ], [ 77.234827387204604, 26.797741051497098 ], [ 77.234282222116605, 26.7972684663862 ], [ 77.2334686853374, 26.796564345999499 ], [ 77.233091112194501, 26.7962656573125 ], [ 77.231868841961102, 26.795299925252898 ], [ 77.230429010994797, 26.794671468319098 ], [ 77.230335530060501, 26.794630372927799 ], [ 77.230144918786195, 26.794526130893001 ], [ 77.229193266031999, 26.794003916949801 ], [ 77.228278668783403, 26.7927590133636 ], [ 77.227714133771997, 26.791908521860499 ], [ 77.227472992263003, 26.791872938400001 ], [ 77.226958426039303, 26.791797260862399 ], [ 77.225552001172602, 26.791665952697102 ], [ 77.224794047651599, 26.791432404211001 ], [ 77.224167192017404, 26.790889126473701 ], [ 77.223572619588694, 26.790419018731001 ], [ 77.222149912757502, 26.7892933583746 ], [ 77.219751410948902, 26.787457996840601 ], [ 77.219478547681305, 26.787279571252601 ], [ 77.2175241504913, 26.7859980061877 ], [ 77.215927675797303, 26.7849519937838 ], [ 77.212981763112495, 26.783125583898201 ], [ 77.209102725426206, 26.780882628150401 ], [ 77.208332981517202, 26.780448567238398 ], [ 77.206610461959897, 26.7794781894975 ], [ 77.206426307326595, 26.779467162429999 ], [ 77.206199482717395, 26.779454631670301 ], [ 77.205964236402394, 26.779704244144099 ], [ 77.204976089589806, 26.780488665313701 ], [ 77.204770319245, 26.780652566049199 ], [ 77.202849328154699, 26.782248455642399 ], [ 77.201477713005204, 26.783521542433199 ], [ 77.201099859138793, 26.783872390613801 ], [ 77.199657220937297, 26.785399569988499 ], [ 77.200043215785897, 26.7858847345864 ], [ 77.200153540131694, 26.786055644348501 ], [ 77.200396085258404, 26.786432045878801 ], [ 77.200579678444598, 26.787073579564801 ], [ 77.200202386025296, 26.787781267205499 ], [ 77.2001832968255, 26.787816851949099 ], [ 77.200085043591301, 26.787936135937699 ], [ 77.199244838077107, 26.788956059040999 ], [ 77.198714270612498, 26.789830629536901 ], [ 77.1985685751023, 26.790071197889599 ], [ 77.197684857441601, 26.791528630255002 ], [ 77.197425749626802, 26.792300440363402 ], [ 77.197463366579299, 26.7928727792745 ], [ 77.197474314796807, 26.793036662126301 ], [ 77.1974886316967, 26.7937813989539 ], [ 77.197500983531796, 26.794417879447799 ], [ 77.197481613608502, 26.794670967155898 ], [ 77.197418731538605, 26.795494876496999 ], [ 77.197193029823495, 26.7962045162426 ], [ 77.197240752823006, 26.796909140016002 ], [ 77.197521757072806, 26.797327602276599 ], [ 77.197628432012806, 26.797486467185699 ], [ 77.198048394408104, 26.798129942964401 ], [ 77.198263709352801, 26.798459196682401 ], [ 77.199337196117298, 26.799471508063601 ], [ 77.199627744967003, 26.7997456324129 ], [ 77.199870009370201, 26.799976156947 ], [ 77.2007587800544, 26.800822077745099 ], [ 77.202104287915901, 26.8021029742427 ], [ 77.204441311272205, 26.8042778592609 ], [ 77.205479988319496, 26.805656434134001 ], [ 77.206101229483195, 26.8064812659028 ], [ 77.207895052816198, 26.808909623991301 ], [ 77.209311022282705, 26.810833832839599 ], [ 77.209548233662503, 26.811156034410399 ], [ 77.209547952938905, 26.811156034410399 ], [ 77.208249887353404, 26.811822983741699 ], [ 77.2068353215044, 26.812549558186898 ], [ 77.203201916903694, 26.8141725583524 ], [ 77.200792747601099, 26.815346074716199 ], [ 77.198982361580093, 26.8160711233744 ], [ 77.197716859923503, 26.816577702649401 ], [ 77.196494870413602, 26.817149417984101 ], [ 77.195548551406503, 26.817808816138701 ], [ 77.195390223337697, 26.817881469956099 ], [ 77.194224378532994, 26.818413094057501 ], [ 77.192927997288606, 26.8186786546446 ], [ 77.191668110102597, 26.819066472195299 ], [ 77.191563680950907, 26.8191376220412 ], [ 77.190788884018303, 26.819663728670101 ], [ 77.190485702609905, 26.820034507112801 ], [ 77.190153045231298, 26.820441359899998 ], [ 77.189052328284703, 26.8210957284372 ], [ 77.188933862956603, 26.821166375962999 ], [ 77.187582459901094, 26.822139403361401 ], [ 77.186806820797898, 26.822032180360502 ], [ 77.186491568277901, 26.821986084459699 ], [ 77.185295405332397, 26.8218102184053 ], [ 77.183956915559094, 26.8216774418587 ], [ 77.183766304284703, 26.8216844564725 ], [ 77.182656604185297, 26.821728548321399 ], [ 77.181189823760405, 26.822058234556899 ], [ 77.178729001329003, 26.8223423251182 ], [ 77.176153643698896, 26.822789753781901 ], [ 77.175709539080302, 26.822866913753501 ], [ 77.175641042539795, 26.822878938679398 ], [ 77.175246345261897, 26.822948583016998 ], [ 77.172590981426694, 26.823646527143399 ], [ 77.172519958374593, 26.8236650654428 ], [ 77.172354050770593, 26.823944642671002 ], [ 77.1725648741388, 26.824693685787601 ], [ 77.172758011924898, 26.825381097588 ], [ 77.172843913323902, 26.826415714629199 ], [ 77.172935709916999, 26.827527980038301 ], [ 77.172866371205998, 26.828330107008899 ], [ 77.172823981953599, 26.828818094030002 ], [ 77.172395878575998, 26.829228422352099 ], [ 77.172249902342301, 26.829368204188398 ], [ 77.170230658017701, 26.831272025645401 ], [ 77.168240328216299, 26.832900268610899 ], [ 77.167988799936793, 26.832731433427998 ], [ 77.167972237248705, 26.832719910542799 ], [ 77.1674616011544, 26.832377229422299 ], [ 77.166022050911593, 26.831454891022101 ], [ 77.164652681550393, 26.8305771345217 ], [ 77.163158951667, 26.8294939575926 ], [ 77.162617716708297, 26.829115694939201 ], [ 77.161700873671506, 26.8284738980642 ], [ 77.161087492766498, 26.828139721358799 ], [ 77.160766345052494, 26.827964866887701 ], [ 77.160452215426503, 26.827507939316799 ], [ 77.160202652211694, 26.827144700623698 ], [ 77.159998004760993, 26.8266572074164 ], [ 77.159664785935306, 26.825863085007398 ], [ 77.159621554512299, 26.8251165547649 ], [ 77.159613132806498, 26.824973260477801 ], [ 77.1593624466975, 26.824248769804399 ], [ 77.159359920185807, 26.8242412543167 ], [ 77.158787244192098, 26.823401019649399 ], [ 77.1586550234112, 26.8232071184567 ], [ 77.158066346176597, 26.822878437640899 ], [ 77.157592765587793, 26.823192588379801 ], [ 77.157196383968696, 26.823597425687201 ], [ 77.157017282358893, 26.823780303452001 ], [ 77.156920432742297, 26.8238790072188 ], [ 77.155633034650805, 26.826445776000099 ], [ 77.155045199586695, 26.827114138418501 ], [ 77.154727701278503, 26.827474872118401 ], [ 77.154080633550393, 26.828629212239399 ], [ 77.153999223727794, 26.828774505952499 ], [ 77.153936060934399, 26.829167299057701 ], [ 77.153845667958905, 26.8297289307108 ], [ 77.153204776148399, 26.830259998222999 ], [ 77.152883066987201, 26.830379237567399 ], [ 77.151950784156497, 26.8307244297518 ], [ 77.150741146481707, 26.831172827317602 ], [ 77.148836718079394, 26.831907794684 ], [ 77.148052937993995, 26.832241960273599 ], [ 77.147273088037906, 26.832574621890299 ], [ 77.146455059682296, 26.8327720140142 ], [ 77.146208303702707, 26.832808586628801 ], [ 77.145054249286204, 26.832978423684501 ], [ 77.143721373983297, 26.8331517674374 ], [ 77.1416712500709, 26.8334288162951 ], [ 77.140182853934505, 26.833804559594299 ], [ 77.139216042109993, 26.834049042564899 ], [ 77.137348669213097, 26.8349367918652 ], [ 77.136825681283597, 26.835321046881798 ], [ 77.136537939669196, 26.835532962715298 ], [ 77.136267041466297, 26.835952785346802 ], [ 77.136038251792399, 26.836307980128701 ], [ 77.136069412103794, 26.8371380995554 ], [ 77.136106467609295, 26.838118504342098 ], [ 77.136034602386502, 26.838272803351501 ], [ 77.135945613028696, 26.838463171969501 ], [ 77.1358757128707, 26.8386134627576 ], [ 77.1358282705947, 26.8386615557677 ], [ 77.135505999986506, 26.838987184986099 ], [ 77.135478208357398, 26.839135972178902 ], [ 77.135350479153004, 26.839818787663699 ], [ 77.134947921616302, 26.8409399387143 ], [ 77.134829456288202, 26.8412690680811 ], [ 77.134181265666001, 26.841991446076701 ], [ 77.134158246336796, 26.842016994728599 ], [ 77.132249607081604, 26.843322473073201 ], [ 77.130747455492397, 26.844339393203001 ], [ 77.130625902205594, 26.844421547928 ], [ 77.130197518104396, 26.844676026819702 ], [ 77.129089502346204, 26.8453347638137 ], [ 77.128558654157999, 26.845650355083801 ], [ 77.126519759186607, 26.846541019034198 ], [ 77.125165548895794, 26.8474211564473 ], [ 77.124706004483201, 26.847772307825299 ], [ 77.124017108949701, 26.848298281460401 ], [ 77.123330178480899, 26.848980039839901 ], [ 77.122458251208201, 26.849846633468999 ], [ 77.121851888391404, 26.850408162561099 ], [ 77.121813709991898, 26.850469274390498 ], [ 77.121486105636706, 26.850996237321201 ], [ 77.121268825627396, 26.851333852966299 ], [ 77.121086355335294, 26.8516168682727 ], [ 77.120816299303002, 26.851838270903901 ], [ 77.120512556447494, 26.852086221300201 ], [ 77.119528059040803, 26.852567594154898 ], [ 77.119086480934001, 26.852783484957499 ], [ 77.118812214048802, 26.852920733188601 ], [ 77.117694934414203, 26.853480744318698 ], [ 77.117275814189398, 26.853941073396001 ], [ 77.117157629584895, 26.854071307615499 ], [ 77.117168858525901, 26.8542591451682 ], [ 77.117207036925507, 26.854900294999702 ], [ 77.117157910308407, 26.856630379620299 ], [ 77.117144997026202, 26.857080678140399 ], [ 77.116413712240202, 26.8582893125825 ], [ 77.114858223181102, 26.860685005269499 ], [ 77.114581710507693, 26.8611107450545 ], [ 77.114581710507693, 26.861111245923901 ], [ 77.112518111865896, 26.8650920857941 ], [ 77.112407787520098, 26.865262375265701 ], [ 77.110685548686305, 26.8679143502724 ], [ 77.109932648188803, 26.868857426678499 ], [ 77.108575349939201, 26.8705547440596 ], [ 77.106822512241095, 26.8721173152896 ], [ 77.105509568308605, 26.873395903184399 ], [ 77.104866711433402, 26.873834115450201 ], [ 77.104425975497193, 26.873881692679699 ], [ 77.104182868923402, 26.873907234131501 ], [ 77.103925445449804, 26.873821595123299 ], [ 77.103562189206798, 26.873700398287401 ], [ 77.103278658445205, 26.873439474080001 ], [ 77.103039201277298, 26.873217612907901 ], [ 77.102546250765101, 26.872518972738899 ], [ 77.1023483406791, 26.8720902709711 ], [ 77.102010630276993, 26.871359070280501 ], [ 77.101859320296299, 26.870910331076999 ], [ 77.101321454019995, 26.8693166915231 ], [ 77.101031747340798, 26.8684582604076 ], [ 77.100008790811003, 26.865003434997099 ], [ 77.099481311305098, 26.862942409595099 ], [ 77.099205079355301, 26.862673947628899 ], [ 77.098888142494104, 26.8623669185172 ], [ 77.098702022796203, 26.862282272498099 ], [ 77.098300307429994, 26.862099957780298 ], [ 77.097408448786993, 26.862020821080499 ], [ 77.096471112932804, 26.861859542318498 ], [ 77.095104831530307, 26.861624635884301 ], [ 77.094794070586701, 26.8615955855878 ], [ 77.0934976893423, 26.861474375649301 ], [ 77.091981220853299, 26.861333130846301 ], [ 77.090691576973597, 26.8611122476627 ], [ 77.089506081522003, 26.860908393638798 ], [ 77.088136150713794, 26.860630410287101 ], [ 77.086426825162206, 26.860282304045398 ], [ 77.083469402812796, 26.8595124595318 ], [ 77.083386027925499, 26.859490921841601 ], [ 77.082742609603201, 26.859322627190799 ], [ 77.081103745656705, 26.858871335834799 ], [ 77.079677670143198, 26.858478645776302 ], [ 77.078285000729295, 26.858334391943099 ], [ 77.076553498019194, 26.858155577040399 ], [ 77.076461420702501, 26.8587401053801 ], [ 77.075586966918095, 26.861516949402802 ], [ 77.0739851584771, 26.8657471980043 ], [ 77.073110423969197, 26.868879463420299 ], [ 77.072706462814907, 26.869284638202998 ], [ 77.072230917161406, 26.869506507091899 ], [ 77.071342707924202, 26.8696732840965 ], [ 77.070969907081306, 26.869893649731399 ], [ 77.070362702093902, 26.8704245288158 ], [ 77.069552814720595, 26.871111662948799 ], [ 77.069164293360203, 26.871378602415199 ], [ 77.069087094390497, 26.8714316897386 ], [ 77.068638778918995, 26.871739195065199 ], [ 77.068031573931606, 26.872270566305101 ], [ 77.067988623232097, 26.872450861351702 ], [ 77.067840681933802, 26.873071374606099 ], [ 77.067850226533693, 26.873593224117698 ], [ 77.067865104880596, 26.874422569249599 ], [ 77.067741586528996, 26.875161262236801 ], [ 77.067270251728402, 26.8756285143597 ], [ 77.066626552682607, 26.876037170581998 ], [ 77.0661838516816, 26.8761974275208 ], [ 77.065637282975899, 26.876297587992202 ], [ 77.065633633570101, 26.8763035976176 ], [ 77.065371157073002, 26.876731281809398 ], [ 77.065313328026605, 26.877315714148398 ], [ 77.065391088443405, 26.877836542478502 ], [ 77.065396141466806, 26.8781124803618 ], [ 77.065369192008305, 26.878739973621499 ], [ 77.065069660005804, 26.879235755936499 ], [ 77.064903190954695, 26.879379983110699 ], [ 77.064563515487905, 26.879673444779002 ], [ 77.064089654175504, 26.879987437904699 ], [ 77.064025368488004, 26.8799914441909 ], [ 77.063438937041596, 26.880027500760701 ], [ 77.062995955317106, 26.880156703374499 ], [ 77.062729548690598, 26.880590382386099 ], [ 77.062978269734899, 26.881078144090001 ], [ 77.063360895901297, 26.8813796138237 ], [ 77.063952661094703, 26.881892911769299 ], [ 77.064095549369597, 26.882197884761801 ], [ 77.063718537673793, 26.882203393297601 ], [ 77.063306154813603, 26.882148307927402 ], [ 77.063173653309207, 26.882395691106801 ], [ 77.063285942719801, 26.882915995257498 ], [ 77.063260677602401, 26.883407753090399 ], [ 77.063231763079202, 26.883518423346398 ], [ 77.063132386950898, 26.883901011088899 ], [ 77.062796360889905, 26.8842745837343 ], [ 77.062258775337099, 26.884865987769999 ], [ 77.062372187641699, 26.885447874240899 ], [ 77.062310428465906, 26.885865508639 ], [ 77.061761894695493, 26.885842974448298 ], [ 77.061283261083204, 26.885911077766501 ], [ 77.061046611150601, 26.886098862438701 ], [ 77.061195956066499, 26.8867723808962 ], [ 77.061254346560006, 26.886911090146999 ], [ 77.061375057676301, 26.887199524722501 ], [ 77.060836349229405, 26.887729321035099 ], [ 77.060729112842296, 26.8880112437691 ], [ 77.0603782084345, 26.8889336219375 ], [ 77.060305501041199, 26.890593082483601 ], [ 77.060335257734906, 26.892219971108101 ], [ 77.060429580839795, 26.892423768678199 ], [ 77.060888563805307, 26.8934142096196 ], [ 77.061084228103098, 26.893836821817001 ], [ 77.061809617695005, 26.895155221510102 ], [ 77.061865200953207, 26.895256366616302 ], [ 77.061825618935998, 26.895517741174402 ], [ 77.061712206631398, 26.896271818406401 ], [ 77.0621113954858, 26.897494554453399 ], [ 77.061567634015304, 26.897747912519399 ], [ 77.060679986225196, 26.897945190936099 ], [ 77.060146611525298, 26.8987823686066 ], [ 77.059590778943203, 26.9002644382605 ], [ 77.061372811888106, 26.900238402069601 ], [ 77.061499418198494, 26.900473728962002 ], [ 77.061798669477497, 26.9010305004232 ], [ 77.063446516576803, 26.9011596790209 ], [ 77.062936161205997, 26.9015417063349 ], [ 77.062567009768898, 26.901817586330701 ], [ 77.061864920229695, 26.902549090643198 ], [ 77.061221501907397, 26.903219006246701 ], [ 77.060567696814701, 26.905210204274699 ], [ 77.061372811888106, 26.906119925255499 ], [ 77.061007590580402, 26.9067697929923 ], [ 77.061228800719107, 26.9076264311119 ], [ 77.061650447455605, 26.910077151260499 ], [ 77.061248170642401, 26.910574298009099 ], [ 77.060225494836203, 26.9108962156321 ], [ 77.060418351898704, 26.913964149648699 ], [ 77.060415544663499, 26.9139656515542 ], [ 77.059841184328704, 26.9142795493653 ], [ 77.058269694028496, 26.914578927963401 ], [ 77.057288846027703, 26.914316596258299 ], [ 77.055148329139698, 26.913488044597699 ], [ 77.053548766486898, 26.912973888938001 ], [ 77.053320818983593, 26.9129002948984 ], [ 77.051300171041404, 26.9125793842733 ], [ 77.051017201726907, 26.912534827187802 ], [ 77.049646148024493, 26.912517805375099 ], [ 77.048719760387797, 26.912506791259698 ], [ 77.047058438559205, 26.911640177264001 ], [ 77.044356474618695, 26.910082658436899 ], [ 77.041989975292097, 26.9081205846865 ], [ 77.041836980970203, 26.908554657014601 ], [ 77.041141909519197, 26.910528238180898 ], [ 77.040081616760403, 26.910666417609299 ], [ 77.040238541211593, 26.9117693437234 ], [ 77.038590132665206, 26.912270988803701 ], [ 77.039059221677604, 26.913584667551799 ], [ 77.037967487883904, 26.913876538459998 ], [ 77.037860812943904, 26.9155671720799 ], [ 77.036743533309306, 26.9163511528984 ], [ 77.033939947452296, 26.918065278449301 ], [ 77.033657539584794, 26.9182379911746 ], [ 77.0326413204197, 26.9189283388191 ], [ 77.032316804023296, 26.919946581370599 ], [ 77.032229779730102, 26.920091757780501 ], [ 77.031983865921106, 26.920503757402301 ], [ 77.031644471177799, 26.920692986372099 ], [ 77.030753735428902, 26.920736539026599 ], [ 77.030106948424304, 26.9209913467486 ], [ 77.030014871107696, 26.921607087984501 ], [ 77.030311876598503, 26.922861587780201 ], [ 77.030323386263106, 26.923506353197901 ], [ 77.030089824289206, 26.923878293063499 ], [ 77.029748183757704, 26.9239448716718 ], [ 77.029266742910195, 26.9238592705968 ], [ 77.028835270850195, 26.92369507654 ], [ 77.028645221022899, 26.9236224906766 ], [ 77.028167148857705, 26.923721607912899 ], [ 77.028145813869699, 26.9237331215257 ], [ 77.027950430295405, 26.923838245761399 ], [ 77.027521765470794, 26.924069018144799 ], [ 77.026246719214299, 26.924691250223301 ], [ 77.025000026034107, 26.9250256422315 ], [ 77.024941354817102, 26.925041660985499 ], [ 77.024915808976203, 26.925048168603599 ], [ 77.023717119519006, 26.9251267605778 ], [ 77.022449933521301, 26.925206353667701 ], [ 77.021357638280506, 26.925467658889001 ], [ 77.020200215181603, 26.9259447145613 ], [ 77.019175855034206, 26.926174481473801 ], [ 77.018525980070905, 26.926276099370799 ], [ 77.017545132069998, 26.927026967693799 ], [ 77.016538176781197, 26.9282388586238 ], [ 77.015243199154497, 26.929959811474401 ], [ 77.014762600477496, 26.930598029024502 ], [ 77.013961696256999, 26.931837912718201 ], [ 77.017264969990805, 26.9347556151139 ], [ 77.018329473602506, 26.935696131328999 ], [ 77.018637988757902, 26.935938391819001 ], [ 77.020903146891499, 26.9377167881178 ], [ 77.022785398135198, 26.939440098947401 ], [ 77.024667087931903, 26.941198919957898 ], [ 77.025017430892703, 26.941526756355302 ], [ 77.024752989331006, 26.942083325277402 ], [ 77.024211192925193, 26.9424597084586 ], [ 77.024526164721706, 26.942823577706399 ], [ 77.0244964080279, 26.942991247459599 ], [ 77.024432683787495, 26.9433471069155 ], [ 77.024143257831895, 26.943791053775701 ], [ 77.023995597257098, 26.944017781317299 ], [ 77.023664904943104, 26.944524788496398 ], [ 77.023084087967206, 26.9449507128043 ], [ 77.023295753506005, 26.945285044741102 ], [ 77.023470363539403, 26.945466724704001 ], [ 77.023166339960397, 26.945716972107299 ], [ 77.022174824465594, 26.945884637556802 ], [ 77.021773109099399, 26.9464431869261 ], [ 77.022221143847403, 26.946559801274901 ], [ 77.021624606353996, 26.9496392773023 ], [ 77.021530844696201, 26.9508379129433 ], [ 77.021177694500196, 26.955357080054199 ], [ 77.020810788851307, 26.959864555981699 ], [ 77.020264220145606, 26.9638334076074 ], [ 77.019606204200002, 26.969848220630698 ], [ 77.019535461871399, 26.970142447833801 ], [ 77.0190952873822, 26.971974345147601 ], [ 77.018189954009898, 26.975058130089401 ], [ 77.017289673661097, 26.976514179616501 ], [ 77.0163498112951, 26.977663995109001 ], [ 77.0162669978548, 26.977696518004802 ], [ 77.015532063663002, 26.977982719082402 ], [ 77.014946474387202, 26.977837617228399 ], [ 77.014694946107596, 26.977712028921001 ], [ 77.014288739165096, 26.977509386137498 ], [ 77.013456393909607, 26.9769990249182 ], [ 77.012277916546296, 26.976309533243199 ], [ 77.010959919590405, 26.9754994501826 ], [ 77.008507518864704, 26.9745517606855 ], [ 77.007471649052704, 26.974166978459301 ], [ 77.007847257130905, 26.9777405489872 ], [ 77.008034218999398, 26.978958399104901 ], [ 77.008157737350999, 26.979762953499002 ], [ 77.007972179100094, 26.980901728369702 ], [ 77.007977793570603, 26.980913236141301 ], [ 77.008292203920107, 26.981541658751901 ], [ 77.008486183876698, 26.982797993116101 ], [ 77.008552434628896, 26.983207261895402 ], [ 77.008794137585099, 26.984697728156899 ], [ 77.009233750627203, 26.9862577183588 ], [ 77.009116127469696, 26.9874189414104 ], [ 77.0083573317782, 26.992988242721701 ], [ 77.007883470465799, 26.996404131207498 ], [ 77.007383501865505, 27.000007510961598 ], [ 77.007169309814898, 27.003745338902501 ], [ 77.0070455107398, 27.004293596576701 ], [ 77.006615161574004, 27.004743305939499 ], [ 77.004130477642803, 27.007151896657302 ], [ 77.003934813344998, 27.0073414803195 ], [ 77.003563135396206, 27.008003770075799 ], [ 77.001494764454506, 27.0117873506255 ], [ 77.000791832744696, 27.013098868783501 ], [ 76.999999069506501, 27.014578434969099 ], [ 76.999810142573295, 27.014939570208298 ], [ 76.999354528290098, 27.014978084562799 ], [ 76.998665632756598, 27.015036606349 ], [ 76.996140524637696, 27.015517784324199 ], [ 76.993756059005406, 27.017133366818999 ], [ 76.992742647075502, 27.0178201073889 ], [ 76.988322374430595, 27.021175222382801 ], [ 76.987005219645198, 27.023461424768801 ], [ 76.986182699713197, 27.024714790098301 ], [ 76.984456250026497, 27.026034659698801 ], [ 76.982645864005505, 27.027720109130101 ], [ 76.981915982837194, 27.028243243483701 ], [ 76.9805763701697, 27.0292604977652 ], [ 76.981612801428795, 27.031594546386799 ], [ 76.981644803910797, 27.031648558508302 ], [ 76.981728459521605, 27.0317890899248 ], [ 76.981749233062502, 27.0318240977236 ], [ 76.981847767020298, 27.031989634453101 ], [ 76.982607404882401, 27.033267409757599 ], [ 76.983601727612495, 27.0349132429407 ], [ 76.985615638190097, 27.037921289561599 ], [ 76.988552567722095, 27.037599734975299 ], [ 76.989861300801707, 27.037456710400001 ], [ 76.993614293624603, 27.0372956825132 ], [ 76.9967595200131, 27.0368731082336 ], [ 76.997603374933107, 27.036820598892501 ], [ 76.999997665888799, 27.0369601236591 ], [ 77.001374334061794, 27.036947121358399 ], [ 77.0042848755823, 27.036919116398 ], [ 77.004261856253194, 27.035631380762499 ], [ 77.008774206214696, 27.034498161185802 ], [ 77.009121180493196, 27.035068773178999 ], [ 77.011859077045102, 27.034043069787501 ], [ 77.012062040154603, 27.0366625706321 ], [ 77.012177417523901, 27.038149327714599 ], [ 77.011444448396702, 27.038269347609099 ], [ 77.011450905037805, 27.038625405874601 ], [ 77.011407112167703, 27.039613061584699 ], [ 77.0114582038495, 27.040039126073999 ], [ 77.011459046020093, 27.040048127418999 ], [ 77.011478977390496, 27.0402146521715 ], [ 77.011763350322596, 27.040704223511501 ], [ 77.012025546096197, 27.041215295707001 ], [ 77.012683562041801, 27.042499466844902 ], [ 77.012390205956805, 27.042630983542502 ], [ 77.007244824443504, 27.044934250990401 ], [ 76.999997104441803, 27.048014034752502 ], [ 76.999626268663604, 27.048254053317201 ], [ 76.996944516816995, 27.0488655982981 ], [ 76.994979732856507, 27.0489321029889 ], [ 76.994980855750597, 27.0490016078491 ], [ 76.995011454614897, 27.0507287147929 ], [ 76.995144517566402, 27.051927773405399 ], [ 76.995154062166307, 27.052015277181098 ], [ 76.995265509406195, 27.0530188156036 ], [ 76.995578796861594, 27.0586353649302 ], [ 76.995970125457205, 27.061420785072499 ], [ 76.991972060995806, 27.062548233080701 ], [ 76.989237813849797, 27.063655670976399 ], [ 76.988064950956996, 27.064332127660599 ], [ 76.986995113598297, 27.0649490845964 ], [ 76.979923126524, 27.0663104775596 ], [ 76.976510932061998, 27.0667409402757 ], [ 76.976284107452798, 27.0684267783477 ], [ 76.9757439953882, 27.069065710352401 ], [ 76.974943933338295, 27.070013102827499 ], [ 76.971054508881593, 27.0706420270254 ], [ 76.971008189499699, 27.073428148780899 ], [ 76.970988258129395, 27.0752088707506 ], [ 76.971063492034403, 27.0766001338385 ], [ 76.971060404075601, 27.0778784009423 ], [ 76.971001732858596, 27.078906703005199 ], [ 76.972108064275702, 27.081005769662699 ], [ 76.972499112147801, 27.081747107219599 ], [ 76.979901791535994, 27.0834372185384 ], [ 76.983504316548903, 27.084074565344299 ], [ 76.985514577720593, 27.086187531526601 ], [ 76.9886011328922, 27.089431634356 ], [ 76.988434944564602, 27.089972475644501 ], [ 76.988318163577702, 27.090353362304601 ], [ 76.987589966750505, 27.090287382031001 ], [ 76.9869372845519, 27.092055340020298 ], [ 76.986400541169601, 27.092422723886799 ], [ 76.985796704864597, 27.092836091776 ], [ 76.983970036879001, 27.093511872512199 ], [ 76.984974746379606, 27.094721469861501 ], [ 76.985196517965306, 27.095176814900501 ], [ 76.985030891084804, 27.095485208897198 ], [ 76.983502912931201, 27.096118488558599 ], [ 76.9840682901132, 27.096842732179301 ], [ 76.984683916806304, 27.097631447647199 ], [ 76.981404785295794, 27.100812743565399 ], [ 76.980847829819595, 27.101240074936701 ], [ 76.983188783305394, 27.103625103815101 ], [ 76.982481640742606, 27.104045927190999 ], [ 76.983751072528506, 27.105100977417401 ], [ 76.9850482959435, 27.104831593203102 ], [ 76.986609680196693, 27.105479313707399 ], [ 76.991455529707494, 27.103843012554002 ], [ 76.991999571901403, 27.104794109262901 ], [ 76.994147106877506, 27.1085459395355 ], [ 76.99291894145, 27.109213629196802 ], [ 76.993233071075906, 27.110050234721999 ], [ 76.993999165579098, 27.109848330496298 ], [ 76.994093488684001, 27.110344094676801 ], [ 76.992386970367704, 27.110559491534602 ], [ 76.9927886857338, 27.111509531661302 ], [ 76.991401350066894, 27.1118408693773 ], [ 76.9913701897555, 27.112058262368301 ], [ 76.991308992026703, 27.112486050561198 ], [ 76.985592057413896, 27.115664425640102 ], [ 76.979196052591007, 27.119157535619099 ], [ 76.9782253106371, 27.1198976211709 ], [ 76.975258062964201, 27.123092775651401 ], [ 76.973891500838207, 27.124564394928299 ], [ 76.972113117299202, 27.126479219953399 ], [ 76.961511312605396, 27.125039606389301 ], [ 76.960880807565403, 27.1249541584206 ], [ 76.962197120180207, 27.130022958907102 ], [ 76.962760813020907, 27.1321925191817 ], [ 76.9630595028529, 27.1345973740871 ], [ 76.963025254582703, 27.135786541483601 ], [ 76.962953108636398, 27.1383077343846 ], [ 76.961710064862004, 27.1439205069831 ], [ 76.961710064862004, 27.143921506205398 ], [ 76.961706242340043, 27.144213211577096 ], [ 76.960711142757702, 27.144263225317999 ], [ 76.959658575061198, 27.144317165557499 ], [ 76.957940368315505, 27.144674417666099 ], [ 76.956504447266497, 27.144973871776301 ], [ 76.955004620068095, 27.145376085413101 ], [ 76.953353848952602, 27.145818759030298 ], [ 76.950611154947893, 27.146165020709901 ], [ 76.9499393759138, 27.146249824969502 ], [ 76.947931043874206, 27.146392791424201 ], [ 76.947106828821205, 27.146574305184799 ], [ 76.946268962070903, 27.146758819438698 ], [ 76.944890641896194, 27.1387882531101 ], [ 76.944701456697302, 27.138818606876399 ], [ 76.935762191049307, 27.140252471191999 ], [ 76.9357620554037, 27.1402517581236 ], [ 76.935761887418707, 27.140251780506901 ], [ 76.935433554080703, 27.1385739514484 ], [ 76.932607803641503, 27.138421712944599 ], [ 76.931941356108695, 27.1369779402239 ], [ 76.931006180253505, 27.136885296132 ], [ 76.928213665683202, 27.136608612105402 ], [ 76.926943276293201, 27.137095049095699 ], [ 76.925981708833305, 27.137463277997899 ], [ 76.921222334744996, 27.139285734871301 ], [ 76.919187479946601, 27.140095857431501 ], [ 76.916251222354404, 27.141265237223902 ], [ 76.916515809443297, 27.142047997466399 ], [ 76.917061900694307, 27.143663545881498 ], [ 76.919578104263095, 27.1507406329536 ], [ 76.916392951353401, 27.152084030834299 ], [ 76.914404435250603, 27.153372845263998 ], [ 76.914343918444899, 27.153398936345098 ], [ 76.912760869522003, 27.154080361254799 ], [ 76.911060942594105, 27.154812068374699 ], [ 76.910143342277394, 27.155207024946201 ], [ 76.909817537696895, 27.155347257536601 ], [ 76.908614118609705, 27.155870678551601 ], [ 76.907548377119497, 27.156334205603699 ], [ 76.905170515901204, 27.15736837611 ], [ 76.904835135279797, 27.1575142361194 ], [ 76.903675154228097, 27.157970259929101 ], [ 76.903021080988296, 27.158227386347299 ], [ 76.900948329861293, 27.159042199966301 ], [ 76.896675256057094, 27.160721847704099 ], [ 76.896675446499998, 27.160754390272899 ], [ 76.896697651955506, 27.164583767399002 ], [ 76.896394910721597, 27.166082543739101 ], [ 76.896354962640899, 27.166280386294499 ], [ 76.895907974430202, 27.168494143416101 ], [ 76.895914001227496, 27.168575248802501 ], [ 76.896018688195795, 27.169983387254199 ], [ 76.896018721433407, 27.169983845190899 ], [ 76.894991443108793, 27.169921310050299 ], [ 76.898306478035494, 27.175952115190199 ], [ 76.902697123343998, 27.175721647690001 ], [ 76.909780413919506, 27.175349549130299 ], [ 76.910042942069694, 27.175778806896599 ], [ 76.910258131699393, 27.176415006668702 ], [ 76.910320623002093, 27.1768272114358 ], [ 76.910344472374604, 27.176984507308401 ], [ 76.910347869803005, 27.176995235778499 ], [ 76.9113650357924, 27.1802048552372 ], [ 76.911704564833798, 27.181276175840399 ], [ 76.911704693292904, 27.1812765777929 ], [ 76.911251041379501, 27.182276887001098 ], [ 76.909207276191793, 27.182878264951899 ], [ 76.907079379286102, 27.183557188576799 ], [ 76.907377276803999, 27.184762168869 ], [ 76.907814196697004, 27.186529458704001 ], [ 76.905784238615098, 27.187933444817698 ], [ 76.905784351802893, 27.187933646181602 ], [ 76.905784268259495, 27.187933706111298 ], [ 76.906137493015706, 27.188578725300999 ], [ 76.906027876093205, 27.1887002388079 ], [ 76.905717714775093, 27.189044064638399 ], [ 76.905854336851704, 27.189538664095299 ], [ 76.905477697507607, 27.190202310167301 ], [ 76.905438847168199, 27.1902707692565 ], [ 76.906589619589894, 27.192511016947201 ], [ 76.907159384143597, 27.192557731426501 ], [ 76.907789578366604, 27.1926093974708 ], [ 76.908236666290307, 27.193581786297699 ], [ 76.908504569959106, 27.1941644526215 ], [ 76.906656440772196, 27.196216091001101 ], [ 76.905842184442506, 27.196150696545502 ], [ 76.9077996673455, 27.200521143881499 ], [ 76.907799403240801, 27.2005212189849 ], [ 76.907711079983798, 27.200545738651901 ], [ 76.906351558853004, 27.200923153404698 ], [ 76.906351354037099, 27.200923208533599 ], [ 76.906404545980095, 27.201534254895002 ], [ 76.905904126874603, 27.201635504528898 ], [ 76.905594250322395, 27.201698201660399 ], [ 76.905500515614094, 27.2021917175284 ], [ 76.905201365844704, 27.203768279380501 ], [ 76.905221520446403, 27.2049533066625 ], [ 76.905451361598395, 27.2058867772189 ], [ 76.905681294378496, 27.2068205930834 ], [ 76.905690602721506, 27.206875908408499 ], [ 76.906237766561105, 27.210221761428102 ], [ 76.906237451252395, 27.2102218876548 ], [ 76.903191767180502, 27.211442691113799 ], [ 76.900350257596301, 27.2132354202685 ], [ 76.900350164171499, 27.213235476190199 ], [ 76.904970055947302, 27.218105097025798 ], [ 76.903235892427205, 27.219313249988598 ], [ 76.901742427996098, 27.220034020689599 ], [ 76.899075239187596, 27.221321193146199 ], [ 76.900759538124504, 27.224738704010399 ], [ 76.900829842075296, 27.224842524661 ], [ 76.903077193354207, 27.228126424347899 ], [ 76.895054187736505, 27.231204579745 ], [ 76.892467303822897, 27.2276068433878 ], [ 76.889203523172995, 27.221915266987299 ], [ 76.888818079440796, 27.221920462507299 ], [ 76.884489062154003, 27.223867216533101 ], [ 76.879088527209802, 27.226295550692601 ], [ 76.873777157244106, 27.228661442325802 ], [ 76.868961206360893, 27.2299487499068 ], [ 76.866629365834598, 27.226193666861299 ], [ 76.8665376325728, 27.2258767398767 ], [ 76.865857362662595, 27.223527897943601 ], [ 76.865288848563694, 27.2220250095144 ], [ 76.865051414850896, 27.221397338570501 ], [ 76.865022958917706, 27.221193267885301 ], [ 76.864784166053894, 27.219480547281801 ], [ 76.864711027020107, 27.218955961191799 ], [ 76.864262463164494, 27.2180119978146 ], [ 76.864176465645698, 27.2178309053986 ], [ 76.863735168262394, 27.216903095725399 ], [ 76.861895191286706, 27.213712645458902 ], [ 76.861813152643407, 27.2135704482751 ], [ 76.861727689622199, 27.213463083672998 ], [ 76.860458061105305, 27.211867998459802 ], [ 76.859991280314006, 27.210825809590901 ], [ 76.859731918725203, 27.2102467367325 ], [ 76.859657928088495, 27.2100815298868 ], [ 76.857183823167205, 27.208011364097199 ], [ 76.855408679402302, 27.2093731457974 ], [ 76.851474201290003, 27.209578137704501 ], [ 76.850863307370901, 27.2097403653752 ], [ 76.847383203417493, 27.210664475072601 ], [ 76.846934210167106, 27.206808435804 ], [ 76.843476287414703, 27.207350382976799 ], [ 76.8428956792972, 27.204398160451898 ], [ 76.842869019994495, 27.204262600209599 ], [ 76.842147514717794, 27.202912023735699 ], [ 76.842118495540902, 27.202857707535099 ], [ 76.843391384043997, 27.202191127096501 ], [ 76.843383820229306, 27.201731671861602 ], [ 76.844068351747097, 27.201722663543102 ], [ 76.844873192834399, 27.201214998280001 ], [ 76.845176654517104, 27.200114028254301 ], [ 76.845317445674993, 27.199603226863299 ], [ 76.845143650413604, 27.197352808222401 ], [ 76.845102197654796, 27.1968160275107 ], [ 76.844845463638194, 27.1942193403601 ], [ 76.844401943822803, 27.193269460822101 ], [ 76.844401853093004, 27.193269269056302 ], [ 76.852144784666393, 27.190490688083202 ], [ 76.851812275060595, 27.189881716259102 ], [ 76.851214319576599, 27.188786581708801 ], [ 76.8503512371162, 27.187207317324901 ], [ 76.850070906153704, 27.186694349659501 ], [ 76.850070828898595, 27.186694208223901 ], [ 76.850228480536003, 27.183289487726999 ], [ 76.849762009663493, 27.1821844211218 ], [ 76.849249096789094, 27.180969296222401 ], [ 76.848749045992903, 27.179179800914898 ], [ 76.848885778562305, 27.1776762737538 ], [ 76.848954080168298, 27.1769252134129 ], [ 76.848855440658497, 27.176532476168099 ], [ 76.848542117270597, 27.175286614222699 ], [ 76.848059118295197, 27.174243327421902 ], [ 76.847976493950299, 27.174065081648799 ], [ 76.847521463122902, 27.173083400985099 ], [ 76.846492249827094, 27.1720465365511 ], [ 76.846433898859502, 27.171987754702201 ], [ 76.846487110565405, 27.170908974848299 ], [ 76.846530139867497, 27.170036654942098 ], [ 76.844185330363402, 27.167964668442998 ], [ 76.843854412572298, 27.1660578446645 ], [ 76.841473728847404, 27.162964549277099 ], [ 76.841406448625904, 27.162877164165302 ], [ 76.840317739010501, 27.162727381281101 ], [ 76.838361829057604, 27.1624582637583 ], [ 76.837088713280707, 27.162409970155998 ], [ 76.836549151883403, 27.162389497479499 ], [ 76.835365005252299, 27.1623445598815 ], [ 76.828355827484401, 27.162780204854901 ], [ 76.828935800493099, 27.159217673085401 ], [ 76.829173774093306, 27.1578274737405 ], [ 76.829716599968407, 27.154656297500701 ], [ 76.829860060919302, 27.153545004562499 ], [ 76.830324621973503, 27.149946290490998 ], [ 76.829823408757406, 27.145440938073701 ], [ 76.829366749284304, 27.141439586336599 ], [ 76.829166210278601, 27.139683103781302 ], [ 76.828874777037598, 27.1390870738689 ], [ 76.827383311357806, 27.136037808737299 ], [ 76.827383657209197, 27.136037381839401 ], [ 76.827308001096, 27.135882671224799 ], [ 76.826389421615701, 27.134156402019499 ], [ 76.825146176618702, 27.1318198990495 ], [ 76.825851187928393, 27.130400436239199 ], [ 76.826885449756006, 27.1283181790503 ], [ 76.827306367060501, 27.1269862329471 ], [ 76.828729595812902, 27.122482381670899 ], [ 76.830022034351501, 27.117800643555199 ], [ 76.831623042393602, 27.118046066439501 ], [ 76.840826592398201, 27.119456527173501 ], [ 76.840704951525595, 27.119143309937499 ], [ 76.839851101051394, 27.1169446672058 ], [ 76.838772962810296, 27.114168348150798 ], [ 76.837599739693005, 27.10779802563 ], [ 76.8371330720895, 27.105353653023901 ], [ 76.836583824158495, 27.102473763757001 ], [ 76.836566432774504, 27.102382580080999 ], [ 76.835869852153806, 27.096389581941299 ], [ 76.835644463052404, 27.094634173758202 ], [ 76.835517248133399, 27.093642783964999 ], [ 76.835379813979799, 27.0925717812245 ], [ 76.835171471309195, 27.090393584659999 ], [ 76.834915931153603, 27.087721746944698 ], [ 76.834512654066401, 27.086514214236001 ], [ 76.833655054922502, 27.083946230082901 ], [ 76.833518801155094, 27.0835382225027 ], [ 76.833518605322396, 27.083537637042301 ], [ 76.833422334670004, 27.080250512511299 ], [ 76.830949794614, 27.075110428459599 ], [ 76.830949714664001, 27.0751101605033 ], [ 76.830010371524196, 27.075160745036602 ], [ 76.822785706784302, 27.075216251939299 ], [ 76.821919434406396, 27.077138689493001 ], [ 76.821196070515398, 27.077378225009401 ], [ 76.819400426297307, 27.0773631165798 ], [ 76.8191800444053, 27.077460780235299 ], [ 76.818508789088995, 27.0777582514541 ], [ 76.817127458659797, 27.078229659989901 ], [ 76.814676065843898, 27.079290433123401 ], [ 76.814579908379201, 27.079332087163898 ], [ 76.814273867633304, 27.0795249706525 ], [ 76.812635212095998, 27.080558182163799 ], [ 76.8120405570223, 27.080933118118299 ], [ 76.812364676363302, 27.085134966428001 ], [ 76.8120565982383, 27.087695303833801 ], [ 76.811761050713201, 27.0901514633447 ], [ 76.811760976153096, 27.0901520695644 ], [ 76.809391232111594, 27.091674018484799 ], [ 76.809391083889594, 27.091674113655198 ], [ 76.809402129574394, 27.092361319381201 ], [ 76.809113045427694, 27.0924392218433 ], [ 76.808806238418796, 27.0925218995297 ], [ 76.8090636479686, 27.093480331636702 ], [ 76.809063277862606, 27.0934808090805 ], [ 76.808445572917094, 27.094281542616599 ], [ 76.807098237433195, 27.096028051443799 ], [ 76.806674517385005, 27.0966002121522 ], [ 76.806427936127704, 27.096933166236902 ], [ 76.805639093137401, 27.097999827248898 ], [ 76.804414805287806, 27.1007736149244 ], [ 76.804389392846701, 27.100831185921599 ], [ 76.803735979868605, 27.102312447783699 ], [ 76.802980923414495, 27.104582127849 ], [ 76.803486744988007, 27.104980171821801 ], [ 76.805346639410104, 27.106443734605499 ], [ 76.805918414393503, 27.107430553872199 ], [ 76.8070937036359, 27.108715503500498 ], [ 76.808624549661005, 27.110837016431098 ], [ 76.808642939073195, 27.110898886574599 ], [ 76.808890645021194, 27.111733580433199 ], [ 76.8089194944166, 27.111830796725201 ], [ 76.808941060271593, 27.111904451723401 ], [ 76.809272399372603, 27.114478561668001 ], [ 76.809382552589398, 27.1153343010177 ], [ 76.810866454454398, 27.117188714310402 ], [ 76.811212421721507, 27.118154848509899 ], [ 76.811645294703993, 27.119363647088701 ], [ 76.811806889945501, 27.119814698251499 ], [ 76.812613153065897, 27.121581527928601 ], [ 76.813402798251801, 27.123311887346699 ], [ 76.813363047800394, 27.123491474954399 ], [ 76.813341573573496, 27.1235878127479 ], [ 76.813302341450196, 27.1237638444384 ], [ 76.813283473235899, 27.123848201170301 ], [ 76.812610656647706, 27.1245834633893 ], [ 76.811812354397404, 27.1254737802014 ], [ 76.809845114892099, 27.125460792164802 ], [ 76.8085170698306, 27.125324470057201 ], [ 76.807858571489604, 27.125284758347899 ], [ 76.806975365868595, 27.125231497304299 ], [ 76.806388285389403, 27.125257413465999 ], [ 76.805821183442106, 27.125282449359901 ], [ 76.805545777044003, 27.1251756937876 ], [ 76.805347915916101, 27.1250989941882 ], [ 76.804555448223596, 27.124899479681499 ], [ 76.804188543023898, 27.1248073980341 ], [ 76.803334519174896, 27.1248948448996 ], [ 76.803271802395003, 27.124917580673699 ], [ 76.802568786243597, 27.125173060994999 ], [ 76.801636905408799, 27.125719799473998 ], [ 76.801426880193802, 27.125856215441601 ], [ 76.800917265034698, 27.1261876961551 ], [ 76.800588010025194, 27.126720380046802 ], [ 76.8004172375948, 27.1269967999241 ], [ 76.800311558886406, 27.127441033388301 ], [ 76.800216618638999, 27.127840882851402 ], [ 76.800011985112207, 27.1284170646543 ], [ 76.799465235395999, 27.128997631859299 ], [ 76.799287362681596, 27.1293033439425 ], [ 76.799173778798703, 27.129499155391802 ], [ 76.799131585828107, 27.129963530551201 ], [ 76.799056127344301, 27.130793939307502 ], [ 76.799534907831102, 27.131322891726999 ], [ 76.7992454877146, 27.131937645699999 ], [ 76.798932312548601, 27.1322712277587 ], [ 76.798698710150603, 27.132520044575401 ], [ 76.798501580251397, 27.1328382057686 ], [ 76.798198406927796, 27.133327494026801 ], [ 76.797751507650403, 27.1336372610814 ], [ 76.797521810228901, 27.133796478106699 ], [ 76.796963358159502, 27.1343095441106 ], [ 76.796931361067394, 27.1343389773313 ], [ 76.796759164807199, 27.134497375524798 ], [ 76.795961662955804, 27.135231126336599 ], [ 76.795961537191701, 27.135231241456001 ], [ 76.795755158238293, 27.135691939383399 ], [ 76.795292817819501, 27.136194272294102 ], [ 76.794614624814201, 27.136586375154501 ], [ 76.794614335556702, 27.136586543034898 ], [ 76.793816434853397, 27.138029586143698 ], [ 76.793404394700502, 27.135798713695699 ], [ 76.792267374587496, 27.1342450023715 ], [ 76.792029532141299, 27.133643309730399 ], [ 76.791455863509299, 27.1321919259811 ], [ 76.790885987564394, 27.130749682143598 ], [ 76.790120709180599, 27.128350784622299 ], [ 76.790682821884801, 27.126049480105198 ], [ 76.790682769782507, 27.1260490883475 ], [ 76.790681956807205, 27.126042858599401 ], [ 76.790487971011501, 27.124560311798799 ], [ 76.789445840840301, 27.123579424149799 ], [ 76.789445623448003, 27.1235786622041 ], [ 76.788177348692201, 27.119121810701099 ], [ 76.788151841029702, 27.119021369738402 ], [ 76.787857961676096, 27.117864043412499 ], [ 76.785891509993306, 27.1125358250106 ], [ 76.785465621412001, 27.1125957575793 ], [ 76.784099000895594, 27.112788586981299 ], [ 76.782268166074502, 27.112976555288299 ], [ 76.781740731933596, 27.113081710511999 ], [ 76.780724429225103, 27.113284318946299 ], [ 76.779645175276499, 27.113499469466699 ], [ 76.779283866580997, 27.113332123634301 ], [ 76.779066645860496, 27.113231515155899 ], [ 76.776876342093701, 27.112853076334801 ], [ 76.775738468581196, 27.1128122015777 ], [ 76.774599955468204, 27.1127712924227 ], [ 76.772183920341902, 27.113508073112101 ], [ 76.770643451563402, 27.113802795543801 ], [ 76.769579009935498, 27.113782363537801 ], [ 76.769526000350595, 27.113137677582401 ], [ 76.768156474682499, 27.1130782082713 ], [ 76.766115713461105, 27.113830470259199 ], [ 76.766115558052505, 27.113829798601198 ], [ 76.765980895201494, 27.113234627188401 ], [ 76.765949759593795, 27.113096862899098 ], [ 76.765940537489101, 27.113056060194801 ], [ 76.765895530096699, 27.1128561851794 ], [ 76.765701780557904, 27.111998902029601 ], [ 76.765188136454896, 27.1119670017417 ], [ 76.765130827533, 27.1115729998516 ], [ 76.765043987394506, 27.1109759597337 ], [ 76.7645943734083, 27.110486962311398 ], [ 76.764174421792703, 27.110030223430702 ], [ 76.7643656874897, 27.109900470598301 ], [ 76.764978047459394, 27.109485046704101 ], [ 76.764849345828594, 27.1093559761193 ], [ 76.763848619907193, 27.108353154799399 ], [ 76.761853027774805, 27.107294767143799 ], [ 76.760182894371695, 27.106409720069401 ], [ 76.759323921703697, 27.106506424414999 ], [ 76.755834143792995, 27.1068992542736 ], [ 76.752157149790605, 27.107313056500701 ], [ 76.751855879098798, 27.107274805737202 ], [ 76.751298312768299, 27.107204012003699 ], [ 76.749995903828307, 27.107039401127199 ], [ 76.748057902688899, 27.107185385180902 ], [ 76.745169269281504, 27.107207762316701 ], [ 76.744685521111094, 27.1072318266888 ], [ 76.744088394772007, 27.107261801993999 ], [ 76.741855151534693, 27.108004825719 ], [ 76.739689487657799, 27.108839489186 ], [ 76.738127702756003, 27.109389098978099 ], [ 76.738127497041802, 27.109389111772099 ], [ 76.737844569948095, 27.109403269126499 ], [ 76.737468836105805, 27.109422072297299 ], [ 76.737328238984105, 27.109300913932799 ], [ 76.737213277983898, 27.109201841110401 ], [ 76.737019621869905, 27.1091117200213 ], [ 76.736857381638004, 27.1090645732227 ], [ 76.736706749436195, 27.109021736395601 ], [ 76.736239815033002, 27.109105659650599 ], [ 76.736173699926397, 27.109117544501899 ], [ 76.735598492480307, 27.1092209225849 ], [ 76.733654152828194, 27.109973638298801 ], [ 76.733477649146295, 27.109843795043499 ], [ 76.733459584924205, 27.109830394186901 ], [ 76.733158835255296, 27.1095813765678 ], [ 76.732745828515206, 27.109124244573302 ], [ 76.732556213921697, 27.108914364786099 ], [ 76.732555996529399, 27.1089141216992 ], [ 76.732535286768794, 27.108920545911101 ], [ 76.732245626802097, 27.109011451588501 ], [ 76.731742628633498, 27.1091693043223 ], [ 76.731457512345401, 27.109258781666298 ], [ 76.730588318646198, 27.109587472096301 ], [ 76.729848995285906, 27.109689324864998 ], [ 76.7298486170952, 27.1096892057212 ], [ 76.728955353037904, 27.108428209842302 ], [ 76.7287743577795, 27.108218326351 ], [ 76.728172843170299, 27.108250550759202 ], [ 76.726908747377195, 27.108320251532898 ], [ 76.726255267025493, 27.1082867357383 ], [ 76.725240709743602, 27.108234694039002 ], [ 76.725041970961698, 27.1078535307545 ], [ 76.725022125380406, 27.107817882191 ], [ 76.724676372810706, 27.107196863219201 ], [ 76.724261040332394, 27.107161342389102 ], [ 76.724092352891702, 27.107251925641201 ], [ 76.723731890409198, 27.1074459173294 ], [ 76.723682520797794, 27.107515351525102 ], [ 76.723456297161505, 27.107833527866401 ], [ 76.723076789496702, 27.1082091601569 ], [ 76.7229863911313, 27.108087129677902 ], [ 76.722532295450193, 27.107473643994101 ], [ 76.722452300474103, 27.107364269402598 ], [ 76.722350463860295, 27.107224373243099 ], [ 76.7222672169829, 27.107062891393099 ], [ 76.722228478034594, 27.1069877394775 ], [ 76.720576814891899, 27.107511146228301 ], [ 76.720364896028201, 27.107573801055601 ], [ 76.720025050779796, 27.107674269086299 ], [ 76.714875443142205, 27.1091972240696 ], [ 76.712502660998496, 27.109557407056499 ], [ 76.710200361570301, 27.110168426487999 ], [ 76.7095150916373, 27.110507475680301 ], [ 76.708965147511904, 27.110780433306299 ], [ 76.708911390528698, 27.111640819476001 ], [ 76.708144732332599, 27.111683524164899 ], [ 76.707045806177604, 27.1117437138642 ], [ 76.706675534092199, 27.111752431988599 ], [ 76.706523024411496, 27.1117560238268 ], [ 76.7047201775015, 27.111798459004 ], [ 76.704025442918606, 27.1118784764959 ], [ 76.703048933780593, 27.111991835111098 ], [ 76.7003512615413, 27.112978706209802 ], [ 76.700236729935895, 27.113020602793402 ], [ 76.698296010494403, 27.113731188754802 ], [ 76.696884889235406, 27.114490206072201 ], [ 76.695581340333305, 27.113048526377501 ], [ 76.695229525932106, 27.1130783090207 ], [ 76.695033573724203, 27.113095205332002 ], [ 76.693238668819603, 27.1139246942545 ], [ 76.693238548445393, 27.1139246798618 ], [ 76.693141569920598, 27.113914128441401 ], [ 76.692585303452205, 27.1138531251244 ], [ 76.692099237628398, 27.113064021796699 ], [ 76.691081807534303, 27.112413808044899 ], [ 76.690898533250007, 27.1124083531525 ], [ 76.689814267600397, 27.112376069171599 ], [ 76.687965821308197, 27.112801447753501 ], [ 76.687141143622895, 27.112991658114499 ], [ 76.686981425860296, 27.1114636532545 ], [ 76.684525147107607, 27.111743605917201 ], [ 76.683365412194306, 27.111757507898901 ], [ 76.6827528635785, 27.111576323026998 ], [ 76.682199802299095, 27.111413180268599 ], [ 76.681113060892599, 27.110979027050501 ], [ 76.680592230267195, 27.110931600374101 ], [ 76.677871027557401, 27.1122340891108 ], [ 76.676847769193699, 27.110690167958399 ], [ 76.6766946369805, 27.110561329852601 ], [ 76.6764490312936, 27.110354690412802 ], [ 76.675804614943104, 27.109812506651501 ], [ 76.675199497191301, 27.109303374379898 ], [ 76.675195576943395, 27.109300076725098 ], [ 76.673047743726599, 27.1079995409338 ], [ 76.672382888906697, 27.106529422211299 ], [ 76.671735192807105, 27.1040833010283 ], [ 76.670879148647003, 27.100851769033302 ], [ 76.670724137158203, 27.100266573513501 ], [ 76.670583816717595, 27.099738320333898 ], [ 76.669176323754002, 27.0965844633429 ], [ 76.668779716657696, 27.0956957176518 ], [ 76.666959441532896, 27.092339270372999 ], [ 76.665374594182794, 27.092813866118 ], [ 76.6621731287659, 27.093773401761698 ], [ 76.661215806743996, 27.094130353864902 ], [ 76.660228169276294, 27.094499503928599 ], [ 76.655310869564403, 27.096910431974401 ], [ 76.654498302965706, 27.097308800714998 ], [ 76.654363626640006, 27.097348694290599 ], [ 76.654077812360995, 27.0974333516337 ], [ 76.651901633703801, 27.095525079130699 ], [ 76.649014275005797, 27.094631548244301 ], [ 76.647514976915105, 27.094468716678101 ], [ 76.646994659227801, 27.0944122012544 ], [ 76.645920121434401, 27.0942959537973 ], [ 76.643413050138903, 27.093066589447101 ], [ 76.639095254606602, 27.0921232994286 ], [ 76.638964325154006, 27.0921292495537 ], [ 76.637525959789002, 27.0921956654044 ], [ 76.634747246934793, 27.0944599508232 ], [ 76.633316775066206, 27.095626155367299 ], [ 76.633140299231997, 27.0957700294421 ], [ 76.632538666045207, 27.096505157062499 ], [ 76.631961219997393, 27.097211323900101 ], [ 76.631538409942607, 27.0979920708996 ], [ 76.630806645007098, 27.099344352169599 ], [ 76.630760257802507, 27.100446158922701 ], [ 76.630692843732007, 27.102047254364599 ], [ 76.629025802330005, 27.105759536427399 ], [ 76.627588609266496, 27.106761167925601 ], [ 76.626829763718504, 27.107290020482701 ], [ 76.626726571546797, 27.108182533170201 ], [ 76.626659640770001, 27.108762468930301 ], [ 76.627509969848205, 27.1097625902574 ], [ 76.628099240420099, 27.110455651709799 ], [ 76.628135535950804, 27.1106470798746 ], [ 76.628219301156193, 27.111089783038398 ], [ 76.627784048536398, 27.112022484808399 ], [ 76.627615799473602, 27.112383020923001 ], [ 76.627328697010398, 27.113008867881501 ], [ 76.627653322102901, 27.113945458864698 ], [ 76.628288933167099, 27.114653334749701 ], [ 76.629136916744102, 27.1155977078772 ], [ 76.629356596153599, 27.117463349921699 ], [ 76.629446513022003, 27.1200837753534 ], [ 76.629448246770494, 27.120134279608401 ], [ 76.629471821258505, 27.1208281467243 ], [ 76.629600882215399, 27.123078336197 ], [ 76.627064903133999, 27.123243061797599 ], [ 76.625495574180405, 27.123353982340699 ], [ 76.625044804960694, 27.123493119575102 ], [ 76.623533243968097, 27.1239596671859 ], [ 76.621913060487998, 27.124834792595902 ], [ 76.620224458620896, 27.125746833234398 ], [ 76.6191580487842, 27.126302337067401 ], [ 76.619305380575597, 27.126494621569599 ], [ 76.619572336521799, 27.126843029004402 ], [ 76.620275480234099, 27.127760687296298 ], [ 76.620961546972794, 27.129077378016898 ], [ 76.621419497324794, 27.130613220979001 ], [ 76.621685745398594, 27.131506110439599 ], [ 76.622129273298796, 27.1324419757416 ], [ 76.623062240196703, 27.1339543734159 ], [ 76.623062457589, 27.133955151279899 ], [ 76.623331352099598, 27.134922012045799 ], [ 76.623609616038607, 27.135922543054601 ], [ 76.623853949711105, 27.136399393048698 ], [ 76.623861405727894, 27.1364139339098 ], [ 76.624318936566794, 27.137306148697199 ], [ 76.6240129784658, 27.138682139572001 ], [ 76.6256911275363, 27.1409548861612 ], [ 76.626922479737303, 27.1420535804147 ], [ 76.627128901809797, 27.142163745260302 ], [ 76.628661674721201, 27.142981748876899 ], [ 76.630655068676006, 27.144495545147802 ], [ 76.631377041974901, 27.145228940957399 ], [ 76.632017242531802, 27.1464150751851 ], [ 76.632582268472504, 27.147586424805201 ], [ 76.632582428372601, 27.147586603060699 ], [ 76.632582505627695, 27.147586770924502 ], [ 76.634293196169395, 27.149527788415199 ], [ 76.634938018558401, 27.150037002956399 ], [ 76.635120888600795, 27.150261703535101 ], [ 76.635632334526306, 27.150890132165301 ], [ 76.636120133200293, 27.151293697746201 ], [ 76.638581656317697, 27.153330110135101 ], [ 76.6387908595743, 27.1535031759162 ], [ 76.639691948855997, 27.154300862952301 ], [ 76.642315718493506, 27.156827321883899 ], [ 76.643261906795701, 27.157664205833701 ], [ 76.646670203018601, 27.1611088459778 ], [ 76.6483854048995, 27.163366833211999 ], [ 76.645837575242993, 27.164103060698402 ], [ 76.644030888035104, 27.164625091577701 ], [ 76.638271000926096, 27.166639883490799 ], [ 76.634225922235998, 27.1662763798155 ], [ 76.633224890887405, 27.166791249165101 ], [ 76.633199744347607, 27.166820095998101 ], [ 76.631708692791307, 27.168530642965099 ], [ 76.629271462814103, 27.169698536719199 ], [ 76.624688073181602, 27.169539589032599 ], [ 76.623420226922207, 27.169729104262998 ], [ 76.621218839741502, 27.170057229312 ], [ 76.618681949768401, 27.170974253834199 ], [ 76.616254703667295, 27.1730295098006 ], [ 76.614573206575798, 27.1744532427997 ], [ 76.610328674943204, 27.176754467883399 ], [ 76.607669371546294, 27.174320562293602 ], [ 76.607480058786805, 27.174223398746499 ], [ 76.607139118492, 27.174048400737 ], [ 76.605165846799594, 27.1752435790068 ], [ 76.605154890946395, 27.175250214379499 ], [ 76.605021527059293, 27.175257277299 ], [ 76.604502543370202, 27.175284757789399 ], [ 76.603924575401194, 27.1742578625581 ], [ 76.6030112286075, 27.174580873266201 ], [ 76.601372732970205, 27.175160316753399 ], [ 76.600292198922304, 27.175822545956802 ], [ 76.600131767897395, 27.175573782420599 ], [ 76.5994602062556, 27.1745317457911 ], [ 76.599345813889101, 27.1743542468942 ], [ 76.599215619258302, 27.1741522286442 ], [ 76.597835615640705, 27.174075215023901 ], [ 76.5975936220796, 27.173699092774701 ], [ 76.597471838374801, 27.173510123721801 ], [ 76.596874057164001, 27.1735307446022 ], [ 76.595811943969295, 27.173568270231399 ], [ 76.595619084660896, 27.173608876630599 ], [ 76.595424455671505, 27.173649856225101 ], [ 76.593927411453805, 27.173965055278199 ], [ 76.592685623524204, 27.174225737890598 ], [ 76.592110814031798, 27.174168980666 ], [ 76.592091427489606, 27.1741670634778 ], [ 76.591908261901494, 27.174247347999898 ], [ 76.590043233607503, 27.175065832704799 ], [ 76.587430856404495, 27.175400066770901 ], [ 76.586812678945094, 27.175867138491199 ], [ 76.586169524727595, 27.176353076088901 ], [ 76.586054482879007, 27.1763485497275 ], [ 76.585946812605698, 27.176343356079101 ], [ 76.585876651487098, 27.175575672413501 ], [ 76.585702731359902, 27.175619392373701 ], [ 76.584000257708098, 27.1760473664696 ], [ 76.583590943043902, 27.174886021899201 ], [ 76.582555152283604, 27.175016930805 ], [ 76.582392140398895, 27.172938667364999 ], [ 76.582233285917297, 27.172950141050599 ], [ 76.579800084884198, 27.173126820635002 ], [ 76.579459862343398, 27.174843193510402 ], [ 76.579426391115902, 27.175012058355101 ], [ 76.577265842246305, 27.1753139268837 ], [ 76.575271621841395, 27.175336341529398 ], [ 76.574981095000496, 27.175052438867201 ], [ 76.574910909627306, 27.174983854561798 ], [ 76.5747517030061, 27.174918704187501 ], [ 76.574374185109605, 27.174764222432 ], [ 76.573201332098293, 27.174657784245401 ], [ 76.570713739871394, 27.174897788674901 ], [ 76.569848037025395, 27.175013538390701 ], [ 76.570021342704905, 27.17148680707 ], [ 76.570187417844707, 27.170549542547398 ], [ 76.570357481504402, 27.169589765649398 ], [ 76.570431104730204, 27.1691544077839 ], [ 76.570604127440404, 27.1681291728441 ], [ 76.570262232236502, 27.168062778102598 ], [ 76.569654920798797, 27.167945198989202 ], [ 76.568857345285593, 27.167790780310199 ], [ 76.567759082087207, 27.167710315318502 ], [ 76.567739035283395, 27.1683995234545 ], [ 76.566015611122594, 27.1685656559875 ], [ 76.565873449135594, 27.168579279175098 ], [ 76.5658375883894, 27.168046245745099 ], [ 76.565817337667994, 27.167745253472599 ], [ 76.5654464664063, 27.167800883885 ], [ 76.563909034831894, 27.16803255456 ], [ 76.563795710562104, 27.168162046522301 ], [ 76.563711604895303, 27.168258157999201 ], [ 76.563821025086796, 27.1697282363392 ], [ 76.562668764156697, 27.1699168745359 ], [ 76.561646723908595, 27.170084184416101 ], [ 76.561221797423002, 27.1693735722341 ], [ 76.560096479663201, 27.169505691991699 ], [ 76.558376900291805, 27.1701234526398 ], [ 76.558119470080797, 27.170215934906199 ], [ 76.556532411078507, 27.171756761148 ], [ 76.555252942415905, 27.1692796682986 ], [ 76.5547827111956, 27.1685067915861 ], [ 76.554214457608197, 27.167571239522299 ], [ 76.553891665078794, 27.1670397877159 ], [ 76.553765791344503, 27.1668319387502 ], [ 76.553511551949498, 27.166180420082402 ], [ 76.553176851352703, 27.1653218762286 ], [ 76.553129437373698, 27.165200257340299 ], [ 76.553081790731, 27.165077217295 ], [ 76.553145036618602, 27.164295455199799 ], [ 76.553416600023994, 27.1635637111047 ], [ 76.552810923519999, 27.161837258103201 ], [ 76.552745501912796, 27.161650780217698 ], [ 76.553469849459006, 27.161283213678999 ], [ 76.553922930942207, 27.161053296153 ], [ 76.553919480513201, 27.160997820631199 ], [ 76.553865864565495, 27.160140291154899 ], [ 76.553409141312102, 27.158456831725498 ], [ 76.552951698508195, 27.156771988933802 ], [ 76.551872539781002, 27.155353239468401 ], [ 76.551031987966297, 27.154495999161998 ], [ 76.5509577997002, 27.154420275645599 ], [ 76.550098047294597, 27.153542745715299 ], [ 76.549656969998495, 27.1525443995153 ], [ 76.549003963058894, 27.151064935466099 ], [ 76.548393181429205, 27.1501909114311 ], [ 76.548278084783504, 27.1500262119458 ], [ 76.546616598563205, 27.148295971811098 ], [ 76.547070279222694, 27.147790796444902 ], [ 76.5473024083837, 27.1475327555255 ], [ 76.547039107682394, 27.146676119475998 ], [ 76.547038583964607, 27.146674426435499 ], [ 76.547279769041893, 27.146372143150099 ], [ 76.548809143626599, 27.1444560688686 ], [ 76.549452474812298, 27.145972182506501 ], [ 76.549580226923794, 27.1459362711106 ], [ 76.550338218174005, 27.145723197390002 ], [ 76.551594168044105, 27.143285720036399 ], [ 76.551501384651701, 27.142409076307899 ], [ 76.5514498420156, 27.1419220668962 ], [ 76.552389884942997, 27.141315924567401 ], [ 76.552564023360802, 27.141089042029101 ], [ 76.552739252333396, 27.140860739296301 ], [ 76.552975146333793, 27.140393564323698 ], [ 76.553229667799798, 27.1398894827954 ], [ 76.553951395858704, 27.1392541613303 ], [ 76.554130528909496, 27.1390964677637 ], [ 76.5546700759337, 27.138454332357998 ], [ 76.554638330369897, 27.137952211057101 ], [ 76.554613029319896, 27.137554374726498 ], [ 76.554306276209999, 27.137103412697101 ], [ 76.553977731767802, 27.136620399702199 ], [ 76.552205745581105, 27.1354733364042 ], [ 76.551172406323303, 27.133740989050899 ], [ 76.550824683748104, 27.1331575588429 ], [ 76.549627576224097, 27.1317667674337 ], [ 76.550832461361793, 27.129950785277799 ], [ 76.550874603128506, 27.129805897431702 ], [ 76.551474388480798, 27.128650061803999 ], [ 76.551531790827397, 27.128539443123199 ], [ 76.551531531214295, 27.128539031387 ], [ 76.550167840103995, 27.1263813871807 ], [ 76.548827904042994, 27.1243155732021 ], [ 76.543491604929798, 27.129661595416501 ], [ 76.542247521804697, 27.130328526680199 ], [ 76.541248268221906, 27.130864194461299 ], [ 76.539910242877596, 27.127997692866 ], [ 76.539064326323995, 27.126185354406001 ], [ 76.535935109710493, 27.127663859009701 ], [ 76.5350028264305, 27.1272651569912 ], [ 76.532730064507206, 27.126294076593599 ], [ 76.528056203745805, 27.126451019095999 ], [ 76.527276210957595, 27.123584263664199 ], [ 76.525120275835306, 27.124010203270799 ], [ 76.522450209723004, 27.124537671894 ], [ 76.520891049698506, 27.121030074313499 ], [ 76.520532109860397, 27.1201859655718 ], [ 76.519505795428103, 27.1177723269716 ], [ 76.517308907010303, 27.115861576273101 ], [ 76.515488726208503, 27.1150838244113 ], [ 76.514193696030304, 27.114530446143299 ], [ 76.512799013042695, 27.1138564730194 ], [ 76.510357080385106, 27.114372429059799 ], [ 76.508173667594804, 27.114833717452498 ], [ 76.505995450660194, 27.115158256062699 ], [ 76.503478090959803, 27.115533276875698 ], [ 76.503477834041604, 27.1155333160551 ], [ 76.503477099219694, 27.115533217706702 ], [ 76.499998143313206, 27.115064596812999 ], [ 76.4999966700762, 27.1150644009149 ], [ 76.497983741357203, 27.1147878835862 ], [ 76.4942141615917, 27.114266241179401 ], [ 76.492089952270206, 27.1137838395871 ], [ 76.489493997168907, 27.1132113397165 ], [ 76.488971940343205, 27.112883134092499 ], [ 76.488953746763798, 27.112871695817699 ], [ 76.488306343514907, 27.112464682779699 ], [ 76.485933995257497, 27.1111917311929 ], [ 76.485652379704206, 27.111011892753101 ], [ 76.4843871421523, 27.110203919176701 ], [ 76.482557679957097, 27.1094099539879 ], [ 76.482238483383796, 27.109271422147501 ], [ 76.480442047750003, 27.106924518175401 ], [ 76.478404986689299, 27.104055923776102 ], [ 76.478165833601096, 27.103336836690499 ], [ 76.477292964894005, 27.1007122237943 ], [ 76.476752501588095, 27.0991293439759 ], [ 76.476121061401898, 27.0972808004306 ], [ 76.472974433641497, 27.0962792048702 ], [ 76.4720236809993, 27.0959765542536 ], [ 76.471952173305993, 27.0957571747103 ], [ 76.471196233808001, 27.093437430465499 ], [ 76.470807054880794, 27.091439833486302 ], [ 76.470544784547101, 27.090440221876499 ], [ 76.470172900884094, 27.089022799796101 ], [ 76.468909871391205, 27.088742635161498 ], [ 76.468411914567994, 27.088711025762102 ], [ 76.467566814582995, 27.088657373019 ], [ 76.467261306538006, 27.088430380483 ], [ 76.466568857269195, 27.0879160587908 ], [ 76.465520634723703, 27.087136557193499 ], [ 76.465517244481802, 27.087108160072599 ], [ 76.465314903455706, 27.085412503957699 ], [ 76.464998144910098, 27.082757917824502 ], [ 76.463956984919406, 27.079152471899999 ], [ 76.456905376127395, 27.075919285535299 ], [ 76.454938799578699, 27.076109183412498 ], [ 76.452952377448895, 27.076301543739799 ], [ 76.451791623846006, 27.076413932147201 ], [ 76.450583632334002, 27.077399864237801 ], [ 76.449271249399501, 27.078470961632899 ], [ 76.447077609289707, 27.080100790113999 ], [ 76.445374931720494, 27.0813649355743 ], [ 76.442630629731397, 27.0830974851158 ], [ 76.441704037278797, 27.0835482273169 ], [ 76.439979386917599, 27.0843871544843 ], [ 76.439819273896305, 27.084492839636098 ], [ 76.437824343822399, 27.0858095539459 ], [ 76.436725013425502, 27.0865351222937 ], [ 76.436273004530705, 27.086941484199599 ], [ 76.435929602852099, 27.0872510229669 ], [ 76.433770537999294, 27.0907957714312 ], [ 76.432715160372595, 27.093920597117801 ], [ 76.432630945111399, 27.094169986260201 ], [ 76.432630888517494, 27.0941701526048 ], [ 76.4319063307655, 27.097923241773 ], [ 76.431424927197995, 27.099503970667801 ], [ 76.430851302583505, 27.101387473993199 ], [ 76.430564410326099, 27.102187353714498 ], [ 76.430371916632097, 27.1030674138451 ], [ 76.430117446369906, 27.104230822687999 ], [ 76.430063234839196, 27.105519109213098 ], [ 76.429779826248506, 27.109847414929799 ], [ 76.429762007266504, 27.110572971465999 ], [ 76.428745364994896, 27.113557348159699 ], [ 76.428419535261597, 27.114425969532601 ], [ 76.427306810983694, 27.117392273989498 ], [ 76.427069282049601, 27.1181458694276 ], [ 76.427008303509794, 27.119668761055902 ], [ 76.426962352886406, 27.1208227130303 ], [ 76.427052953372694, 27.1218508462382 ], [ 76.427024658237798, 27.122950139185502 ], [ 76.426830620339899, 27.1243535183213 ], [ 76.426918183622206, 27.1247897775323 ], [ 76.426983406701694, 27.125114726992599 ], [ 76.427617951465507, 27.128012637763501 ], [ 76.427251452304404, 27.128124281112999 ], [ 76.424460400191293, 27.1289744627944 ], [ 76.4237658569497, 27.129212635435401 ], [ 76.4226497559047, 27.1295953592942 ], [ 76.422059719968203, 27.129633279437002 ], [ 76.421315843946005, 27.129679964263101 ], [ 76.420884155841307, 27.1297070538293 ], [ 76.419634225581902, 27.1294873990235 ], [ 76.418811625699803, 27.129378664750298 ], [ 76.417838683771805, 27.129249103047901 ], [ 76.417046501743599, 27.128582346030498 ], [ 76.413353698290507, 27.126902219968301 ], [ 76.411095073154698, 27.126278689340801 ], [ 76.408827004030499, 27.1256519268217 ], [ 76.408213436725106, 27.125482366935799 ], [ 76.407514941794503, 27.125289330751801 ], [ 76.404839381585901, 27.125060092305301 ], [ 76.404322614040595, 27.125015808886701 ], [ 76.404127656267804, 27.1249549555355 ], [ 76.401635804229798, 27.1241762323139 ], [ 76.401449901475004, 27.1228759693666 ], [ 76.401342930989301, 27.122127809839998 ], [ 76.400933083624096, 27.121215677327498 ], [ 76.400677725826498, 27.120809945927 ], [ 76.4004392437798, 27.1204310202295 ], [ 76.400373602983606, 27.1200843998006 ], [ 76.400347953387396, 27.119948730768701 ], [ 76.400442040235205, 27.11966807664 ], [ 76.400485341726906, 27.1195388938701 ], [ 76.4009593710242, 27.118771399510699 ], [ 76.401266335238304, 27.118258322187099 ], [ 76.401288982664894, 27.117800342119398 ], [ 76.4009648759003, 27.116912946632102 ], [ 76.400629550076104, 27.116288684679301 ], [ 76.400556831453898, 27.116153302889799 ], [ 76.3996287927136, 27.1147878811874 ], [ 76.399446787748801, 27.114398327747502 ], [ 76.399131815952302, 27.113723304760899 ], [ 76.398861720394194, 27.112739811345701 ], [ 76.398798119672094, 27.112492206701301 ], [ 76.398652394068307, 27.111927225320301 ], [ 76.398628472830694, 27.111745186741899 ], [ 76.398589335030394, 27.111444828037602 ], [ 76.3984960324117, 27.110809379356802 ], [ 76.398715355190006, 27.110146049944099 ], [ 76.399042419208499, 27.109641946419 ], [ 76.399497866854205, 27.108939944086199 ], [ 76.399913221790499, 27.108019581375 ], [ 76.4000566450121, 27.1075020743335 ], [ 76.4001038757348, 27.107331373841902 ], [ 76.400095313891796, 27.106643494729301 ], [ 76.399965466909094, 27.105791700769998 ], [ 76.399944707741199, 27.1056555234229 ], [ 76.399909301542607, 27.105424401547801 ], [ 76.399525752357206, 27.1042717637525 ], [ 76.399495383910704, 27.104180564748098 ], [ 76.398704718238704, 27.102406447970701 ], [ 76.398427864654707, 27.101854800698501 ], [ 76.398236494752993, 27.101473480543699 ], [ 76.398259205960102, 27.100950929214601 ], [ 76.398280961359603, 27.100455537670001 ], [ 76.398367058591404, 27.099935566195199 ], [ 76.398386510710594, 27.099818092944599 ], [ 76.398337274049794, 27.0993843129942 ], [ 76.398322836326599, 27.099257861766301 ], [ 76.398196009479804, 27.0989191935438 ], [ 76.398028409898998, 27.098471625636702 ], [ 76.397714605912299, 27.0974920663338 ], [ 76.397613628986207, 27.097176398885999 ], [ 76.397532906374806, 27.0968790511991 ], [ 76.397434611817999, 27.096516958481601 ], [ 76.397389835292699, 27.0951949678843 ], [ 76.397378431180201, 27.094276597869801 ], [ 76.397426334740999, 27.093565254218099 ], [ 76.397185219732293, 27.092473146253699 ], [ 76.3967578318628, 27.090134919464699 ], [ 76.396161328954605, 27.088186526607998 ], [ 76.396102468642198, 27.087810838340499 ], [ 76.395914099113696, 27.086610177565799 ], [ 76.395539330061894, 27.086038403309601 ], [ 76.3953338799666, 27.085724941403001 ], [ 76.394912478470104, 27.084991576167202 ], [ 76.394897505350997, 27.084965493121299 ], [ 76.394875486745093, 27.084911984147901 ], [ 76.394874515666203, 27.0849096199405 ], [ 76.394747938551205, 27.0846019982272 ], [ 76.394613905419206, 27.084330620377301 ], [ 76.394485385248103, 27.084071106985402 ], [ 76.393940241719605, 27.083719952627401 ], [ 76.392730470645006, 27.0834296003476 ], [ 76.391998830575403, 27.083254000306098 ], [ 76.391365255093703, 27.083027353538601 ], [ 76.391169847264905, 27.0829572851028 ], [ 76.391166037509706, 27.082953672345401 ], [ 76.390824437851606, 27.082629226736501 ], [ 76.390769656789004, 27.082398853155699 ], [ 76.390764200421899, 27.082375785618499 ], [ 76.390926145108097, 27.082077897953301 ], [ 76.390986832593697, 27.0819662670574 ], [ 76.391383044431294, 27.081784149374201 ], [ 76.392094180454606, 27.081751651808599 ], [ 76.392690538734001, 27.0816439133255 ], [ 76.392841974029693, 27.0814474238774 ], [ 76.392959124224205, 27.081294675740502 ], [ 76.393199233119901, 27.080935733555499 ], [ 76.393260120929796, 27.0808308400782 ], [ 76.393413882862106, 27.080564900740502 ], [ 76.393563397559603, 27.080160306534601 ], [ 76.393507311244903, 27.079804316909801 ], [ 76.393432141120201, 27.079640439199501 ], [ 76.393387290034696, 27.079542663866501 ], [ 76.3933486534943, 27.079458965605401 ], [ 76.393224594356994, 27.0793409989734 ], [ 76.393048877599199, 27.079174721864 ], [ 76.392543694727806, 27.0789946744334 ], [ 76.391577463214901, 27.078992957973099 ], [ 76.391258782274704, 27.0791840624005 ], [ 76.390720306042198, 27.079508046879901 ], [ 76.390273967313504, 27.079930781301901 ], [ 76.390006970044695, 27.080183659268499 ], [ 76.389648734485803, 27.080394686275898 ], [ 76.389056282979595, 27.080423596990599 ], [ 76.388280448492793, 27.080212249304601 ], [ 76.3876991657405, 27.080127724515599 ], [ 76.387686862414398, 27.080125936887299 ], [ 76.387072845951394, 27.080524661259201 ], [ 76.386529240338604, 27.081643388641702 ], [ 76.386515359570893, 27.081671953510899 ], [ 76.386491745556995, 27.081697709396298 ], [ 76.386153323239995, 27.082066047023702 ], [ 76.385870988136105, 27.082068831996299 ], [ 76.385404767893505, 27.081873991724802 ], [ 76.385048061267199, 27.081724274695901 ], [ 76.384008170596005, 27.080951763704899 ], [ 76.383920590245793, 27.080767296874399 ], [ 76.383907039159695, 27.080738657390601 ], [ 76.384122260230399, 27.079890265649599 ], [ 76.384260130066906, 27.079140455093999 ], [ 76.384373345640498, 27.078524730432498 ], [ 76.384371015410693, 27.078335187780699 ], [ 76.384196357766598, 27.077988388221598 ], [ 76.383908295004403, 27.077417728156099 ], [ 76.383475863992999, 27.0770172530435 ], [ 76.383289452791701, 27.076845106334801 ], [ 76.383130079083898, 27.076697732570501 ], [ 76.382534507728707, 27.0763734472179 ], [ 76.382377147145405, 27.076287937304201 ], [ 76.381725176861593, 27.076067093048799 ], [ 76.381369506891204, 27.076011053858799 ], [ 76.381272917336901, 27.075996090020201 ], [ 76.3790736762313, 27.076232070994699 ], [ 76.378858464143804, 27.076266719387899 ], [ 76.378073536011499, 27.076393076591401 ], [ 76.377980696025205, 27.0763804020043 ], [ 76.377564573029304, 27.0763225472869 ], [ 76.376355740694294, 27.075576884963201 ], [ 76.375510523029902, 27.074913049298001 ], [ 76.373990112733495, 27.073718879720701 ], [ 76.373301434592193, 27.073180443614401 ], [ 76.373133830519805, 27.073049401867099 ], [ 76.372786001943496, 27.072777447318799 ], [ 76.372229164146603, 27.072252628815502 ], [ 76.372129939833599, 27.072122581847701 ], [ 76.3717698950677, 27.071650130160801 ], [ 76.371650132572398, 27.0714545102757 ], [ 76.371294975539996, 27.0708729783038 ], [ 76.370905773256595, 27.070210976158901 ], [ 76.370802237030205, 27.0700348674632 ], [ 76.370017545154795, 27.0688759525266 ], [ 76.369490837750902, 27.0681096955398 ], [ 76.369491006634206, 27.068109533956001 ], [ 76.3693534907339, 27.0679094403351 ], [ 76.368993083048593, 27.067398521729299 ], [ 76.368871265207801, 27.067225830698099 ], [ 76.3683326066174, 27.066824860014499 ], [ 76.368246328824299, 27.0667744061078 ], [ 76.368134324179707, 27.066709767831099 ], [ 76.365049787073502, 27.064929668403401 ], [ 76.363755397394002, 27.064093815386101 ], [ 76.3633095994511, 27.063830919346302 ], [ 76.362493030857905, 27.0633493612482 ], [ 76.361358209820693, 27.0626356645752 ], [ 76.3607009466633, 27.062200145542199 ], [ 76.360221697255795, 27.061780575312302 ], [ 76.359939790648298, 27.061341421905301 ], [ 76.359853741925605, 27.060759007910999 ], [ 76.359855149585599, 27.060734926355799 ], [ 76.359919014412398, 27.059644260795601 ], [ 76.359834509893602, 27.059168901389899 ], [ 76.359796513852103, 27.058721013905501 ], [ 76.3597654806523, 27.058355994722799 ], [ 76.359612580204399, 27.057985644007999 ], [ 76.359561646626105, 27.057862627627301 ], [ 76.359199479141196, 27.057301937875899 ], [ 76.358862691758006, 27.056983323613998 ], [ 76.358840816882605, 27.056962700443599 ], [ 76.358679983412401, 27.056811058944302 ], [ 76.358217641196902, 27.056634086002699 ], [ 76.3575088120473, 27.056363661247001 ], [ 76.356952380288902, 27.0562362798652 ], [ 76.3562412379774, 27.056073481311 ], [ 76.355389560527897, 27.0558876095328 ], [ 76.354835291912707, 27.055804936820799 ], [ 76.354710231153803, 27.0557660460648 ], [ 76.354398786143094, 27.055668104308499 ], [ 76.353963632337994, 27.055352164641 ], [ 76.353949416498693, 27.055341804505701 ], [ 76.353871785888501, 27.055235419860601 ], [ 76.353668056066795, 27.0549556771794 ], [ 76.353603615419999, 27.0545146490132 ], [ 76.353618055838098, 27.054090241117699 ], [ 76.353196481865197, 27.054103695843398 ], [ 76.352808637834499, 27.0541160793417 ], [ 76.351335082765004, 27.0548684821024 ], [ 76.350840144281094, 27.0551211989969 ], [ 76.348394300358706, 27.056365570854599 ], [ 76.345141298594001, 27.057832012709799 ], [ 76.344646389754502, 27.058139947087898 ], [ 76.343085939749201, 27.059110360204599 ], [ 76.3394184041084, 27.059102724360699 ], [ 76.338765233675403, 27.0591410475717 ], [ 76.336824252824101, 27.059254074768099 ], [ 76.335620175271799, 27.0592918555393 ], [ 76.334142189711301, 27.059337188928101 ], [ 76.333480412519606, 27.059241313445199 ], [ 76.332854194240099, 27.059149578594202 ], [ 76.331388929722195, 27.058766266726298 ], [ 76.330488631856298, 27.059158430409401 ], [ 76.330510869651206, 27.058843435755499 ], [ 76.330536126683697, 27.058485728062301 ], [ 76.330423515676301, 27.057010490769301 ], [ 76.330371279540799, 27.056825873343499 ], [ 76.330175033583899, 27.056132817686201 ], [ 76.329600540298401, 27.054547232075901 ], [ 76.328588809116397, 27.054878471875099 ], [ 76.326342805310503, 27.055614482148801 ], [ 76.326340315180502, 27.055615249357 ], [ 76.324254747789297, 27.0562591079801 ], [ 76.322800475955603, 27.0567983181435 ], [ 76.321145648946597, 27.0578365182688 ], [ 76.320461926810793, 27.0582921131837 ], [ 76.319752350262803, 27.0587649291496 ], [ 76.319562635057906, 27.058878687911701 ], [ 76.318939530339193, 27.059252317206401 ], [ 76.318926485004695, 27.0592602162343 ], [ 76.318162767892801, 27.059722563591301 ], [ 76.318028672777103, 27.059803741455699 ], [ 76.317926238783599, 27.059839207704201 ], [ 76.317241763859599, 27.060075241086299 ], [ 76.316368462164505, 27.060248162322701 ], [ 76.315572187411902, 27.060281191706 ], [ 76.314541976087796, 27.060323408792499 ], [ 76.313328106898894, 27.060365134678602 ], [ 76.312524686048107, 27.060392747400499 ], [ 76.311352443891195, 27.060379297429101 ], [ 76.311342422285904, 27.060379183032701 ], [ 76.309999259476498, 27.060467860977699 ], [ 76.306631584172393, 27.060524007933701 ], [ 76.300797925615697, 27.061284454591199 ], [ 76.298059371946195, 27.0616888921361 ], [ 76.295467992862896, 27.062179940910902 ], [ 76.293795641519296, 27.062422179456401 ], [ 76.292922454808604, 27.062548652259299 ], [ 76.2918919138029, 27.0626923152196 ], [ 76.291206369883696, 27.062788385341801 ], [ 76.288416481089001, 27.063180110185399 ], [ 76.285327713816002, 27.0639277484449 ], [ 76.283636215780405, 27.0637650434495 ], [ 76.283636077439894, 27.063764591477501 ], [ 76.281768403607401, 27.063585057662799 ], [ 76.280304998602205, 27.063925324598699 ], [ 76.280212898827699, 27.063946739238499 ], [ 76.279062813617202, 27.064575818256301 ], [ 76.277891117635903, 27.066495412944199 ], [ 76.277354515289204, 27.067209601003999 ], [ 76.277336153724804, 27.067459827925301 ], [ 76.277265891096505, 27.068422543586301 ], [ 76.277358124719996, 27.069793770833002 ], [ 76.277372328881299, 27.070155143616301 ], [ 76.277394055534799, 27.070708154050301 ], [ 76.277274280462905, 27.071418143018601 ], [ 76.277277368870898, 27.0714879683017 ], [ 76.277308654497304, 27.072195332690601 ], [ 76.277497359097495, 27.073062220810101 ], [ 76.277606087586193, 27.073287017606098 ], [ 76.277706865086401, 27.073495372398899 ], [ 76.277719309448003, 27.074592714954498 ], [ 76.277729553835499, 27.074838314138201 ], [ 76.277754049994996, 27.075429109597799 ], [ 76.277748020502798, 27.075574994079702 ], [ 76.277734265499205, 27.075907728304198 ], [ 76.277823079236299, 27.0760944083545 ], [ 76.277864695488503, 27.076181873278099 ], [ 76.278049126802799, 27.076660889499099 ], [ 76.278077103035798, 27.077301019145199 ], [ 76.278084004792106, 27.077460442697401 ], [ 76.278086009831796, 27.077633976203298 ], [ 76.278103904272299, 27.079185392535098 ], [ 76.278181148606905, 27.080097229253699 ], [ 76.278221982426501, 27.080579250499198 ], [ 76.278209467996206, 27.081039502377699 ], [ 76.278203946950498, 27.081242577506199 ], [ 76.278419614483894, 27.082223925746 ], [ 76.278419715993493, 27.0822244176345 ], [ 76.278419845350996, 27.082225012699599 ], [ 76.278717792276197, 27.083707266071901 ], [ 76.278797749522994, 27.0840068545916 ], [ 76.278931094545499, 27.084506485065699 ], [ 76.278890161911207, 27.085398287584098 ], [ 76.279133205602903, 27.086540265729699 ], [ 76.279141506934394, 27.087271386235098 ], [ 76.279030462588906, 27.087603509888499 ], [ 76.278918994238595, 27.0879369050039 ], [ 76.278669957885597, 27.088487573134501 ], [ 76.2784227756554, 27.089257125008899 ], [ 76.278436256672904, 27.089405386791899 ], [ 76.278441918754098, 27.089467407938798 ], [ 76.278510245512905, 27.090215900158402 ], [ 76.278422781943604, 27.0915201574397 ], [ 76.278436543235401, 27.0927320171815 ], [ 76.2785863103596, 27.0932300900351 ], [ 76.278649122360903, 27.093438982758201 ], [ 76.278657952800103, 27.0942163995784 ], [ 76.278820705970105, 27.095038156684101 ], [ 76.279263394843795, 27.095743023627399 ], [ 76.279461717705701, 27.096135262673599 ], [ 76.279551235721996, 27.096312838619401 ], [ 76.279605194826203, 27.096527047706399 ], [ 76.279631469649999, 27.0966315122343 ], [ 76.279593849104202, 27.0968057197951 ], [ 76.279583234610797, 27.0968541752909 ], [ 76.279534085086595, 27.097002927637899 ], [ 76.279385777724798, 27.0974517633578 ], [ 76.2794482537562, 27.0984554604455 ], [ 76.279870863486707, 27.0996409344 ], [ 76.280240343258001, 27.100644092867402 ], [ 76.280253870987806, 27.101833292542999 ], [ 76.2800998440526, 27.102498679200099 ], [ 76.280009915506099, 27.1028876319231 ], [ 76.279890135044496, 27.1035976216946 ], [ 76.279795302594806, 27.1041524822176 ], [ 76.279698521699402, 27.104720259266799 ], [ 76.279812601452306, 27.105770877072001 ], [ 76.280154593674197, 27.106627593801001 ], [ 76.280288798384404, 27.1071747675546 ], [ 76.280324428263498, 27.107469345937702 ], [ 76.280401917838205, 27.108111854358501 ], [ 76.280376139782803, 27.108552670026999 ], [ 76.280359103233494, 27.108844007087601 ], [ 76.280554935965398, 27.1094748339058 ], [ 76.280571474848102, 27.109528102450799 ], [ 76.280810193151694, 27.1102805546236 ], [ 76.280809106190205, 27.110346238452401 ], [ 76.280795037674494, 27.1111953966135 ], [ 76.280870394648801, 27.111915363156299 ], [ 76.280881072024201, 27.112016922749799 ], [ 76.281056401608097, 27.112472560465399 ], [ 76.281091991961404, 27.112565046469701 ], [ 76.281177220522295, 27.113042621342 ], [ 76.2812572406512, 27.113491681407901 ], [ 76.281422107556907, 27.114416079419399 ], [ 76.281448517127998, 27.114564159964999 ], [ 76.281714623268002, 27.115453155652901 ], [ 76.282055196151703, 27.116181243282799 ], [ 76.282357021104005, 27.116549158055498 ], [ 76.282521948196901, 27.116750203444401 ], [ 76.282596567654295, 27.1169965945139 ], [ 76.282708018936702, 27.117364599355401 ], [ 76.282895146993496, 27.118071520519599 ], [ 76.283130484038395, 27.1185274933827 ], [ 76.283368938237302, 27.119256506878902 ], [ 76.283368863677097, 27.119257089753901 ], [ 76.283322043484503, 27.119622536590398 ], [ 76.283322100078394, 27.1196227052958 ], [ 76.283321977907505, 27.119623647167501 ], [ 76.283507771067804, 27.120216507484301 ], [ 76.283742623920801, 27.120625976508698 ], [ 76.283877795218203, 27.121265031333198 ], [ 76.283975915501799, 27.1217013377698 ], [ 76.283985622696704, 27.121744603891099 ], [ 76.284043590981994, 27.122127725889001 ], [ 76.284129206716798, 27.1222774720482 ], [ 76.284304451859001, 27.122583001818999 ], [ 76.284672240102694, 27.123097382524499 ], [ 76.284694319793999, 27.123128256245199 ], [ 76.284881690396006, 27.1238583039218 ], [ 76.285021580543599, 27.124908933932399 ], [ 76.285043273061106, 27.126806737296899 ], [ 76.285038615296301, 27.1281445585964 ], [ 76.285037244467205, 27.128521090079001 ], [ 76.2849432034334, 27.129230575832899 ], [ 76.284943205229993, 27.129230872441099 ], [ 76.284952875594001, 27.130076774104701 ], [ 76.284952782169299, 27.1300776247481 ], [ 76.284697944496202, 27.1321037756984 ], [ 76.284697922038305, 27.1321039459839 ], [ 76.284636276948603, 27.1339592380636 ], [ 76.284151035778194, 27.136791579929199 ], [ 76.284090345597605, 27.139028449743702 ], [ 76.284090339309401, 27.139028746325899 ], [ 76.283930034048595, 27.1402029736795 ], [ 76.283944137598596, 27.1414368372151 ], [ 76.283902306649097, 27.141964963069299 ], [ 76.283868953100907, 27.142388320179698 ], [ 76.283853326008199, 27.1434027519539 ], [ 76.283852311810193, 27.143468680127899 ], [ 76.283852298335503, 27.143469465919502 ], [ 76.283659653724499, 27.144215959040601 ], [ 76.283590809536094, 27.144704050398801 ], [ 76.283700741767305, 27.145487777770601 ], [ 76.283702727942398, 27.1455019209635 ], [ 76.283788845835403, 27.1462435459873 ], [ 76.283830740565307, 27.1466043051187 ], [ 76.284002737399504, 27.147131456919301 ], [ 76.284098699031404, 27.147425572762302 ], [ 76.284239545884802, 27.1481796484439 ], [ 76.284251877058693, 27.148245755251398 ], [ 76.284276373218205, 27.1487327714764 ], [ 76.284289421247706, 27.148992279613701 ], [ 76.284237015330604, 27.14942831159 ], [ 76.284259000698896, 27.149716440752499 ], [ 76.284270398523304, 27.1498658198356 ], [ 76.284333672258597, 27.150379781665499 ], [ 76.284222998917301, 27.150739621802401 ], [ 76.283999580719595, 27.151332934210199 ], [ 76.283397828955202, 27.1524307111235 ], [ 76.282854503616804, 27.153067576285299 ], [ 76.282547772964705, 27.153435971569898 ], [ 76.282425436796103, 27.153879418155999 ], [ 76.282441907406806, 27.1543641485944 ], [ 76.282447199382204, 27.154522849317601 ], [ 76.282362858356805, 27.154989196293599 ], [ 76.282338125940399, 27.155125946617598 ], [ 76.282313502220106, 27.1553305242718 ], [ 76.282260628280795, 27.1557709723822 ], [ 76.282286125163495, 27.1559458152038 ], [ 76.282306601362095, 27.156086184344801 ], [ 76.282295900630402, 27.156200754629499 ], [ 76.282268555913205, 27.1564896656127 ], [ 76.282153661388307, 27.156675049899899 ], [ 76.282102392738494, 27.1567571853587 ], [ 76.281681576045301, 27.157013536866199 ], [ 76.281413163929997, 27.1570738923958 ], [ 76.280920786542893, 27.157184612320801 ], [ 76.280178001973894, 27.1576963984099 ], [ 76.279451064584705, 27.1583595424732 ], [ 76.278891444705394, 27.158831776847201 ], [ 76.278133659169399, 27.159267939862499 ], [ 76.277346754743405, 27.159628614574501 ], [ 76.277327232555706, 27.1596446190647 ], [ 76.276793723108497, 27.160082706726001 ], [ 76.276263046947605, 27.1606178786251 ], [ 76.275889702623999, 27.161289275218198 ], [ 76.275882919445294, 27.1613000923155 ], [ 76.275732258497399, 27.161541409061901 ], [ 76.275501305231103, 27.1619113213461 ], [ 76.275539652513899, 27.162252157413299 ], [ 76.2755552814033, 27.162390274346301 ], [ 76.275763501004704, 27.1640438007211 ], [ 76.2758904760734, 27.164840602056898 ], [ 76.275922245891806, 27.165039715185902 ], [ 76.276041890707802, 27.166297901152099 ], [ 76.2761128764799, 27.1669944995366 ], [ 76.276112888157996, 27.166994595442102 ], [ 76.276332107629997, 27.167800521044999 ], [ 76.2763224309778, 27.1687800423779 ], [ 76.276466377917203, 27.170220052331299 ], [ 76.276472648157906, 27.170282763126 ], [ 76.276488912156196, 27.170445632169301 ], [ 76.276498959812599, 27.171328766603501 ], [ 76.276352005313598, 27.171737493748701 ], [ 76.276090874043703, 27.172462094002402 ], [ 76.275690135595397, 27.1730158304151 ], [ 76.275241214210297, 27.1736361377565 ], [ 76.274123689335596, 27.175320526290399 ], [ 76.273430196224496, 27.176241901278001 ], [ 76.2732110189732, 27.1765332089835 ], [ 76.273204497204205, 27.176544052573799 ], [ 76.272977595339896, 27.1769212352858 ], [ 76.272856856375796, 27.177122794611901 ], [ 76.272316998534507, 27.178024014952602 ], [ 76.271705553049799, 27.1789006668347 ], [ 76.271232140895094, 27.1794330434922 ], [ 76.271143867943707, 27.179533175240898 ], [ 76.271049675094503, 27.179639230792802 ], [ 76.269948004586297, 27.180762469691 ], [ 76.269808453103593, 27.180905663661999 ], [ 76.269411928652303, 27.181311358271302 ], [ 76.269042905225106, 27.181648698941899 ], [ 76.268267968155399, 27.1820190504301 ], [ 76.267916982000898, 27.182166653843002 ], [ 76.267760847618007, 27.182232555138601 ], [ 76.267458215978493, 27.1823598314954 ], [ 76.266781165630405, 27.182426518993498 ], [ 76.266579807361097, 27.182379393527899 ], [ 76.266407352386096, 27.182338270104101 ], [ 76.266165048906203, 27.181886851191098 ], [ 76.266077777576399, 27.181793186328399 ], [ 76.265410219725794, 27.181076714493301 ], [ 76.265121999758506, 27.1808657167891 ], [ 76.264795090250203, 27.180626401245998 ], [ 76.264400872672596, 27.180306638069101 ], [ 76.264316305271706, 27.180238038612998 ], [ 76.263767636754096, 27.1796381735541 ], [ 76.263354293145795, 27.1790664225325 ], [ 76.262409672403706, 27.1794382689617 ], [ 76.261186944029404, 27.179483123762001 ], [ 76.259908877637002, 27.179375000727799 ], [ 76.2592194260464, 27.179202429748901 ], [ 76.259082021537196, 27.1791680377872 ], [ 76.258920543076599, 27.179086957678901 ], [ 76.258199104275306, 27.178724321636299 ], [ 76.257859250043794, 27.178426641787201 ], [ 76.257419966683301, 27.178041865201902 ], [ 76.256508636607407, 27.177431908010501 ], [ 76.2558590145198, 27.177075057162 ], [ 76.255571983921897, 27.176917914053099 ], [ 76.254840621431597, 27.176638177354601 ], [ 76.254476571077902, 27.176498932075301 ], [ 76.254141639614105, 27.176296965656199 ], [ 76.2533514994565, 27.1758197529292 ], [ 76.252547135374698, 27.175256363866499 ], [ 76.251955815745603, 27.1746234723973 ], [ 76.2518980783274, 27.174561671086199 ], [ 76.251820257274304, 27.174478031120898 ], [ 76.251226950571905, 27.173770185647001 ], [ 76.251163887940606, 27.173699712127402 ], [ 76.250742172033895, 27.173227906654599 ], [ 76.249999256310701, 27.1721109421715 ], [ 76.249997885481605, 27.172108876301301 ], [ 76.249592497353404, 27.171846187602998 ], [ 76.249301053332601, 27.171390053433498 ], [ 76.247810361102395, 27.169056007376401 ], [ 76.244908957244803, 27.1633607797779 ], [ 76.243776209519396, 27.161201278964501 ], [ 76.241253106889204, 27.156390808840399 ], [ 76.241015516869695, 27.1558568899585 ], [ 76.240200778144597, 27.154024252416701 ], [ 76.238590605490003, 27.150368941928701 ], [ 76.237522902977602, 27.146654664701799 ], [ 76.237382044446093, 27.146567463472099 ], [ 76.236063667053699, 27.145751267086499 ], [ 76.233757393478697, 27.1445934252204 ], [ 76.233437650729698, 27.1444328974118 ], [ 76.232785640920099, 27.1441058593687 ], [ 76.229752431752502, 27.142783163191002 ], [ 76.228489991554497, 27.142959629904102 ], [ 76.227280869961902, 27.143128630096701 ], [ 76.226239736920604, 27.142963519710001 ], [ 76.225908007052496, 27.1429109113921 ], [ 76.225799080036097, 27.142893636679499 ], [ 76.225345601497494, 27.1428211500061 ], [ 76.222374553052703, 27.141659979482299 ], [ 76.221840554023601, 27.141512563935201 ], [ 76.220860690576302, 27.141241619041999 ], [ 76.220405250117196, 27.141100657282799 ], [ 76.220012613574497, 27.1409791327312 ], [ 76.218487625463297, 27.139535127639199 ], [ 76.217021906398003, 27.1386798036804 ], [ 76.216847205634807, 27.138577856596001 ], [ 76.215506249986007, 27.138182502289499 ], [ 76.215268313216697, 27.136673918333599 ], [ 76.214987748692195, 27.134895033266702 ], [ 76.213162812209404, 27.1336154112735 ], [ 76.212627723523894, 27.1332046219384 ], [ 76.211215150587293, 27.132120167073801 ], [ 76.210188849629802, 27.130919368354299 ], [ 76.209218589172806, 27.129591700072801 ], [ 76.209155390896001, 27.129481627569699 ], [ 76.208822976511598, 27.128901249157501 ], [ 76.2086749512208, 27.127167390464901 ], [ 76.208136055475094, 27.125868299989399 ], [ 76.208077270621203, 27.1257265848981 ], [ 76.207895059942302, 27.125522795734799 ], [ 76.206178611199704, 27.123603453819701 ], [ 76.2052466665846, 27.123715191916801 ], [ 76.205144819190906, 27.123727402221 ], [ 76.204916574345205, 27.1234523750298 ], [ 76.204620751935593, 27.123095503636701 ], [ 76.204311248184297, 27.1230152527095 ], [ 76.203323266661698, 27.122759081463499 ], [ 76.202162801418098, 27.120283988458802 ], [ 76.201271210922201, 27.11838171442 ], [ 76.200210436217304, 27.115961589099999 ], [ 76.200104841950605, 27.115153209091702 ], [ 76.199999245887298, 27.114344802453701 ], [ 76.199094681922006, 27.1144676057081 ], [ 76.198808220855994, 27.114588231550801 ], [ 76.197212881183404, 27.1152600022142 ], [ 76.195659929415697, 27.116192901902199 ], [ 76.194770123872303, 27.116727418036 ], [ 76.193340773999594, 27.117060380219499 ], [ 76.191673238524203, 27.117448221313399 ], [ 76.190981114445506, 27.117570347127302 ], [ 76.189607214880297, 27.117812764154198 ], [ 76.186437980117503, 27.117839571150199 ], [ 76.185481217746101, 27.119120090857901 ], [ 76.185438598075706, 27.119267150543699 ], [ 76.185044310429504, 27.120627569201101 ], [ 76.182341181823205, 27.122139459044899 ], [ 76.179899648915907, 27.1235049589244 ], [ 76.179385833234605, 27.123856303519599 ], [ 76.178904684788705, 27.124546544927099 ], [ 76.178047513242902, 27.125776201550501 ], [ 76.1766586477451, 27.127135274640001 ], [ 76.176318619240405, 27.127467999575 ], [ 76.175854487580807, 27.127861668863499 ], [ 76.174459375198495, 27.129044961335001 ], [ 76.174464669868797, 27.129051026222101 ], [ 76.175608556703807, 27.1303600251929 ], [ 76.175964998327103, 27.130767740616399 ], [ 76.176990117101795, 27.131340404870102 ], [ 76.179739155907299, 27.132876042467601 ], [ 76.180119227714101, 27.1357384825778 ], [ 76.180434152798199, 27.138110138069599 ], [ 76.181089645376204, 27.139984193260201 ], [ 76.181301307321704, 27.1405894946461 ], [ 76.181379552379596, 27.141974170464 ], [ 76.181539489331101, 27.144810354065701 ], [ 76.180808176248206, 27.149095424202802 ], [ 76.180723126451994, 27.149464003644301 ], [ 76.179694434179197, 27.153905035929402 ], [ 76.178758443551999, 27.157210104648001 ], [ 76.178286174054307, 27.161551661063701 ], [ 76.178098206971001, 27.164798106288998 ], [ 76.177957782325805, 27.1672234210005 ], [ 76.177957776037601, 27.167223524897899 ], [ 76.179402891343599, 27.170550691778701 ], [ 76.179023021657699, 27.171627704113298 ], [ 76.178965906771893, 27.171789634557101 ], [ 76.178768225307095, 27.1723501097478 ], [ 76.178523076862703, 27.1730454580265 ], [ 76.178334605824602, 27.174603071487201 ], [ 76.178046976948707, 27.176981214047501 ], [ 76.178293040776396, 27.178868902312001 ], [ 76.178468965044999, 27.180218440244801 ], [ 76.178783125662804, 27.183332278512999 ], [ 76.1788302090618, 27.1837992003639 ], [ 76.175514244378704, 27.182914132504301 ], [ 76.172534648463994, 27.182118767520201 ], [ 76.169288864662605, 27.1811618989896 ], [ 76.163637724008595, 27.179243221892399 ], [ 76.161087001776806, 27.1805651067022 ], [ 76.160862905351095, 27.180681242904999 ], [ 76.1594391367112, 27.180693020257198 ], [ 76.158859292161594, 27.1805877216702 ], [ 76.157299423366297, 27.18030546017 ], [ 76.153732999398898, 27.180481122022599 ], [ 76.150248723669307, 27.1806536087152 ], [ 76.149794978331101, 27.1826216587876 ], [ 76.149703296273202, 27.183019735749401 ], [ 76.149380963681295, 27.184419252786899 ], [ 76.149140450543698, 27.187779120917 ], [ 76.149041367266193, 27.189164937596299 ], [ 76.149983483505295, 27.192684615664898 ], [ 76.150572354326798, 27.194280656964999 ], [ 76.151515161370398, 27.196835861064599 ], [ 76.152847842637101, 27.2005847580607 ], [ 76.155362129200995, 27.2058269322429 ], [ 76.156554479247305, 27.207572890178199 ], [ 76.156739304921999, 27.207688717835701 ], [ 76.156681975338898, 27.207760742956602 ], [ 76.155209863861998, 27.209392345979101 ], [ 76.154212926136097, 27.213159879610998 ], [ 76.155275190247806, 27.215753081883001 ], [ 76.155275207315697, 27.2157533055648 ], [ 76.155343035509603, 27.216729327818999 ], [ 76.155351498537897, 27.216851514435401 ], [ 76.149524048238007, 27.216784354631699 ], [ 76.148927415074098, 27.2171872337601 ], [ 76.146966332621801, 27.218510786502801 ], [ 76.144058749253503, 27.220473035108402 ], [ 76.142929268700598, 27.2176481950174 ], [ 76.140281201431307, 27.2138193355682 ], [ 76.139758708024502, 27.2127901252566 ], [ 76.138497525467898, 27.2103048049729 ], [ 76.137399881208694, 27.207211966973802 ], [ 76.136164773151506, 27.203731576441999 ], [ 76.133033872196805, 27.197393660045201 ], [ 76.132266154887006, 27.195839428958099 ], [ 76.127866041335395, 27.195989996768901 ], [ 76.1278658302313, 27.1959899815878 ], [ 76.125330535666194, 27.194911429006499 ], [ 76.124515046847904, 27.194679234050799 ], [ 76.123335333402693, 27.194343577163099 ], [ 76.120786837196206, 27.193618433450101 ], [ 76.120992526243398, 27.194828528203001 ], [ 76.121336573810694, 27.196852581715401 ], [ 76.121323981227107, 27.198176185811199 ], [ 76.121305210030897, 27.200149891062999 ], [ 76.1213128394226, 27.200176162963999 ], [ 76.121958644568494, 27.202399544567601 ], [ 76.122109535485095, 27.202918983436501 ], [ 76.122236537503397, 27.203162809178298 ], [ 76.123099845440905, 27.2048185971693 ], [ 76.124269756469701, 27.206651811545498 ], [ 76.124349347203804, 27.206776528232002 ], [ 76.124435867542104, 27.206937936287702 ], [ 76.125055216404604, 27.2080933802823 ], [ 76.125602074816996, 27.2091135639381 ], [ 76.127370820780499, 27.211238813101801 ], [ 76.127513850540097, 27.2114889191229 ], [ 76.127964364638203, 27.212276688105501 ], [ 76.128083742654596, 27.2126444637261 ], [ 76.128431887437898, 27.213717975573001 ], [ 76.129164048530498, 27.214927042087101 ], [ 76.134357543361205, 27.223502479881599 ], [ 76.133956574944307, 27.223710992491998 ], [ 76.133953116430405, 27.223712074075699 ], [ 76.125128780341598, 27.226468925050501 ], [ 76.120929790598893, 27.227428002356099 ], [ 76.120536121892002, 27.2269106068036 ], [ 76.118275326426499, 27.227449217143199 ], [ 76.115688740753598, 27.2285513588726 ], [ 76.115959555862304, 27.229787651560699 ], [ 76.116434865258896, 27.231958225006998 ], [ 76.116384244294395, 27.232834654871301 ], [ 76.116324534175703, 27.233868370929901 ], [ 76.116256570336304, 27.235655667269899 ], [ 76.116170649174293, 27.2379172960561 ], [ 76.116286509388104, 27.238674199292401 ], [ 76.116952697307795, 27.2430259350051 ], [ 76.117417710214696, 27.246062251842499 ], [ 76.117803459374102, 27.248072479852802 ], [ 76.118240330757999, 27.250347976615402 ], [ 76.1182403954367, 27.250348230575 ], [ 76.121635866412205, 27.251677318757402 ], [ 76.123489471729101, 27.2534521026238 ], [ 76.125118754244696, 27.2550120103542 ], [ 76.125625805611904, 27.255587935605501 ], [ 76.127334795642696, 27.2577835941694 ], [ 76.129343345074602, 27.2593787586401 ], [ 76.1309743038466, 27.260588773038201 ], [ 76.131417767966397, 27.261363786159301 ], [ 76.131320430115494, 27.264034372603302 ], [ 76.131366008836395, 27.268536318201999 ], [ 76.131467835568799, 27.269239617198799 ], [ 76.131566955677201, 27.269924880593901 ], [ 76.132400571599604, 27.2723103465725 ], [ 76.133537562068199, 27.2739124918253 ], [ 76.134680815590997, 27.276128426329102 ], [ 76.134695488672804, 27.277572653913801 ], [ 76.134835430922706, 27.279476252902601 ], [ 76.134831111822805, 27.2808529349997 ], [ 76.1349841874422, 27.2813143359203 ], [ 76.136152903711704, 27.281304846223499 ], [ 76.138990682592507, 27.281247918404599 ], [ 76.141768352502794, 27.280746831303102 ], [ 76.143556291870595, 27.2805313749231 ], [ 76.144723816974107, 27.280406732089499 ], [ 76.145039587372807, 27.2822592265486 ], [ 76.145556733108805, 27.283796377177001 ], [ 76.145734469279404, 27.284871408567302 ], [ 76.145762279323904, 27.2866585583355 ], [ 76.145860377149603, 27.287172298975101 ], [ 76.146388933286403, 27.288095507049199 ], [ 76.146956915582606, 27.289167342604198 ], [ 76.147170604127496, 27.2901743706554 ], [ 76.147255896468707, 27.290575816097199 ], [ 76.147395564732506, 27.2912332150207 ], [ 76.147389057336596, 27.292442904163298 ], [ 76.147344897953801, 27.293553606343899 ], [ 76.146882484771396, 27.294584236198901 ], [ 76.146812336229203, 27.2949481522372 ], [ 76.147035711307794, 27.296835249945602 ], [ 76.147361723399101, 27.297893260461201 ], [ 76.148049014541499, 27.298830958153701 ], [ 76.149138047550395, 27.3000812932403 ], [ 76.149207610391002, 27.3014393059463 ], [ 76.149160056274795, 27.302218284788601 ], [ 76.149313656510301, 27.303641051907999 ], [ 76.149974300926402, 27.3047459539115 ], [ 76.151009187981501, 27.306127613323401 ], [ 76.151441581263697, 27.306654400034802 ], [ 76.151870142332996, 27.307727350314401 ], [ 76.151952701999207, 27.308505259340201 ], [ 76.1517029451973, 27.309518353033699 ], [ 76.1514004510001, 27.310746272133599 ], [ 76.151272150018002, 27.311839611297501 ], [ 76.154295358241498, 27.311683785413699 ], [ 76.157169442534595, 27.3114614209845 ], [ 76.159284473768693, 27.311376194112299 ], [ 76.161407845860296, 27.3112434740226 ], [ 76.166182331408294, 27.310589881995799 ], [ 76.170151603068206, 27.310130183126699 ], [ 76.170044696362794, 27.313003943662601 ], [ 76.170119345464599, 27.3137977006614 ], [ 76.170430647643201, 27.317098996825202 ], [ 76.170748427573301, 27.3212555556807 ], [ 76.171541400118997, 27.325851006431499 ], [ 76.171696851782301, 27.326751855799699 ], [ 76.172688642161603, 27.328914537657798 ], [ 76.173534966550307, 27.330757975700099 ], [ 76.173801228098796, 27.331506430667002 ], [ 76.175201585744105, 27.335442539916802 ], [ 76.176417477040701, 27.337754299006502 ], [ 76.176672854601307, 27.338239829806501 ], [ 76.177062835724001, 27.338981263119798 ], [ 76.177648057588897, 27.339418653119399 ], [ 76.179953010640403, 27.3377720821404 ], [ 76.180571477357304, 27.3374712224111 ], [ 76.181790709488496, 27.339013558080499 ], [ 76.183388621037807, 27.341110093817999 ], [ 76.1857486300365, 27.343987747435101 ], [ 76.186890956497805, 27.344939422310802 ], [ 76.187416171800095, 27.3454314431239 ], [ 76.190059262402698, 27.348706056910402 ], [ 76.190866738248602, 27.349592842626699 ], [ 76.192139230594705, 27.351421233237801 ], [ 76.192518862227004, 27.3521785152608 ], [ 76.192564520898003, 27.352409992017702 ], [ 76.192617078630306, 27.352676419399501 ], [ 76.192438050682398, 27.3533053196503 ], [ 76.192313940340995, 27.353870569404201 ], [ 76.192468119989897, 27.355227808576299 ], [ 76.193425206653103, 27.356212599954102 ], [ 76.195148994631595, 27.357689562762499 ], [ 76.195654825188299, 27.358132064861799 ], [ 76.197873537277601, 27.359852994773899 ], [ 76.198866383177403, 27.360688493444599 ], [ 76.199118274376303, 27.361663502124099 ], [ 76.199143548476798, 27.362308708036799 ], [ 76.199270674462596, 27.3627883008519 ], [ 76.199617764623795, 27.3640942273211 ], [ 76.199484090817904, 27.3654697293784 ], [ 76.199216340760898, 27.366483049221898 ], [ 76.197536415721203, 27.3682193619134 ], [ 76.196130240586101, 27.368678256664701 ], [ 76.194984049572398, 27.3691033108929 ], [ 76.193520821535301, 27.3694295180523 ], [ 76.193487269459496, 27.3697773426446 ], [ 76.194109518083707, 27.370699540048701 ], [ 76.194348349575094, 27.372076583423901 ], [ 76.194416705080002, 27.3724707083203 ], [ 76.1945440843906, 27.373974858508401 ], [ 76.195454561965406, 27.374016715174498 ], [ 76.196764668569003, 27.3741770738432 ], [ 76.197108704458202, 27.374219182513698 ], [ 76.198264687108505, 27.3746402986508 ], [ 76.199327053628195, 27.374994507759201 ], [ 76.201850573974895, 27.375701722015702 ], [ 76.202359395023095, 27.376410465745199 ], [ 76.202424494135101, 27.377287777830801 ], [ 76.202322033192104, 27.3780988263422 ], [ 76.201843531183002, 27.378500132161001 ], [ 76.201866881092201, 27.378964819382499 ], [ 76.201815562136602, 27.379362443925501 ], [ 76.201893187357001, 27.380521735489399 ], [ 76.202892858656298, 27.380215234232299 ], [ 76.204648177501198, 27.379421521405501 ], [ 76.204927107990201, 27.379500353549101 ], [ 76.2047344840405, 27.380562677932499 ], [ 76.204465840159799, 27.381492513295399 ], [ 76.2047305045038, 27.3818874126911 ], [ 76.205147330880393, 27.382267458934201 ], [ 76.205630540061705, 27.382707863036799 ], [ 76.206213276288196, 27.3833505070283 ], [ 76.206606599143697, 27.383660790857402 ], [ 76.207206084458704, 27.3850299525078 ], [ 76.207558749564498, 27.3867171885021 ], [ 76.207902948048797, 27.3876236694468 ], [ 76.207980863424893, 27.387988588170501 ], [ 76.208766114052395, 27.3892906854072 ], [ 76.210035148782893, 27.3898596620819 ], [ 76.210519870727097, 27.390085644270101 ], [ 76.211764268262698, 27.390074839849198 ], [ 76.2125481417728, 27.390433621671399 ], [ 76.2130391141947, 27.391174069807299 ], [ 76.213288492805802, 27.391900823836099 ], [ 76.213273522381598, 27.392266542789098 ], [ 76.2134686508344, 27.393986723349101 ], [ 76.213442661674904, 27.394964109711001 ], [ 76.213577283203406, 27.3954255677851 ], [ 76.214071559628906, 27.3964661276257 ], [ 76.214243217798199, 27.396869997157101 ], [ 76.214564311613401, 27.397625438499901 ], [ 76.215186822545704, 27.399090009833301 ], [ 76.215511989322295, 27.399980839742401 ], [ 76.215499830625006, 27.4005451213505 ], [ 76.215619805122699, 27.402150861848099 ], [ 76.215630300140205, 27.403109877031198 ], [ 76.215633927537297, 27.403441580854398 ], [ 76.216003864551098, 27.403339060472501 ], [ 76.217571353755005, 27.4022827775918 ], [ 76.219212644949394, 27.401273230189801 ], [ 76.220026451223106, 27.400952430087099 ], [ 76.220454067264697, 27.4009802822677 ], [ 76.221818041344306, 27.4017153147519 ], [ 76.222453927292904, 27.4021723670432 ], [ 76.223415790298503, 27.402610761077302 ], [ 76.223994273900502, 27.402905830858501 ], [ 76.225053707420699, 27.402961972064901 ], [ 76.225241004360797, 27.4030934729298 ], [ 76.225442883652903, 27.4045472796581 ], [ 76.225493280937002, 27.406135564682401 ], [ 76.225499290666207, 27.406336357502902 ], [ 76.225565807319796, 27.408125344977002 ], [ 76.225916624590994, 27.409611691618 ], [ 76.226148466291093, 27.410455919931501 ], [ 76.227010396213004, 27.413628042152201 ], [ 76.227467767151694, 27.414684667929698 ], [ 76.228620929092003, 27.417373534148599 ], [ 76.228630520404295, 27.417478062150501 ], [ 76.228663343048197, 27.417835787764002 ], [ 76.228239331047504, 27.418139664918002 ], [ 76.227784292135297, 27.418953829826599 ], [ 76.227204229295097, 27.4194396176091 ], [ 76.227381628597399, 27.4203317123883 ], [ 76.227454300507205, 27.421872402927399 ], [ 76.227423417326094, 27.4224526486367 ], [ 76.227724756289902, 27.422831376900302 ], [ 76.227839117215396, 27.423110199662901 ], [ 76.227236564153799, 27.4231651544806 ], [ 76.226903237081103, 27.4232673861565 ], [ 76.2269103948572, 27.423914994765401 ], [ 76.227009539220205, 27.424476044429301 ], [ 76.226775001675904, 27.425107729112401 ], [ 76.226538094375897, 27.4255250481778 ], [ 76.226789093547794, 27.426382642002999 ], [ 76.226818779274694, 27.427409184105802 ], [ 76.226302615397302, 27.428589470239 ], [ 76.225587794484696, 27.429473615118798 ], [ 76.225611809147097, 27.429987933430901 ], [ 76.2256220553313, 27.430915345374601 ], [ 76.224861226303105, 27.430955885643201 ], [ 76.223394007051198, 27.430984571426201 ], [ 76.223062470320897, 27.431251519954898 ], [ 76.223012505126405, 27.4317664861689 ], [ 76.223312956554693, 27.432923792965799 ], [ 76.223312930503496, 27.432925590080998 ], [ 76.223311236280907, 27.4330315783657 ], [ 76.2233021111943, 27.433603156232302 ], [ 76.223064597531504, 27.433968571320602 ], [ 76.222621976031405, 27.434254543966599 ], [ 76.222271458797394, 27.4345216536124 ], [ 76.222502500996896, 27.435232747712501 ], [ 76.222826571828904, 27.4360084646178 ], [ 76.2231460046591, 27.437165608143399 ], [ 76.222974178504799, 27.438442154087799 ], [ 76.222478432435494, 27.438958773747999 ], [ 76.222221306753497, 27.439209266781699 ], [ 76.222562715070396, 27.4398358947061 ], [ 76.222939162175095, 27.4403132673479 ], [ 76.223968250604997, 27.441827506569499 ], [ 76.224155703851906, 27.441999446349701 ], [ 76.224363038612793, 27.4421896233771 ], [ 76.224650192279896, 27.442997255430999 ], [ 76.224684162970703, 27.444355490227402 ], [ 76.2247072604533, 27.4447863178729 ], [ 76.2250236237401, 27.4456613947014 ], [ 76.225289538538902, 27.446205177194798 ], [ 76.225884285240795, 27.446233795237799 ], [ 76.226455003805398, 27.445748092677199 ], [ 76.2265565637382, 27.4465257589613 ], [ 76.226565348363394, 27.447320040513102 ], [ 76.2264445465172, 27.447621837941899 ], [ 76.226312430390095, 27.447951886231198 ], [ 76.226814612888404, 27.4480151681005 ], [ 76.228746903437596, 27.448047785979298 ], [ 76.229770390871707, 27.448187696927199 ], [ 76.232250417487293, 27.448057460691 ], [ 76.234279749443303, 27.4476039504959 ], [ 76.238092666633094, 27.446554605718099 ], [ 76.241211142090805, 27.445220232233702 ], [ 76.2434579876182, 27.444322342701302 ], [ 76.245567083683298, 27.443493349960399 ], [ 76.247487188585595, 27.442449380083399 ], [ 76.248226391571706, 27.442111023300701 ], [ 76.250797897225894, 27.4419209673176 ], [ 76.252433470643496, 27.4420055659245 ], [ 76.252383443465305, 27.444127303919501 ], [ 76.251925661996495, 27.444131417571999 ], [ 76.251342690411406, 27.444136656898301 ], [ 76.250080660743507, 27.444263077492302 ], [ 76.248784575044795, 27.444622230229498 ], [ 76.246841393321105, 27.445303100754501 ], [ 76.246503393212294, 27.445387369114599 ], [ 76.244525249956098, 27.445885729719201 ], [ 76.243286263871795, 27.446377463313802 ], [ 76.241340578543401, 27.447687898220899 ], [ 76.239119805718801, 27.448436579414601 ], [ 76.236360735426601, 27.449289303796601 ], [ 76.2329660298156, 27.4505944228423 ], [ 76.232532503757795, 27.4500521423432 ], [ 76.2312869662602, 27.449963857381402 ], [ 76.230003669876297, 27.449891699258 ], [ 76.228591123889203, 27.4498545180798 ], [ 76.226145127253204, 27.4495781815206 ], [ 76.225727852617197, 27.449539287096101 ], [ 76.225404619913405, 27.449509159253399 ], [ 76.225368755573996, 27.449505815877799 ], [ 76.225326597637704, 27.449501889763098 ], [ 76.2245224365751, 27.450668902668699 ], [ 76.223944596166902, 27.452231101252099 ], [ 76.223304233913296, 27.4531145871942 ], [ 76.221804331256493, 27.453590371050399 ], [ 76.221819202866001, 27.452715507786401 ], [ 76.221821212397302, 27.452597277317899 ], [ 76.219280916910904, 27.453066361724801 ], [ 76.216668791236202, 27.4537346194356 ], [ 76.215021903537604, 27.454362820527301 ], [ 76.215623169313503, 27.455846996667901 ], [ 76.216668365434799, 27.457959171620701 ], [ 76.217230855431396, 27.458385285390701 ], [ 76.217363939044105, 27.4586978008291 ], [ 76.218702606683905, 27.459597803643799 ], [ 76.218768977810299, 27.4596158190731 ], [ 76.219709316283399, 27.4598710749354 ], [ 76.220024131773002, 27.4598006179422 ], [ 76.220297553792705, 27.459301746292802 ], [ 76.220361151819901, 27.458357890886301 ], [ 76.220487874462094, 27.456368630881599 ], [ 76.220947921481994, 27.4559335662703 ], [ 76.221835181199907, 27.455528607815001 ], [ 76.222989544187797, 27.4557170652132 ], [ 76.223536741264994, 27.456475023908698 ], [ 76.224350409198195, 27.4578241490549 ], [ 76.2247784842789, 27.458732090285 ], [ 76.225265664013705, 27.4590933903559 ], [ 76.2261201918176, 27.459101666762599 ], [ 76.226895607689301, 27.458648013065499 ], [ 76.227203008484594, 27.4578509466489 ], [ 76.227211974569499, 27.457004606487999 ], [ 76.227433006841807, 27.456804070020699 ], [ 76.228217952940398, 27.457212382079401 ], [ 76.228577049085303, 27.457771133354399 ], [ 76.228531124513097, 27.4586493928708 ], [ 76.2282397837985, 27.459182283378599 ], [ 76.227779931712902, 27.459633164929201 ], [ 76.226910818862095, 27.4600222036829 ], [ 76.226471777148404, 27.460639893464499 ], [ 76.226200467067997, 27.461269646219201 ], [ 76.226314717500799, 27.461534927285701 ], [ 76.226986462398898, 27.4618268943427 ], [ 76.228342413624702, 27.461765292697901 ], [ 76.229324855236896, 27.461558036623199 ], [ 76.2298098340992, 27.461718490633299 ], [ 76.230147880920399, 27.462031443791101 ], [ 76.230864639499103, 27.4638124132249 ], [ 76.230945649571396, 27.463987719059201 ], [ 76.231247673949696, 27.4646440007431 ], [ 76.2316688095448, 27.465716717854502 ], [ 76.232151431227805, 27.4673688601682 ], [ 76.232505514773493, 27.4691214333474 ], [ 76.231427660400001, 27.469115169419201 ], [ 76.229884838933799, 27.469045309737499 ], [ 76.227262982707998, 27.4689195017834 ], [ 76.225972811517096, 27.4690459593246 ], [ 76.225567546458194, 27.469347410358999 ], [ 76.224475651416796, 27.469788043515901 ], [ 76.221838348659603, 27.4699263049169 ], [ 76.219869451762605, 27.469993218208 ], [ 76.219593645614196, 27.470277720988101 ], [ 76.219512179197693, 27.471323285290101 ], [ 76.219616079241803, 27.472315316891098 ], [ 76.219914806803004, 27.4724458472664 ], [ 76.221070612485207, 27.4727493947079 ], [ 76.221986114337298, 27.47317239318 ], [ 76.222976171866506, 27.4736443740345 ], [ 76.222983857852, 27.474340380532698 ], [ 76.222985491887499, 27.474488291877499 ], [ 76.223119361526102, 27.4748684992759 ], [ 76.223826009566295, 27.474878083964501 ], [ 76.224328114809495, 27.474923319124301 ], [ 76.224492800255604, 27.474657836760699 ], [ 76.224447977916199, 27.473978967051401 ], [ 76.224505983930698, 27.473333043880999 ], [ 76.225779184149204, 27.472525223533399 ], [ 76.226593480004794, 27.472204373044001 ], [ 76.227395204836299, 27.472461341232599 ], [ 76.228621550726203, 27.472450525743 ], [ 76.230405464743299, 27.472468622758299 ], [ 76.230605792644894, 27.472053874702301 ], [ 76.230542039209197, 27.4713255289095 ], [ 76.230855780313703, 27.4711557629055 ], [ 76.232238388147294, 27.4709787947187 ], [ 76.233185426255801, 27.470936561929399 ], [ 76.234114695688007, 27.4709463773004 ], [ 76.235046712168298, 27.471202147307601 ], [ 76.236318865849498, 27.471953616217299 ], [ 76.237669269080101, 27.473083504266299 ], [ 76.239067258766298, 27.474280649271101 ], [ 76.240378808962603, 27.475212263579699 ], [ 76.240606828331195, 27.475690907310799 ], [ 76.2405764616813, 27.476255349452199 ], [ 76.240472855386301, 27.4770009762935 ], [ 76.239754557993606, 27.4783816948229 ], [ 76.2393210723599, 27.479495843067902 ], [ 76.239017602592298, 27.480640428530599 ], [ 76.239097060375897, 27.481070745405098 ], [ 76.239735984426702, 27.481694672081201 ], [ 76.240592346590503, 27.4826980336465 ], [ 76.241247835575194, 27.483105166740799 ], [ 76.242635950979704, 27.484252711153498 ], [ 76.242886111125102, 27.4850109796586 ], [ 76.243045932193994, 27.4860047472167 ], [ 76.243102903349296, 27.486965584674401 ], [ 76.243500046739797, 27.487573593244601 ], [ 76.243560374899303, 27.487988286857099 ], [ 76.244257821496006, 27.488859900112999 ], [ 76.244599493917704, 27.4894842010318 ], [ 76.244572878632397, 27.490380339336301 ], [ 76.244277809011095, 27.491425561439101 ], [ 76.244040833439101, 27.491842911668101 ], [ 76.243464830983996, 27.493504459622802 ], [ 76.242776287590104, 27.4951173642587 ], [ 76.242793758923995, 27.495828061978202 ], [ 76.242949107281106, 27.4964224370609 ], [ 76.242775209611693, 27.497500422580998 ], [ 76.242467551898301, 27.498216281111901 ], [ 76.241739971315397, 27.499680589992298 ], [ 76.241606441239995, 27.500297855045801 ], [ 76.241567528018507, 27.5006637813526 ], [ 76.241402870420202, 27.5011572067937 ], [ 76.241249828936802, 27.501558005568 ], [ 76.2412975842756, 27.5020359905822 ], [ 76.241401868798604, 27.5024773694483 ], [ 76.241645661685297, 27.5027775895703 ], [ 76.242218605376905, 27.503316332614901 ], [ 76.2424063802207, 27.503641872406099 ], [ 76.242437684711703, 27.5038943426859 ], [ 76.242354613904098, 27.5040462827277 ], [ 76.241651728008407, 27.504558050074401 ], [ 76.239349955891299, 27.5065351099657 ], [ 76.237708065520593, 27.507779618801798 ], [ 76.237279180159604, 27.5081048386376 ], [ 76.237278605237805, 27.508104409185801 ], [ 76.237176639266494, 27.508181520866501 ], [ 76.236344047423501, 27.508674953233999 ], [ 76.2355298009753, 27.509157503780401 ], [ 76.233110346860997, 27.510756388301601 ], [ 76.232299213973505, 27.511310840516501 ], [ 76.231183756122306, 27.512073299870998 ], [ 76.229055717282804, 27.513089574280801 ], [ 76.228887362218799, 27.513255797958699 ], [ 76.228818077855806, 27.513382469100101 ], [ 76.228849472178396, 27.5134190042135 ], [ 76.228903955898701, 27.5134824038443 ], [ 76.229234866503305, 27.513893712602499 ], [ 76.230437421411196, 27.514994054663099 ], [ 76.231426653388596, 27.5159641054613 ], [ 76.232536405141104, 27.5170530866984 ], [ 76.233696963809507, 27.518191443584001 ], [ 76.235090425088302, 27.5198964034882 ], [ 76.235213180770202, 27.520336713273998 ], [ 76.235260292915299, 27.520506196317001 ], [ 76.2352870869653, 27.520695472255301 ], [ 76.235385257554498, 27.5210472098723 ], [ 76.235467583658703, 27.521667739259598 ], [ 76.235741937231296, 27.522605593473699 ], [ 76.236110343515804, 27.523525815512699 ], [ 76.236160587187996, 27.523765494664399 ], [ 76.236170036566506, 27.523810909694401 ], [ 76.236152411620594, 27.5239024550831 ], [ 76.236134321347393, 27.5239958629436 ], [ 76.235947862535497, 27.5241653180409 ], [ 76.235940936524599, 27.5241691554575 ], [ 76.235085871528199, 27.524642223375199 ], [ 76.233548733702804, 27.525378003532001 ], [ 76.232714038005398, 27.525827028787798 ], [ 76.232499592180801, 27.5259421797596 ], [ 76.232314232008406, 27.525988573742001 ], [ 76.231804134454094, 27.526116252289501 ], [ 76.231651907742702, 27.526197844311501 ], [ 76.231485736483194, 27.526287678952102 ], [ 76.231319899396894, 27.5266253868873 ], [ 76.231202648590994, 27.526887735091101 ], [ 76.231117377809298, 27.5270785191972 ], [ 76.230976988198407, 27.527321573042101 ], [ 76.230950984665895, 27.527366586701401 ], [ 76.230892060573098, 27.527399250390602 ], [ 76.230765104368899, 27.527470135732901 ], [ 76.230634976213494, 27.527542788720101 ], [ 76.230377613376206, 27.527686480608899 ], [ 76.229023683359799, 27.528279193923101 ], [ 76.2286292142539, 27.528429717369001 ], [ 76.226822183889595, 27.5291181538818 ], [ 76.224161894142597, 27.530107458910699 ], [ 76.222663837523697, 27.5304997624729 ], [ 76.221884950561602, 27.530762728349 ], [ 76.220701014136296, 27.531161524965 ], [ 76.219511874668797, 27.531540325007299 ], [ 76.218561283723304, 27.531842395932301 ], [ 76.2163020315636, 27.532424094823899 ], [ 76.215468076976293, 27.5326880462434 ], [ 76.214417615829205, 27.5330200031506 ], [ 76.212000693167298, 27.5334754637706 ], [ 76.211488331858504, 27.5335720139404 ], [ 76.209618317016407, 27.5337111367811 ], [ 76.208338105447098, 27.533739818119901 ], [ 76.207886939172099, 27.5338036887564 ], [ 76.207413385981795, 27.533871380502301 ], [ 76.207357174801302, 27.533909169778301 ], [ 76.207257179733702, 27.533977339400799 ], [ 76.207220323654198, 27.534205490144 ], [ 76.207232954865503, 27.534279713492701 ], [ 76.207283397065297, 27.534573761852599 ], [ 76.207343067658002, 27.534874578616499 ], [ 76.207366793961299, 27.5349941991783 ], [ 76.2073948061268, 27.535142830358801 ], [ 76.207429533199104, 27.5353270723325 ], [ 76.207772988776597, 27.536072372280501 ], [ 76.208478006374506, 27.5374876709025 ], [ 76.209006956871704, 27.538470995870998 ], [ 76.209624301592797, 27.539618612867699 ], [ 76.209745731361394, 27.5398774524243 ], [ 76.210120233613395, 27.540675722011301 ], [ 76.210895191344406, 27.542327552570502 ], [ 76.211883991232099, 27.543964400881102 ], [ 76.212040441821998, 27.544403731747 ], [ 76.212160763069505, 27.5447416110175 ], [ 76.212270239854803, 27.545049033902799 ], [ 76.212489557243302, 27.5455901106513 ], [ 76.212695443919898, 27.546097216400799 ], [ 76.213239478927306, 27.547164387185099 ], [ 76.213377664072496, 27.547431987675601 ], [ 76.213762677511696, 27.548177579056699 ], [ 76.213771923870894, 27.548219853888099 ], [ 76.213907845261602, 27.548842744299201 ], [ 76.213833496197097, 27.549264678525599 ], [ 76.213748301772199, 27.549450969200301 ], [ 76.213583535477696, 27.549810739428601 ], [ 76.213409575824599, 27.5500067562586 ], [ 76.213096720459006, 27.550358826972399 ], [ 76.212927027803502, 27.5504867726894 ], [ 76.2125302608071, 27.550785097605999 ], [ 76.212095015373805, 27.5511036689417 ], [ 76.211826548461303, 27.551299661960201 ], [ 76.211493419916295, 27.551519246042702 ], [ 76.210907148819103, 27.551905696586601 ], [ 76.210176602897505, 27.552417553384501 ], [ 76.209690917060996, 27.553035598394999 ], [ 76.209643646812495, 27.553061004543899 ], [ 76.209161953987405, 27.553320917074199 ], [ 76.208650664368804, 27.553413110066401 ], [ 76.208474309807102, 27.5535023824809 ], [ 76.208456268042895, 27.553642102094202 ], [ 76.208506048184404, 27.553780436545299 ], [ 76.208557727364393, 27.553922823827399 ], [ 76.208859736471396, 27.554538923472201 ], [ 76.208900350203706, 27.554621778219001 ], [ 76.209202417701107, 27.555215797312801 ], [ 76.209267677611507, 27.555776778857499 ], [ 76.209241638146395, 27.5560397033511 ], [ 76.209178831534999, 27.556673030096299 ], [ 76.209178802788898, 27.5566733008739 ], [ 76.208989640946299, 27.557376774049899 ], [ 76.2086984780981, 27.557783251674898 ], [ 76.208486234044202, 27.558170987853099 ], [ 76.208491422713294, 27.558644844354401 ], [ 76.208518905771101, 27.559362230490901 ], [ 76.2086638076197, 27.559992834358699 ], [ 76.208730418596303, 27.560483754933301 ], [ 76.208770541848494, 27.560779486770599 ], [ 76.209274414077896, 27.561759009222399 ], [ 76.209741785960603, 27.563104432551398 ], [ 76.209999503632503, 27.565015842482499 ], [ 76.210191173571403, 27.566329812883399 ], [ 76.210192708792206, 27.566469712070401 ], [ 76.209503009266498, 27.566557785739501 ], [ 76.209149610237105, 27.5666029155141 ], [ 76.209098955136596, 27.5666563852586 ], [ 76.209033175101595, 27.566726092183199 ], [ 76.209024056303093, 27.566810055781399 ], [ 76.209015010268203, 27.566895037025802 ], [ 76.209258251589304, 27.5671956139714 ], [ 76.209494457304999, 27.567487506156301 ], [ 76.209538556500604, 27.567527500838899 ], [ 76.210011974045301, 27.5679568064946 ], [ 76.210612740357803, 27.568828991558298 ], [ 76.210705929788801, 27.569116779972202 ], [ 76.210706007942207, 27.569117037181801 ], [ 76.210676895340498, 27.569248437743902 ], [ 76.210676500980099, 27.569250229449199 ], [ 76.210342399559593, 27.569323094496099 ], [ 76.209337161400498, 27.569331851549101 ], [ 76.209120671010297, 27.569333734032799 ], [ 76.209261866410003, 27.5696478447651 ], [ 76.209262134107902, 27.569648438016401 ], [ 76.209622785236604, 27.570207207725399 ], [ 76.209842748513694, 27.570521229160299 ], [ 76.2098463866906, 27.570852926802502 ], [ 76.209533633732903, 27.571083570609101 ], [ 76.209222101585596, 27.571123561592199 ], [ 76.209080978949402, 27.571141675023899 ], [ 76.208255337371796, 27.571306825076999 ], [ 76.207547635607796, 27.571489002902499 ], [ 76.207332667862005, 27.571630782734601 ], [ 76.207250683117607, 27.5717546099077 ], [ 76.207100059000595, 27.571983175881499 ], [ 76.207026981950605, 27.5721750673499 ], [ 76.206965957596694, 27.5723353067132 ], [ 76.206528413374599, 27.573413747883698 ], [ 76.206320665388802, 27.573754504031701 ], [ 76.206110566511796, 27.5740991115158 ], [ 76.206043413851106, 27.5744405344069 ], [ 76.206043853127198, 27.5744451336959 ], [ 76.206059381405197, 27.5746045479885 ], [ 76.206129571269997, 27.574786124726401 ], [ 76.206161520751394, 27.574868778659201 ], [ 76.206335369013303, 27.575208136815299 ], [ 76.206391680805197, 27.575497482720799 ], [ 76.206455515089303, 27.5758267852815 ], [ 76.206488501226602, 27.576194406224399 ], [ 76.206528346000994, 27.5766385560887 ], [ 76.206478865896798, 27.577266336703499 ], [ 76.206427462499704, 27.577718116692498 ], [ 76.205899441758802, 27.578298154491701 ], [ 76.205587788339002, 27.5786285482605 ], [ 76.2053993685048, 27.5788282973854 ], [ 76.205347657883706, 27.579253003532799 ], [ 76.205354245229699, 27.5798554735516 ], [ 76.205559350371999, 27.580605165074601 ], [ 76.205569467198799, 27.581530311590502 ], [ 76.205434126119698, 27.582007643061999 ], [ 76.205383257220106, 27.582509063603599 ], [ 76.205459463102301, 27.5827068326392 ], [ 76.205556597035695, 27.582958894365799 ], [ 76.205691462007593, 27.5842300983341 ], [ 76.205744935123207, 27.584734862314001 ], [ 76.205767332818198, 27.585513388146399 ], [ 76.205790192247207, 27.586312525784201 ], [ 76.205794015477096, 27.5866622754031 ], [ 76.205745564842204, 27.586740134510102 ], [ 76.205683569409501, 27.586838951562601 ], [ 76.205430447518694, 27.586841150627802 ], [ 76.205351464045606, 27.5868068437732 ], [ 76.205091313735906, 27.5866938434201 ], [ 76.204876610993196, 27.586619532091198 ], [ 76.204526511475805, 27.586499517922899 ], [ 76.204264416313507, 27.586486949294301 ], [ 76.204048252011802, 27.586477511277099 ], [ 76.203977028186202, 27.5865035967953 ], [ 76.203908226218601, 27.5865297030082 ], [ 76.203858528722094, 27.5868359849743 ], [ 76.203855484331598, 27.5868548147673 ], [ 76.203881479779298, 27.587016384609001 ], [ 76.203915838542301, 27.5872299274562 ], [ 76.203979197617599, 27.587880483437999 ], [ 76.203928691637401, 27.5882648179036 ], [ 76.203885915660194, 27.588590317827801 ], [ 76.2036816477477, 27.589362196952301 ], [ 76.203613647975601, 27.589627905583502 ], [ 76.203625731214501, 27.589937671664099 ], [ 76.203633503438397, 27.590133190088 ], [ 76.203750491936106, 27.590472571875399 ], [ 76.203961881692194, 27.5908564362805 ], [ 76.204064918455202, 27.591043541685899 ], [ 76.204068774922703, 27.591050550240499 ], [ 76.204264693892995, 27.5921093248826 ], [ 76.204318539809407, 27.593144085681001 ], [ 76.204318595505001, 27.593144284716001 ], [ 76.2043998642921, 27.593450952643298 ], [ 76.204413043475597, 27.593500681786502 ], [ 76.2044503082885, 27.5936412930999 ], [ 76.204621780506599, 27.5942887021464 ], [ 76.2046280803917, 27.594420769170299 ], [ 76.204652996064397, 27.594942862506901 ], [ 76.204723489559697, 27.595208957267701 ], [ 76.204825565125404, 27.595593922048302 ], [ 76.205188659671705, 27.596328317658699 ], [ 76.205188705485796, 27.596328421950101 ], [ 76.205504706751597, 27.597086067851698 ], [ 76.205488057376101, 27.597754276333301 ], [ 76.205471923633596, 27.598392393666501 ], [ 76.2054319423153, 27.5990674055904 ], [ 76.205120360760702, 27.599271878136001 ], [ 76.205008887020398, 27.599344778169701 ], [ 76.204822950129696, 27.5994060376612 ], [ 76.204678251300294, 27.599453710976 ], [ 76.204339929594695, 27.5996123588993 ], [ 76.204339803830507, 27.599612384374201 ], [ 76.203921255383406, 27.599638386361899 ], [ 76.2031564531067, 27.599685897172701 ], [ 76.202210605266004, 27.5998205919607 ], [ 76.202107540655106, 27.5999041297929 ], [ 76.201553459787903, 27.6003541296087 ], [ 76.201062377771507, 27.600893687032901 ], [ 76.200781267071307, 27.601202547182201 ], [ 76.200462362450494, 27.601427426437599 ], [ 76.200052409084094, 27.601715677019701 ], [ 76.199587182378195, 27.601780694262999 ], [ 76.199248393548601, 27.601828044133601 ], [ 76.199032579589797, 27.6018973848015 ], [ 76.198776583988305, 27.601980370962199 ], [ 76.198519602036697, 27.602341401107399 ], [ 76.198243017048895, 27.6029959655745 ], [ 76.198242711621702, 27.602996306291899 ], [ 76.197563278941402, 27.6036768328498 ], [ 76.197124457314999, 27.604158656394901 ], [ 76.196557006821394, 27.604781991103501 ], [ 76.196362340102695, 27.605000047996199 ], [ 76.195761307888802, 27.6056742000866 ], [ 76.195547472918605, 27.605965788467 ], [ 76.195341202661396, 27.606247064903101 ], [ 76.195173586910798, 27.6064530755412 ], [ 76.194943867929695, 27.6067354007048 ], [ 76.194828429924101, 27.607010478795601 ], [ 76.194786784027599, 27.6075379180357 ], [ 76.194719649333095, 27.608021735378902 ], [ 76.194698986285005, 27.608171698142201 ], [ 76.194795237174404, 27.608861068245499 ], [ 76.194872464441005, 27.6094296473347 ], [ 76.195042588287905, 27.609828764730899 ], [ 76.195306530386304, 27.610142744349901 ], [ 76.195736720999506, 27.610497448742599 ], [ 76.196146306955001, 27.6108720753538 ], [ 76.196239107415394, 27.610956953998699 ], [ 76.196319871349303, 27.6111317546065 ], [ 76.196530178635399, 27.6115869364811 ], [ 76.196587364488096, 27.6119790260658 ], [ 76.196606902845502, 27.6121134653499 ], [ 76.196603267363599, 27.6122159649148 ], [ 76.1965887766397, 27.612619342691801 ], [ 76.196448455300796, 27.612789411626999 ], [ 76.196413307816997, 27.612806650539198 ], [ 76.196142144161996, 27.612938895041999 ], [ 76.195954495082205, 27.612983108642801 ], [ 76.195764378330495, 27.613027905690501 ], [ 76.195268713109499, 27.6132217256636 ], [ 76.195234411838697, 27.613316353408401 ], [ 76.195199903955398, 27.613411632193401 ], [ 76.195204247309803, 27.613811495251898 ], [ 76.195286409022302, 27.613989925788498 ], [ 76.195349786962197, 27.614127102393802 ], [ 76.195564547197193, 27.614272830906899 ], [ 76.195747761294299, 27.614294521537399 ], [ 76.196228616889499, 27.614351441711399 ], [ 76.196663965629, 27.614347687841601 ], [ 76.1970338703035, 27.6143444975298 ], [ 76.197261801637097, 27.614413308109899 ], [ 76.197509268633297, 27.6144887157702 ], [ 76.197555108763893, 27.614567842217699 ], [ 76.197678151008404, 27.614781681619601 ], [ 76.197746245103502, 27.615060925569399 ], [ 76.197801058505604, 27.615287307844699 ], [ 76.197832847188494, 27.6155894260894 ], [ 76.197802760813005, 27.616001507358 ], [ 76.197795922837102, 27.616094768402998 ], [ 76.197763691284706, 27.6170414654786 ], [ 76.197700640331504, 27.617355682315399 ], [ 76.197582031273001, 27.6179461277003 ], [ 76.197462751172907, 27.618537147765402 ], [ 76.197433992507399, 27.618679638039399 ], [ 76.197441843782997, 27.619019760009198 ], [ 76.197461096476104, 27.6198419276026 ], [ 76.197510223542395, 27.620459451048401 ], [ 76.197593914187607, 27.620690951201102 ], [ 76.1977146477617, 27.6210244837253 ], [ 76.198054050140698, 27.621416025350602 ], [ 76.198073931654605, 27.621438914039601 ], [ 76.198114761880902, 27.6214730110696 ], [ 76.198403034848795, 27.6217135914649 ], [ 76.199114376586294, 27.621897037023899 ], [ 76.199738515265906, 27.621916431475402 ], [ 76.200390571787906, 27.621885965621701 ], [ 76.200456934829603, 27.621875226917499 ], [ 76.201127116659094, 27.621766003603401 ], [ 76.201831786609006, 27.6215033393417 ], [ 76.202461945797594, 27.621267757756499 ], [ 76.204437455193499, 27.620341183620699 ], [ 76.205397406584197, 27.619894464008599 ], [ 76.205623422709706, 27.6197892861064 ], [ 76.205775467063106, 27.619735835902901 ], [ 76.206400304631998, 27.619517247198701 ], [ 76.207052008116094, 27.619448453356501 ], [ 76.207819672425302, 27.619605891140601 ], [ 76.208263355734005, 27.619968144673798 ], [ 76.208440893376903, 27.620333419998101 ], [ 76.208495368114001, 27.6204458078134 ], [ 76.208544318212205, 27.621038881436899 ], [ 76.208470086827006, 27.621373512883402 ], [ 76.208229282635301, 27.621939772944401 ], [ 76.208087462906406, 27.622106596728301 ], [ 76.207655246592296, 27.6226149995485 ], [ 76.207406884874104, 27.622983810289298 ], [ 76.207041062144398, 27.623528486245601 ], [ 76.206537385747694, 27.6241640991434 ], [ 76.206468132825805, 27.624316197526898 ], [ 76.206477972073102, 27.624365762234198 ], [ 76.206513486069596, 27.624543088358902 ], [ 76.206561353697793, 27.6246030547305 ], [ 76.206613841361602, 27.624668416549898 ], [ 76.206694497497594, 27.6247173220838 ], [ 76.206942041748903, 27.624866578301699 ], [ 76.207104608967597, 27.6249021809205 ], [ 76.207169757486895, 27.624916074311699 ], [ 76.208631611999905, 27.624991715900201 ], [ 76.209084473395905, 27.624997191751302 ], [ 76.211362525497904, 27.625024707898898 ], [ 76.211543137175696, 27.625030524397101 ], [ 76.212447344509698, 27.625059652250201 ], [ 76.214754192108202, 27.6251346243813 ], [ 76.215677803950697, 27.6251760449952 ], [ 76.216639266307794, 27.625219157691699 ], [ 76.217911363395103, 27.625276190777502 ], [ 76.219659172324299, 27.6252986337478 ], [ 76.219684876717807, 27.6252989560899 ], [ 76.219746040310596, 27.625296996568402 ], [ 76.221315558808698, 27.625246257524299 ], [ 76.221925045966003, 27.625129442226999 ], [ 76.222278041651805, 27.625061513879299 ], [ 76.222520726017393, 27.6249164889803 ], [ 76.222771482644106, 27.624766304003199 ], [ 76.223261060880702, 27.624193315573599 ], [ 76.223808050447104, 27.6235667707506 ], [ 76.223898371557397, 27.623463307603199 ], [ 76.224655708834007, 27.622648745209101 ], [ 76.225725609524005, 27.621919426563601 ], [ 76.226838782959405, 27.621266442074798 ], [ 76.228167253822406, 27.6208372074429 ], [ 76.2297121845329, 27.620735511089901 ], [ 76.230790781812999, 27.620789132728198 ], [ 76.231370241883695, 27.6209466036061 ], [ 76.232270348408505, 27.621192042756899 ], [ 76.233480833643696, 27.621623141665101 ], [ 76.234362142921199, 27.621792048089201 ], [ 76.234865672892496, 27.621892208905699 ], [ 76.235071502076906, 27.621933151595901 ], [ 76.236686271410804, 27.6221579286028 ], [ 76.236755766877806, 27.622167601530101 ], [ 76.236861513858102, 27.622182320646701 ], [ 76.238266783491397, 27.622449350531699 ], [ 76.238638125470203, 27.6225200869372 ], [ 76.238642294551497, 27.622521032498 ], [ 76.239756884630097, 27.622825600539699 ], [ 76.240808132701503, 27.623112851650699 ], [ 76.241333937298506, 27.623451535949901 ], [ 76.241609057134099, 27.6236478048226 ], [ 76.241837345098901, 27.623811615845302 ], [ 76.242062281449407, 27.6240656094397 ], [ 76.242297062437103, 27.624331680431499 ], [ 76.2425700667402, 27.624769687417601 ], [ 76.242597471644601, 27.624813659856802 ], [ 76.242597544408099, 27.624813770488299 ], [ 76.243055969070596, 27.6252136516073 ], [ 76.243423396191503, 27.625594142244399 ], [ 76.243995746096701, 27.6260333937444 ], [ 76.244271945707197, 27.6263743054839 ], [ 76.244572442051194, 27.6268563897296 ], [ 76.244724118095405, 27.6270348435811 ], [ 76.245032199813593, 27.627398108785599 ], [ 76.245136008229593, 27.627638924478699 ], [ 76.245265729448107, 27.6279398609759 ], [ 76.245471597260106, 27.6281430571503 ], [ 76.245632776581701, 27.628302139463901 ], [ 76.245830902712498, 27.628510313214299 ], [ 76.246069325470401, 27.6287608266612 ], [ 76.246238655206497, 27.628930726474 ], [ 76.246390317775905, 27.629082897822901 ], [ 76.246518227092594, 27.6293998712435 ], [ 76.246600812809902, 27.629605473025698 ], [ 76.246638478271507, 27.629824331286901 ], [ 76.246673399379802, 27.630028138376399 ], [ 76.246680275084998, 27.630635110059799 ], [ 76.246732158182596, 27.631051578016798 ], [ 76.246755527854702, 27.631239214065801 ], [ 76.246919546750803, 27.631682293284602 ], [ 76.247218811504595, 27.632042923103501 ], [ 76.247420959392997, 27.632496944449802 ], [ 76.2479740970292, 27.633347228420099 ], [ 76.248335677914199, 27.633951010260802 ], [ 76.248455637140594, 27.6345298837795 ], [ 76.248455557190496, 27.6345304010751 ], [ 76.248419276931102, 27.634774154429198 ], [ 76.248389668459396, 27.6349729297803 ], [ 76.248112712467403, 27.635568772985 ], [ 76.247592324711505, 27.635964813935601 ], [ 76.247100445889501, 27.636373225362199 ], [ 76.246817903274703, 27.636591361010598 ], [ 76.246538027758106, 27.636808279411301 ], [ 76.246119672448799, 27.637455180274401 ], [ 76.245966750441397, 27.638047790101101 ], [ 76.245831286293097, 27.638753163642502 ], [ 76.245711919056504, 27.639374721772501 ], [ 76.245672091350102, 27.6408915360057 ], [ 76.245624588437906, 27.6410275830989 ], [ 76.245397818625804, 27.641677050895499 ], [ 76.2452852965517, 27.6430410647542 ], [ 76.245221438013104, 27.644002960379801 ], [ 76.245316191410893, 27.6444263555445 ], [ 76.245727467995707, 27.644990585714499 ], [ 76.245791746047601, 27.6450787634002 ], [ 76.246256122048905, 27.6456271967864 ], [ 76.246482013308494, 27.645893972920199 ], [ 76.247029524796105, 27.646633737583699 ], [ 76.247064077595198, 27.646684847080898 ], [ 76.247707534545, 27.647637284283199 ], [ 76.2477128588597, 27.647648844054501 ], [ 76.248110973329005, 27.648513486336199 ], [ 76.248275056005497, 27.648870075640801 ], [ 76.248557653417507, 27.649784478697001 ], [ 76.248921206104598, 27.6505639236128 ], [ 76.249532531214996, 27.651921857215999 ], [ 76.249852819241298, 27.652638564474501 ], [ 76.249851223833403, 27.652943156117502 ], [ 76.249848757957906, 27.6534159226103 ], [ 76.249893240734195, 27.655122467009701 ], [ 76.249899094156603, 27.655347016708099 ], [ 76.249890117291898, 27.6554967785796 ], [ 76.249851393615003, 27.6561427875648 ], [ 76.249807568405501, 27.6562986917986 ], [ 76.249745256765806, 27.656520390549598 ], [ 76.249687822978103, 27.656723988774001 ], [ 76.249189986529203, 27.657852277939199 ], [ 76.2486368381132, 27.659132253765701 ], [ 76.248537594037202, 27.659406927280902 ], [ 76.248310962565796, 27.660032632746098 ], [ 76.247710784649698, 27.660909123754202 ], [ 76.247449356935704, 27.661214500732299 ], [ 76.247220803069595, 27.661480608691001 ], [ 76.246658605025402, 27.6619663262898 ], [ 76.246109228635305, 27.6622984798754 ], [ 76.245726144777393, 27.662447784281301 ], [ 76.245374359122195, 27.6625839461826 ], [ 76.244863279709307, 27.662732602552399 ], [ 76.244568219969395, 27.662818427565298 ], [ 76.242861060705096, 27.663054677134301 ], [ 76.241726300753399, 27.6630900994484 ], [ 76.240038628642594, 27.663168332270899 ], [ 76.238296340759106, 27.663436399880901 ], [ 76.237873114784406, 27.663654799011699 ], [ 76.237703788641497, 27.663920344887298 ], [ 76.237622081476601, 27.6640489505 ], [ 76.237603866337594, 27.664142173780899 ], [ 76.237561772181607, 27.664358238737101 ], [ 76.237574295594996, 27.664537734943199 ], [ 76.237576629418101, 27.664570635454801 ], [ 76.237542421572101, 27.665302085293199 ], [ 76.237598119814706, 27.6663608644009 ], [ 76.237632723817796, 27.667018574560899 ], [ 76.237665558139696, 27.667344980491698 ], [ 76.237696373048905, 27.667649218490698 ], [ 76.237833772168202, 27.668394017663601 ], [ 76.237847386136394, 27.668467667260199 ], [ 76.238081176282293, 27.669083893141799 ], [ 76.238171480324496, 27.669237288732202 ], [ 76.2383708227743, 27.6695747355195 ], [ 76.238985942368501, 27.670023619941599 ], [ 76.239727125241401, 27.670294520500999 ], [ 76.2399228726334, 27.6703631614457 ], [ 76.240467859855002, 27.670553314887801 ], [ 76.241461092030406, 27.670544418744001 ], [ 76.242282913073097, 27.670436055507199 ], [ 76.243110698031003, 27.670219954036799 ], [ 76.243140975747707, 27.670212037224399 ], [ 76.243147816418499, 27.670209656850101 ], [ 76.244667416434595, 27.669680767755299 ], [ 76.245198821129193, 27.6694751004799 ], [ 76.246136759303795, 27.669112082406102 ], [ 76.246851850609403, 27.668941620464501 ], [ 76.247127395348002, 27.668875935036901 ], [ 76.248830052256096, 27.66886059846 ], [ 76.249866123290701, 27.668876503087599 ], [ 76.250018138898, 27.668941961772099 ], [ 76.250836419680198, 27.669294291709701 ], [ 76.251225888763202, 27.669886522953199 ], [ 76.251283592045496, 27.670779619750501 ], [ 76.251290867500998, 27.671418178590098 ], [ 76.251106791021101, 27.672058465645399 ], [ 76.2508751990527, 27.672699178551898 ], [ 76.250076476390902, 27.673897880297499 ], [ 76.249952095656695, 27.673917236094901 ], [ 76.249507597575999, 27.674216481218199 ], [ 76.2494593364856, 27.674248969107499 ], [ 76.249186130959998, 27.6744375931065 ], [ 76.248952324644307, 27.674546934080901 ], [ 76.2486356128111, 27.674695042752301 ], [ 76.247748843573305, 27.6753342541239 ], [ 76.247340894348298, 27.675570807580499 ], [ 76.246620696120402, 27.6759893112512 ], [ 76.245875207622305, 27.676522310561499 ], [ 76.245156703616999, 27.677036006125999 ], [ 76.245014511087405, 27.6771302747904 ], [ 76.244028477112394, 27.677778405653601 ], [ 76.243832868060906, 27.677906982228301 ], [ 76.243469920838393, 27.6781605670087 ], [ 76.2429176626528, 27.678546417439101 ], [ 76.242455389607699, 27.679080788468902 ], [ 76.242396969469794, 27.6792500079092 ], [ 76.242262915676605, 27.679639044490301 ], [ 76.242180057769701, 27.6799895667437 ], [ 76.242200559121102, 27.6805693317379 ], [ 76.2422775303679, 27.681098947711501 ], [ 76.242284748331201, 27.681185495727199 ], [ 76.242343084027496, 27.681880776961499 ], [ 76.242446105519207, 27.682832996600599 ], [ 76.242436630987896, 27.683109689942899 ], [ 76.2424141946654, 27.683767300868201 ], [ 76.242484905552999, 27.684151112568401 ], [ 76.242504750235895, 27.6842586325178 ], [ 76.2425540327107, 27.684394306658898 ], [ 76.242724544629695, 27.6848630337178 ], [ 76.242983181278106, 27.685211503596499 ], [ 76.243171080089496, 27.685464254471398 ], [ 76.2432976446282, 27.685595108967501 ], [ 76.243645203709903, 27.6859530950444 ], [ 76.243966577799398, 27.686133265326699 ], [ 76.244671932265604, 27.686382575286501 ], [ 76.245435060082599, 27.686345750169501 ], [ 76.245757062094498, 27.6863302100205 ], [ 76.247176490973203, 27.686189614367201 ], [ 76.247674169318699, 27.686166148198701 ], [ 76.248293697844304, 27.6861380452677 ], [ 76.249012409360404, 27.686214965778099 ], [ 76.249013246590295, 27.6862150556655 ], [ 76.249607076112198, 27.686494032161999 ], [ 76.249997651919699, 27.686788377803602 ], [ 76.249998894289703, 27.686787975301399 ], [ 76.251035069528896, 27.686451802718299 ], [ 76.252461769371493, 27.687136045286302 ], [ 76.253108646207707, 27.687446279189501 ], [ 76.253555855403803, 27.687625396214901 ], [ 76.253681642899807, 27.687675777797001 ], [ 76.254255795723793, 27.688060976546499 ], [ 76.254795607751007, 27.6884128463014 ], [ 76.255140139510303, 27.688637829520001 ], [ 76.255497325836899, 27.68918086603 ], [ 76.255810615088905, 27.689724231536498 ], [ 76.2560386119996, 27.690502267663799 ], [ 76.256068737900904, 27.690886667375899 ], [ 76.256090383705995, 27.691165486373201 ], [ 76.255880414186393, 27.6919867990499 ], [ 76.255817484505897, 27.692357793123399 ], [ 76.255674614646495, 27.693197699932 ], [ 76.254901515529795, 27.694648939722999 ], [ 76.254617806901805, 27.695403327034899 ], [ 76.254518469401106, 27.695667453111099 ], [ 76.254466708474396, 27.6959795772799 ], [ 76.254413201222803, 27.696302220379099 ], [ 76.254395415478498, 27.696409464293499 ], [ 76.254347332254596, 27.696683166778602 ], [ 76.2542718351432, 27.6971129372813 ], [ 76.254250264796596, 27.6973507583293 ], [ 76.254194164108796, 27.6979725630875 ], [ 76.254205310404799, 27.698947316806802 ], [ 76.254302135317701, 27.699765589111401 ], [ 76.254302132622698, 27.699765704439201 ], [ 76.254305538135995, 27.700063427992099 ], [ 76.254307937536097, 27.700273272962299 ], [ 76.254303030938004, 27.7004586483034 ], [ 76.2542750160776, 27.701510553607999 ], [ 76.253967954845507, 27.7021935700113 ], [ 76.253675970937095, 27.702842850103799 ], [ 76.253661253837805, 27.702863447071199 ], [ 76.253114741276804, 27.7036283667105 ], [ 76.252814900703001, 27.704175059548501 ], [ 76.252727845867099, 27.704333907155799 ], [ 76.252517534089407, 27.705116361365199 ], [ 76.252424247640405, 27.705608326239201 ], [ 76.252310331380997, 27.706210909642 ], [ 76.252221943445207, 27.706896173602502 ], [ 76.2521894001774, 27.707148468660399 ], [ 76.252151905395706, 27.7073618613991 ], [ 76.252065756061697, 27.707850941914099 ], [ 76.251940618945994, 27.708438791908002 ], [ 76.251903148418805, 27.7085282521126 ], [ 76.251727262777806, 27.708947547231201 ], [ 76.251296078627902, 27.7096147766512 ], [ 76.250820122444296, 27.7102043699558 ], [ 76.250561317810906, 27.7105969012587 ], [ 76.250527224949295, 27.710652796286901 ], [ 76.250345888331097, 27.710949010907498 ], [ 76.250311710129495, 27.7109723794952 ], [ 76.249998081314303, 27.711186825658999 ], [ 76.249990963063993, 27.7112128003313 ], [ 76.249881830333393, 27.7116121316086 ], [ 76.249928458286504, 27.712131135146102 ], [ 76.249946520712001, 27.712331003273999 ], [ 76.2499466401879, 27.7123325238354 ], [ 76.249972210732494, 27.712480960593801 ], [ 76.249998082212699, 27.712631138792698 ], [ 76.250571399603402, 27.713602999611101 ], [ 76.250959970371099, 27.714768410638499 ], [ 76.251366447257396, 27.715780208839799 ], [ 76.251578812583801, 27.716732885047598 ], [ 76.251643123873293, 27.717021679485399 ], [ 76.251675225170004, 27.7171828272987 ], [ 76.251922166651696, 27.7184244322751 ], [ 76.252105327748296, 27.719086215288002 ], [ 76.252207690774895, 27.7197307372432 ], [ 76.252247415175106, 27.719981630865501 ], [ 76.252250217020503, 27.720226667151 ], [ 76.2522558889832, 27.720723009108401 ], [ 76.252233325099795, 27.720801424095399 ], [ 76.252086981455193, 27.721309134900999 ], [ 76.251829957282794, 27.721755053622399 ], [ 76.251656812401606, 27.722055450273299 ], [ 76.251530760800904, 27.722564324975998 ], [ 76.2512770451237, 27.723385765510098 ], [ 76.251180497790202, 27.724032263536699 ], [ 76.251154652361194, 27.724205669916898 ], [ 76.251122532199901, 27.7250148880923 ], [ 76.251120589143895, 27.725063883907101 ], [ 76.250957473054598, 27.7261575036285 ], [ 76.250860966145297, 27.726669018226701 ], [ 76.250750573078406, 27.727252833908501 ], [ 76.250495291637606, 27.727957492375801 ], [ 76.250327774701702, 27.728661352724501 ], [ 76.249998711033399, 27.7289756375434 ], [ 76.249954657651799, 27.729125152134401 ], [ 76.249695361639994, 27.7300051318309 ], [ 76.249464922210095, 27.730979806043401 ], [ 76.249418433495805, 27.731136696743601 ], [ 76.249314606215293, 27.731486214726601 ], [ 76.249037315151696, 27.732694342702501 ], [ 76.248984347787598, 27.732942907791401 ], [ 76.248942974978803, 27.7331370478854 ], [ 76.248881960506395, 27.733255007995901 ], [ 76.248706639007395, 27.733593024169899 ], [ 76.248397623939496, 27.7338226014311 ], [ 76.248171617695505, 27.733990503559401 ], [ 76.247520639151801, 27.734493224044499 ], [ 76.247411736389907, 27.734577411169699 ], [ 76.247233957100306, 27.7347597878931 ], [ 76.2467661333649, 27.735239694840999 ], [ 76.246158529974693, 27.736122562263301 ], [ 76.245818696404399, 27.736512257974201 ], [ 76.245626121862003, 27.736732648126502 ], [ 76.244043751167197, 27.738703358521501 ], [ 76.243495159006301, 27.739360806113002 ], [ 76.243294350506005, 27.739601451371598 ], [ 76.243096548666998, 27.739883048662701 ], [ 76.243022284942398, 27.7399875202474 ], [ 76.242821498001703, 27.740272532951899 ], [ 76.242721511917296, 27.740414466178098 ], [ 76.242431541133499, 27.7411233853569 ], [ 76.242269464394994, 27.7420751595177 ], [ 76.242118421663093, 27.742963419230001 ], [ 76.241979911327803, 27.7438016046626 ], [ 76.241786225569399, 27.744973670867701 ], [ 76.241714548094507, 27.7453942902718 ], [ 76.241526797505202, 27.746497702598099 ], [ 76.241513329064105, 27.7469692777087 ], [ 76.241503832973294, 27.747306971489401 ], [ 76.241363256512798, 27.748998318506199 ], [ 76.241489327876394, 27.750295972377199 ], [ 76.240540457204702, 27.754739415915299 ], [ 76.240519866021799, 27.754835844923299 ], [ 76.241208501942097, 27.758018232503598 ], [ 76.241887860960603, 27.759255259260399 ], [ 76.242318692970898, 27.760038931366498 ], [ 76.243220125408996, 27.761159240694901 ], [ 76.243863089183705, 27.7619583052571 ], [ 76.245500882338405, 27.7625235353098 ], [ 76.248090984017296, 27.762755699422701 ], [ 76.248297082696297, 27.7627741730083 ], [ 76.248440350509398, 27.762787011512501 ], [ 76.249999018257199, 27.7633232710863 ], [ 76.250833494765601, 27.7629870744966 ], [ 76.251825781015, 27.762635644887201 ], [ 76.252524463693504, 27.7623887508839 ], [ 76.252929690124901, 27.762327560480099 ], [ 76.253383142612407, 27.762259694401301 ], [ 76.254319656058996, 27.7621390614196 ], [ 76.254349288785306, 27.762135264932699 ], [ 76.256917714116398, 27.762021677101998 ], [ 76.258061666528405, 27.762121841298399 ], [ 76.258923273056794, 27.7622651911927 ], [ 76.259273475880406, 27.762554922187601 ], [ 76.259403489051493, 27.762662488848001 ], [ 76.259619572504903, 27.762797772134899 ], [ 76.259808317529206, 27.762915941775201 ], [ 76.259870975020306, 27.763107911623099 ], [ 76.259949179654001, 27.763348030648501 ], [ 76.260528118701799, 27.765982959427699 ], [ 76.2605470731542, 27.766637196365799 ], [ 76.260547786416595, 27.766640101639101 ], [ 76.260739279387394, 27.767745942392501 ], [ 76.260965529973205, 27.769052488245599 ], [ 76.2609854905388, 27.769166641036101 ], [ 76.261086713603305, 27.769745604493298 ], [ 76.261719325192701, 27.7720987379444 ], [ 76.261744633429203, 27.772170595912701 ], [ 76.261871569870394, 27.7725304207599 ], [ 76.262734680178497, 27.774736002225101 ], [ 76.262786244374198, 27.774809297069801 ], [ 76.262988162293794, 27.775095144584601 ], [ 76.263076851165195, 27.775146321892802 ], [ 76.263118902201995, 27.7751701520117 ], [ 76.263617615406702, 27.775225958279702 ], [ 76.264478403569797, 27.775268392579498 ], [ 76.264762046620802, 27.775280917248001 ], [ 76.265044679965399, 27.775293394226299 ], [ 76.265566380159896, 27.775379170432799 ], [ 76.265824409547093, 27.7755157914746 ], [ 76.266033350495704, 27.775626422830801 ], [ 76.266371800660494, 27.775775200971601 ], [ 76.266795657252501, 27.775961519301799 ], [ 76.267213754745299, 27.7763423772683 ], [ 76.267516334282504, 27.776617999582001 ], [ 76.267785286285303, 27.776863258980701 ], [ 76.267848403713799, 27.776933609243301 ], [ 76.268106393575195, 27.777222235357399 ], [ 76.268648411864802, 27.778082523300899 ], [ 76.268822383195996, 27.778581471628499 ], [ 76.2692866001955, 27.7799128235661 ], [ 76.269387645393493, 27.780119132218601 ], [ 76.269414150185995, 27.7801732454557 ], [ 76.270172326489202, 27.782098021467501 ], [ 76.270096493407806, 27.782878458915199 ], [ 76.269860074791396, 27.784785154312701 ], [ 76.269718514675603, 27.7859259673432 ], [ 76.2696121837904, 27.787474951429399 ], [ 76.269375681630606, 27.787982912505999 ], [ 76.268922113260501, 27.788957089997702 ], [ 76.268834081057605, 27.789188070006901 ], [ 76.268483828826604, 27.7902180241494 ], [ 76.268203103503694, 27.790944769107998 ], [ 76.267807669607194, 27.791969607868399 ], [ 76.266124313901301, 27.7966815564161 ], [ 76.265561264254302, 27.798257916950501 ], [ 76.265650084279699, 27.798289855331699 ], [ 76.265763049223295, 27.798329984902502 ], [ 76.2670328340471, 27.7986630327512 ], [ 76.267853923861196, 27.7988783845977 ], [ 76.269840198667396, 27.799398833350899 ], [ 76.272046016339104, 27.799726047689902 ], [ 76.272602583743094, 27.7998518009286 ], [ 76.273386028756804, 27.800065728027899 ], [ 76.276945559951002, 27.7999471156091 ], [ 76.277515837442806, 27.7999210047603 ], [ 76.2791069146095, 27.799847027563899 ], [ 76.282048110240794, 27.799554043329401 ], [ 76.282392177570998, 27.799519765911 ], [ 76.285282332724506, 27.7997746125681 ], [ 76.286211385662696, 27.7998554284314 ], [ 76.288624287465296, 27.800065286212501 ], [ 76.288624556959903, 27.800065308462202 ], [ 76.287656520731602, 27.800944369881801 ], [ 76.286894643369493, 27.8016066121045 ], [ 76.286614495663301, 27.801849891365901 ], [ 76.284450051698599, 27.804098568586301 ], [ 76.280041944937594, 27.807172915799899 ], [ 76.278974437359594, 27.808022903469801 ], [ 76.276379082332895, 27.810089327485102 ], [ 76.276192626215902, 27.810310128800801 ], [ 76.276122199195896, 27.810393534233398 ], [ 76.274925709712804, 27.811470937305899 ], [ 76.273090993271495, 27.813122675522202 ], [ 76.2688389184854, 27.8160344169981 ], [ 76.268763080014196, 27.816091402800801 ], [ 76.268255159077796, 27.816472495977699 ], [ 76.2637503765242, 27.8191045397406 ], [ 76.263553160386707, 27.819131780514098 ], [ 76.262970250785401, 27.819212288809901 ], [ 76.261351515389507, 27.8192673312072 ], [ 76.2595023657165, 27.8201006949587 ], [ 76.258833750548803, 27.820402190694601 ], [ 76.256841050991696, 27.8214063669549 ], [ 76.256840913549496, 27.821406437663299 ], [ 76.257056963765194, 27.8217288776627 ], [ 76.258217740724206, 27.823461231942101 ], [ 76.258477183161403, 27.823878049866401 ], [ 76.258610052076804, 27.8240915093821 ], [ 76.259393177290306, 27.8252495552535 ], [ 76.2602633995606, 27.826536369709 ], [ 76.260372778429598, 27.826696573672098 ], [ 76.260632038508803, 27.827076306892799 ], [ 76.260890133473097, 27.827532989006102 ], [ 76.262083044068106, 27.829643722899199 ], [ 76.263759121623494, 27.832285361413099 ], [ 76.263917227808406, 27.832534413933001 ], [ 76.263810596885904, 27.832641454578098 ], [ 76.261763915766807, 27.834705853114102 ], [ 76.261090079590701, 27.8353854983521 ], [ 76.260715584525101, 27.835763505984399 ], [ 76.260276164620706, 27.836234628891599 ], [ 76.259868339363194, 27.836670964546201 ], [ 76.259227405781004, 27.837356686239598 ], [ 76.258376475729904, 27.838236383147098 ], [ 76.257789359317997, 27.838843333743501 ], [ 76.256994752736802, 27.8396651936648 ], [ 76.256526704422697, 27.840353199218001 ], [ 76.2562247914355, 27.840698944320401 ], [ 76.255810593529304, 27.841104381580799 ], [ 76.255553507373094, 27.841332534892 ], [ 76.255350799834304, 27.841511838892899 ], [ 76.2547484219441, 27.841824178875601 ], [ 76.254415607809506, 27.8419954593783 ], [ 76.253892696685895, 27.842263643925399 ], [ 76.253119478991593, 27.842624873782601 ], [ 76.252439521695194, 27.842942525344998 ], [ 76.251289708674307, 27.843456170903298 ], [ 76.249997267440705, 27.843819906815 ], [ 76.249389835628705, 27.844091683487001 ], [ 76.248131605834502, 27.8446175694218 ], [ 76.243566552613501, 27.8462970547399 ], [ 76.242639639462297, 27.8465945753486 ], [ 76.241454708602006, 27.846975594788201 ], [ 76.240475522484402, 27.847290444869198 ], [ 76.239524040410203, 27.847596378195298 ], [ 76.239165335032396, 27.847232234770299 ], [ 76.238884290807505, 27.846946189416901 ], [ 76.234106650376305, 27.8391744970838 ], [ 76.2334973509669, 27.8382363982398 ], [ 76.231961709734705, 27.835871981254201 ], [ 76.2292470521501, 27.833416209784598 ], [ 76.228350140034493, 27.833284285668199 ], [ 76.227806847491252, 27.833374313023828 ], [ 76.221621304008806, 27.8279371312886 ], [ 76.215524793010104, 27.8238360127053 ], [ 76.208330128407397, 27.824262436536898 ], [ 76.201905800601907, 27.826582517041899 ], [ 76.198173264663694, 27.822126043060798 ], [ 76.193981869278502, 27.814417327905598 ], [ 76.188149809722901, 27.807769544534398 ], [ 76.180646492073507, 27.8028431892856 ], [ 76.175048506531496, 27.804521617385699 ], [ 76.170554476811802, 27.810238724304899 ], [ 76.160907844471495, 27.816703307861101 ], [ 76.1503876921455, 27.823254514584999 ], [ 76.135464363910998, 27.828649402182101 ], [ 76.135929797229394, 27.833280595730798 ], [ 76.136197119688305, 27.8423620835793 ], [ 76.1298689017367, 27.849857349218802 ], [ 76.120313697230998, 27.854043356460298 ], [ 76.1110753716451, 27.857854548073501 ], [ 76.103494232942595, 27.860283912151601 ], [ 76.095792419056394, 27.863949189427 ], [ 76.093359517162298, 27.860715231060698 ], [ 76.092452566373296, 27.8518856613052 ], [ 76.087770770793, 27.846573213667298 ], [ 76.067698063991301, 27.852707007013802 ], [ 76.062440095276003, 27.8473538201794 ], [ 76.057271191826104, 27.8434008127205 ], [ 76.051319650049606, 27.844390687557802 ], [ 76.046026811429797, 27.848052168544999 ], [ 76.041458584460997, 27.849737042211899 ], [ 76.037242724357299, 27.8494497516945 ], [ 76.028402802498306, 27.853096590755701 ], [ 76.016938404027698, 27.858197160626101 ], [ 76.012852159141303, 27.853033600039002 ], [ 76.004209637574405, 27.855776638742299 ], [ 76.002074477789705, 27.856523033154801 ], [ 75.991865279095904, 27.858498365461099 ], [ 75.983020917762701, 27.860258338392601 ], [ 75.970645905173399, 27.8603761447315 ], [ 75.971829164268996, 27.8671583257191 ], [ 75.981059328660507, 27.873088207161398 ], [ 75.980418993356395, 27.881023310829001 ], [ 75.982810022080102, 27.888733387129601 ], [ 75.974896603740504, 27.894958250975101 ], [ 75.985063570836104, 27.9049027715824 ], [ 75.975188331628999, 27.911025524444799 ], [ 75.963542520183395, 27.915223737958399 ], [ 75.949399748879102, 27.914767276087201 ], [ 75.936441652415297, 27.912498346845101 ], [ 75.936396334205895, 27.922183555941999 ], [ 75.931242705709096, 27.9288057523767 ], [ 75.936224722748904, 27.9374607823001 ], [ 75.946194113482605, 27.946793094574598 ], [ 75.949373552208797, 27.9420436014369 ], [ 75.952273856528393, 27.935785346412001 ], [ 75.9616299512479, 27.935121810267301 ], [ 75.970846711877101, 27.9326235484303 ], [ 75.980948295094805, 27.953657733075701 ], [ 75.976051753652499, 27.957974934477502 ], [ 75.981584321180506, 27.9656012929666 ], [ 75.989597543246603, 27.973964661651198 ], [ 75.994245696021196, 27.9767598105182 ], [ 75.994697336606706, 27.9802873830503 ], [ 75.989863615250599, 27.982640663396399 ], [ 75.980939584131505, 27.979637268003898 ], [ 75.973422362357994, 27.982246608629598 ], [ 75.963217357898301, 27.984339793302802 ], [ 75.963053545614699, 27.9898749471778 ], [ 75.964183286678903, 27.996709063611402 ], [ 75.968303419611004, 27.997793909037199 ], [ 75.972304153865394, 27.998350304632499 ], [ 75.974654682942898, 27.997915790832401 ], [ 75.980071431579603, 27.997018682324001 ], [ 75.987696923701094, 27.997124063545598 ], [ 75.996919234122004, 27.9999820185364 ], [ 75.998367658821493, 28.005826139445499 ], [ 75.993653271464396, 28.010417008596001 ], [ 75.986981683275204, 28.011129193485399 ], [ 75.980503983863699, 28.013833350230499 ], [ 75.978670532250305, 28.019433570621501 ], [ 75.977826024254995, 28.0266426126495 ], [ 75.982208861407102, 28.032616391576699 ], [ 75.988379088158098, 28.034384812548701 ], [ 75.998927119699005, 28.0355742724166 ], [ 76.017971989423899, 28.032351212511902 ], [ 76.018802968790894, 28.042683293505199 ], [ 76.017867668069897, 28.0455608995026 ], [ 76.013285588181105, 28.050184680488499 ], [ 76.024593963659896, 28.0517501986435 ], [ 76.030243388531701, 28.057944581305001 ], [ 76.041108000751706, 28.064270216936599 ], [ 76.043609232997895, 28.069601505850301 ], [ 76.042195061060198, 28.075576023136701 ], [ 76.039209404212201, 28.079525198473199 ], [ 76.023638250520705, 28.084498772184499 ], [ 76.022818555790295, 28.076731336314499 ], [ 76.020392933843198, 28.071999844766601 ], [ 76.009849339081597, 28.0563952588526 ], [ 76.005541285778605, 28.053136029400498 ], [ 75.998971446168397, 28.052115926758798 ], [ 75.992429796590102, 28.046419497352201 ], [ 75.985284952553101, 28.0478856001385 ], [ 75.982482321155999, 28.052741344623598 ], [ 75.995546397263794, 28.066265623911601 ], [ 75.989995685563699, 28.075914896749801 ], [ 75.984997695579693, 28.0798788102705 ], [ 75.966882096185302, 28.079779526533098 ], [ 75.943990827263406, 28.089281845821901 ], [ 75.950429652080999, 28.1013802625551 ], [ 75.955341929312098, 28.105435565743001 ], [ 75.965463578198296, 28.111278253940799 ], [ 75.975600344832401, 28.115108614563599 ], [ 75.985079550966702, 28.1229193144014 ], [ 75.999139008019995, 28.123873752957799 ], [ 76.002314644177503, 28.1268051676632 ], [ 76.003750099899307, 28.1310122320624 ], [ 76.002735775281096, 28.146298921617401 ], [ 76.007845914538294, 28.152132860955501 ], [ 76.014122722804501, 28.1522408440464 ], [ 76.019293980738695, 28.153354331987 ], [ 76.024304244404306, 28.156749242666098 ], [ 76.035877189903999, 28.168383312174999 ], [ 76.068884759142904, 28.165603992438999 ], [ 76.074526047074897, 28.163389063972001 ], [ 76.073557273329797, 28.1512625806701 ], [ 76.071819912705607, 28.145501625597198 ], [ 76.073186635630094, 28.140076933242501 ], [ 76.083050037736697, 28.137541386480201 ], [ 76.091338563792803, 28.1378315144282 ], [ 76.096097277619407, 28.139120112856201 ], [ 76.099961949447604, 28.142001520791201 ], [ 76.101053547146506, 28.1471961270008 ], [ 76.101080227110501, 28.1507985117217 ], [ 76.088620717188903, 28.1637027420179 ], [ 76.083003398105404, 28.168041259716698 ], [ 76.079767652977296, 28.174838549596799 ], [ 76.077519392603307, 28.189876345111202 ], [ 76.073832610557602, 28.194580333346 ], [ 76.064878619725505, 28.1968644488603 ], [ 76.053276314587393, 28.198571298915599 ], [ 76.052033725360502, 28.201143013324501 ], [ 76.057966296514905, 28.2054805085345 ], [ 76.060505576006605, 28.2100860132186 ], [ 76.061252698540201, 28.219879143530001 ], [ 76.044591715034201, 28.222783490488698 ], [ 76.034015189830896, 28.2316100844833 ], [ 76.019419854473, 28.237464633140402 ], [ 76.015645942132807, 28.2488789105509 ], [ 76.027011813383098, 28.276689455982801 ], [ 75.999543614613899, 28.2909406833096 ], [ 75.994859901130397, 28.291654960649801 ], [ 75.987620216558895, 28.302110269868098 ], [ 75.983029027753105, 28.311645730251001 ], [ 75.975945829704102, 28.319892545891101 ], [ 75.962968605412996, 28.314357977426301 ], [ 75.962807955199196, 28.324529237157599 ], [ 75.959741842539401, 28.3293178086398 ], [ 75.964925137000094, 28.3313974162173 ], [ 75.964644597628507, 28.334188248516298 ], [ 75.935713522063395, 28.340960176064002 ], [ 75.936739633476506, 28.3518743593736 ], [ 75.933315791009306, 28.360561425861999 ], [ 75.930721054921904, 28.364797763326798 ], [ 75.912997853118299, 28.371964916307 ], [ 75.905458567823203, 28.375993319831 ], [ 75.905221876118802, 28.385922059354701 ], [ 75.897564246768198, 28.389587319204601 ], [ 75.891881200650303, 28.387927438935701 ], [ 75.891486239267607, 28.382640306566199 ], [ 75.880449349938999, 28.386799651023502 ], [ 75.849510592714594, 28.393276800000098 ], [ 75.843371285077396, 28.393710032585101 ], [ 75.836534591928896, 28.405082443986601 ], [ 75.826417450788796, 28.401926011597102 ], [ 75.824996463332994, 28.4075377896575 ], [ 75.810887660922802, 28.4102873632661 ], [ 75.802314996844004, 28.4059495117307 ], [ 75.795833458931298, 28.400516989058101 ], [ 75.790811678863705, 28.403315472742701 ], [ 75.778564440843795, 28.403728395540099 ], [ 75.773709277600105, 28.4168930939774 ], [ 75.785121677988897, 28.4265691772504 ], [ 75.793434269911501, 28.435306094650102 ], [ 75.793482354932095, 28.4468432502341 ], [ 75.786561212061997, 28.453718649657102 ], [ 75.7554563159173, 28.465543850531901 ], [ 75.743307978817001, 28.468823528450098 ], [ 75.744882703052099, 28.483395738542399 ], [ 75.732274877683906, 28.4875014286213 ], [ 75.709001699900497, 28.491580408357699 ], [ 75.698383571919607, 28.495357885906099 ], [ 75.679427955208098, 28.513231634075201 ], [ 75.672250794278696, 28.5171712938747 ], [ 75.673822671752802, 28.5296036213946 ], [ 75.671661501249005, 28.532428939185099 ], [ 75.661907571436103, 28.536908602901601 ], [ 75.651845413479606, 28.539263270759601 ], [ 75.644974184600002, 28.5438841872217 ], [ 75.637408024406497, 28.542361108775399 ], [ 75.633593922338903, 28.554899903534501 ], [ 75.627425088874901, 28.5851496036606 ], [ 75.628426542431797, 28.5956484792198 ], [ 75.6264524874084, 28.598636553997 ], [ 75.617731418051406, 28.602318989158299 ], [ 75.593314075853399, 28.602855469222298 ], [ 75.585393822232803, 28.6131704294698 ], [ 75.564073363586402, 28.6111273686953 ], [ 75.557390136824395, 28.639671436789602 ], [ 75.547972520084201, 28.645442936450799 ], [ 75.549117691510105, 28.651852278099899 ], [ 75.5463481405734, 28.657873778678901 ], [ 75.548237400922204, 28.672604070667401 ], [ 75.545074820878995, 28.6787655736969 ], [ 75.543939014389906, 28.6849905642833 ], [ 75.539997369518304, 28.713917123000702 ], [ 75.539469662289505, 28.729457325714101 ], [ 75.5345785134339, 28.739569337026399 ], [ 75.537476480337006, 28.746930038363399 ], [ 75.530523586513297, 28.752808737356201 ], [ 75.524672029024501, 28.768912662196801 ], [ 75.513616211294604, 28.779489649390101 ], [ 75.507118664505199, 28.7843758179249 ], [ 75.512531531521603, 28.7934542583038 ], [ 75.511749709763507, 28.806007994664501 ], [ 75.517439183327298, 28.812012791925198 ], [ 75.522048679798601, 28.833312250440699 ], [ 75.519189533590406, 28.840145045483499 ], [ 75.511381665500096, 28.842719852310299 ], [ 75.507846769704202, 28.8471108618497 ], [ 75.506425501075796, 28.852946096962 ], [ 75.4967027230403, 28.8564245679956 ], [ 75.497196083184306, 28.895114354736801 ], [ 75.493400335494499, 28.8984753493372 ], [ 75.475873740770695, 28.923102668867099 ], [ 75.477707190587495, 28.934842526414901 ], [ 75.506426799141394, 28.9382954999768 ], [ 75.5124276117146, 28.9486249945769 ], [ 75.511837615304003, 28.9582924509244 ], [ 75.517834411509597, 28.962545851556499 ], [ 75.525459626949896, 28.972187581765699 ], [ 75.5455068323772, 28.970409025879601 ], [ 75.5511754371786, 28.975785735757601 ], [ 75.558670615193293, 28.979565470529401 ], [ 75.569633199474794, 28.9835116149616 ], [ 75.601562989798794, 28.992755877093199 ], [ 75.6127753093226, 28.9878626844955 ], [ 75.626656659201103, 28.9751004021612 ], [ 75.637668432532706, 28.9637002312585 ], [ 75.635000257374102, 28.955922237580801 ], [ 75.648678040026098, 28.938671013837599 ], [ 75.654243778744302, 28.9400022016778 ], [ 75.680372676561504, 28.912934876189201 ], [ 75.705701434175296, 28.905700855799701 ], [ 75.748158230971001, 28.905584788604699 ], [ 75.762583729044593, 28.899356392729601 ], [ 75.768397176405799, 28.900931991673001 ], [ 75.775267012896705, 28.913038190093399 ], [ 75.776802458296103, 28.919017218236601 ], [ 75.786484180628094, 28.924807886256001 ], [ 75.796534496992507, 28.9270056134905 ], [ 75.815900901605403, 28.916247050561999 ], [ 75.831824034089806, 28.912988808442702 ], [ 75.851808511059204, 28.927495693629002 ], [ 75.854493313135293, 28.9351971656573 ], [ 75.856639277856303, 28.953137140458601 ], [ 75.8583249673853, 28.961855118670599 ], [ 75.8709968075989, 28.9653504889095 ], [ 75.883386652271895, 28.976046415781799 ], [ 75.885182004537498, 28.987025136086999 ], [ 75.893234473099895, 28.985212772559802 ], [ 75.895348047266694, 29.000552544963 ], [ 75.897717288251599, 29.007964889941501 ], [ 75.903952517994796, 29.0161573507648 ], [ 75.915174938175696, 29.021878113185601 ], [ 75.927453806775105, 29.0214081336173 ], [ 75.937110289142495, 29.0177826645258 ], [ 75.950519617458397, 29.007627955813099 ], [ 75.9567715953918, 29.0003676734961 ], [ 75.980436601234203, 28.9947167173008 ], [ 75.979935716801506, 29.000294882440599 ], [ 75.984657631142397, 29.011161448274802 ], [ 75.976671207617997, 29.030917988421201 ], [ 75.969237832796495, 29.0531990307597 ], [ 75.971542729254196, 29.061827187896601 ], [ 75.979730427504506, 29.0779054941673 ], [ 75.988061752894097, 29.081832759529298 ], [ 75.993630562952305, 29.074693066947699 ], [ 75.999959865170396, 29.068223784230302 ], [ 76.013671720921096, 29.061745712506202 ], [ 76.018445717785596, 29.0591166160856 ], [ 76.023815233004697, 29.058638027122999 ], [ 76.030976915961702, 29.062134254733198 ], [ 76.037101463380594, 29.0626741521829 ], [ 76.044625118888106, 29.0619171992752 ], [ 76.050433627311804, 29.0629494227544 ], [ 76.053019127819795, 29.061082102860698 ], [ 76.052073403946594, 29.044046970722899 ], [ 76.054752442431905, 29.0384857191085 ], [ 76.065247437438401, 29.028856110467 ], [ 76.070678213268295, 29.026194677885801 ], [ 76.079362931399103, 29.026864476890001 ], [ 76.083929039242193, 29.031363558610199 ], [ 76.087488935152393, 29.040541011751301 ], [ 76.101999134475903, 29.053066522605 ], [ 76.109093562364194, 29.054721923907501 ], [ 76.128596824412298, 29.046612085700598 ], [ 76.145881112062995, 29.042538050184699 ], [ 76.149044758406404, 29.0493782577784 ], [ 76.152352793660398, 29.052508097101001 ], [ 76.163103402484396, 29.0505973142164 ], [ 76.168733491119596, 29.0503252178422 ], [ 76.174232453571193, 29.051506828990998 ], [ 76.182317733997706, 29.0547545517854 ], [ 76.190086671798596, 29.0567427181347 ], [ 76.197842130378703, 29.056574147045101 ], [ 76.205348975712297, 29.051680834724898 ], [ 76.210299480750294, 29.046070983488701 ], [ 76.214470102594603, 29.037258546172001 ], [ 76.215950202789301, 29.031724907786199 ], [ 76.210677242090199, 29.0252776192205 ], [ 76.206398261863001, 29.023251381787698 ], [ 76.2078393320553, 29.020340156670098 ], [ 76.214740857516105, 29.021195022208101 ], [ 76.219128928253099, 29.019546057038198 ], [ 76.218711887178998, 29.014842871928199 ], [ 76.208557642922798, 29.0007509014867 ], [ 76.224650134787694, 28.993386595183601 ], [ 76.23250381011492, 28.987245040205948 ], [ 76.243147930504605, 29.000834226591 ], [ 76.245252045411405, 29.007432941193098 ], [ 76.244694832118796, 29.012458888169501 ], [ 76.249646978378806, 29.0240403950847 ], [ 76.248027473126697, 29.037101297800799 ], [ 76.2434142773931, 29.0460545982829 ], [ 76.239619300457804, 29.056257172563001 ], [ 76.245401628381003, 29.063262576282401 ], [ 76.252462199664507, 29.068166892720601 ], [ 76.266838629960802, 29.069122014706402 ], [ 76.277063439577603, 29.068404890257099 ], [ 76.286630025737907, 29.069727683234699 ], [ 76.290081424924693, 29.074134620393998 ], [ 76.291389146501302, 29.078382567956801 ], [ 76.300953728520199, 29.086795244881401 ], [ 76.301512893343769, 29.086807243877924 ], [ 76.302746037293602, 29.092159552229798 ], [ 76.311163482372905, 29.102842185004398 ], [ 76.315316404711098, 29.1097498025497 ], [ 76.3176314072157, 29.116426993696098 ], [ 76.313260794338106, 29.121968240245501 ], [ 76.311477274681394, 29.126674687225002 ], [ 76.307381437584496, 29.145066633034801 ], [ 76.302953772703106, 29.153173531850001 ], [ 76.300757577784694, 29.170210342918001 ], [ 76.301981013133002, 29.1801684080854 ], [ 76.301298241414898, 29.190214521392701 ], [ 76.298348023104793, 29.197520239179699 ], [ 76.291741876285798, 29.2086027859858 ], [ 76.282883681795596, 29.2129739987462 ], [ 76.274634589983705, 29.214339966404399 ], [ 76.258077325062104, 29.213381715400399 ], [ 76.241769102781703, 29.2198685268392 ], [ 76.230445437976798, 29.220333208434699 ], [ 76.227481936278707, 29.226921590870099 ], [ 76.2283355828353, 29.241992626953198 ], [ 76.224830808449198, 29.248066054942399 ], [ 76.218007897253798, 29.2535246976 ], [ 76.2122467210624, 29.267109686837301 ], [ 76.204787640050796, 29.275167438844299 ], [ 76.202529228714099, 29.282275444577198 ], [ 76.192282417559397, 29.2966325330285 ], [ 76.198211060380999, 29.302486272497099 ], [ 76.199854790501405, 29.3098081392632 ], [ 76.206588596905405, 29.318367994849101 ], [ 76.208088557054495, 29.324308931425499 ], [ 76.204033315723507, 29.328885008408299 ], [ 76.188734583328497, 29.341765673889601 ], [ 76.185934891219006, 29.347431876668502 ], [ 76.186752449755801, 29.351404188114198 ], [ 76.189523276300207, 29.354796078484799 ], [ 76.1968903671318, 29.361278786231001 ], [ 76.203901824823802, 29.371113175086499 ], [ 76.202255583912205, 29.382083726203799 ], [ 76.202151864429595, 29.3974279702975 ], [ 76.198256909494802, 29.398763595199298 ], [ 76.202517552412004, 29.402566220008801 ], [ 76.190884470094005, 29.4107920440632 ], [ 76.181865708035005, 29.4128497578597 ], [ 76.164011543541093, 29.415283400274301 ], [ 76.154139399030001, 29.408818862685301 ], [ 76.147547905530004, 29.402968119715499 ], [ 76.143760237287907, 29.394972872593499 ], [ 76.138419416055598, 29.389928103250799 ], [ 76.128442891800205, 29.401336539098001 ], [ 76.122863513960993, 29.4048184475302 ], [ 76.117060991011996, 29.4035335847522 ], [ 76.107601508287999, 29.404058271968498 ], [ 76.100643766256695, 29.405911938772299 ], [ 76.093823412564902, 29.4092648063932 ], [ 76.089064111240205, 29.424006789696399 ], [ 76.0888523603614, 29.431480193119501 ], [ 76.085490431580197, 29.438681854172501 ], [ 76.080101224391797, 29.440977310344199 ], [ 76.070516884826404, 29.439460012865201 ], [ 76.039832666136107, 29.4280852920736 ], [ 76.030078794713702, 29.427934456918202 ], [ 76.024062046925707, 29.430846589031201 ], [ 76.019513640385199, 29.438892249790101 ], [ 76.015787451044602, 29.441641638011902 ], [ 76.010906032740195, 29.443586982486099 ], [ 76.000013025672303, 29.447444247862698 ], [ 75.993488492593499, 29.4521423498446 ], [ 75.993114147546606, 29.458747608652601 ], [ 75.996222313039794, 29.468489767849999 ], [ 76.000729760894799, 29.471023127422299 ], [ 76.001920842519894, 29.4717367635361 ], [ 76.002848468035097, 29.472697263761798 ], [ 76.003474366514396, 29.4738298643977 ], [ 76.003738898806006, 29.475068174919802 ], [ 76.003635603328107, 29.4763294465508 ], [ 76.003158910525997, 29.477512630379501 ], [ 76.002343304926697, 29.4785548336896 ], [ 76.001255544830599, 29.479376036688599 ], [ 76.000018462276401, 29.480035817345801 ], [ 75.996738145438798, 29.482416207393801 ], [ 75.990527381312305, 29.4842929344216 ], [ 75.981934731514997, 29.486447072964101 ], [ 75.963310276038001, 29.493587736153501 ], [ 75.940803555228001, 29.498434991519598 ], [ 75.936062487906895, 29.50341764485 ], [ 75.935603528746796, 29.509120695686999 ], [ 75.937526035744199, 29.5156284111163 ], [ 75.943144073479999, 29.522018409496098 ], [ 75.948496200010098, 29.526152250299301 ], [ 75.959913091975295, 29.543420081322999 ], [ 75.962415480353201, 29.551607875581201 ], [ 75.959911826248998, 29.565455860007201 ], [ 75.958881954488206, 29.574262479419801 ], [ 75.960654285627996, 29.578105302983801 ], [ 75.961692889911703, 29.584294520949399 ], [ 75.957258210984605, 29.593238983273601 ], [ 75.950011257245805, 29.596651612560098 ], [ 75.950657320208293, 29.605483950949399 ], [ 75.954219602942203, 29.610686113225999 ], [ 75.955390765324196, 29.6214350737385 ], [ 75.948574341761798, 29.636319953557699 ], [ 75.945086723401005, 29.647067653439201 ], [ 75.946711840428705, 29.656898212346899 ], [ 75.951521049455593, 29.666857200952901 ], [ 75.944495587926596, 29.677187453685999 ], [ 75.937656580717899, 29.683711984239402 ], [ 75.937280339327501, 29.6902776450213 ], [ 75.938936831813095, 29.6973411628164 ], [ 75.944655878814302, 29.707388715073101 ], [ 75.948309744791402, 29.718247234277602 ], [ 75.949404163200398, 29.730136538298801 ], [ 75.953072105778006, 29.730915480387601 ], [ 75.960819626844199, 29.730509258533399 ], [ 75.968215233796201, 29.7287150247939 ], [ 75.975591399408799, 29.727955176211701 ], [ 75.983292001467703, 29.728929775625001 ], [ 75.990759756611695, 29.732735903977499 ], [ 76.000057046714502, 29.7388637813843 ], [ 76.014642734166301, 29.747459636045701 ], [ 76.022090287097797, 29.749348343317301 ], [ 76.028411813498906, 29.7525877542929 ], [ 76.035082120690404, 29.752110592426799 ], [ 76.042546036434999, 29.7473926488777 ], [ 76.0464789056646, 29.743158005491399 ], [ 76.052320644567303, 29.745251791446702 ], [ 76.069331074515404, 29.769617778730101 ], [ 76.074111885101303, 29.773925517359 ], [ 76.080808919867593, 29.7724762436685 ], [ 76.085263124575704, 29.777687839923001 ], [ 76.0863706709642, 29.7843525376563 ], [ 76.086538922721999, 29.793511389023799 ], [ 76.088639978865302, 29.8022369616553 ], [ 76.097045646132798, 29.806355688338101 ], [ 76.101550490670107, 29.807271555329599 ], [ 76.105360664404998, 29.807997027536199 ], [ 76.114210611462596, 29.804838504275601 ], [ 76.121262692768497, 29.799726766016398 ], [ 76.127381879041707, 29.792803397600299 ], [ 76.1324033195461, 29.795871886061601 ], [ 76.138202008485493, 29.801808476036602 ], [ 76.1431387432485, 29.808428092384101 ], [ 76.150310518777701, 29.813131284733299 ], [ 76.164181196670697, 29.812625422058101 ], [ 76.177731511078804, 29.814662787068102 ], [ 76.196936154261806, 29.827556465610101 ], [ 76.200503101947007, 29.836790388536102 ], [ 76.205324019615404, 29.841287228420601 ], [ 76.213379289124802, 29.841603483100101 ], [ 76.220803557724295, 29.8390295037618 ], [ 76.222262008520602, 29.839521386086599 ], [ 76.229479419364694, 29.834411276927302 ], [ 76.2401154390909, 29.830549534366 ], [ 76.246432555662295, 29.820184850665299 ], [ 76.248360863081501, 29.8101948240068 ], [ 76.255498596054693, 29.803807124751099 ], [ 76.259136652581105, 29.7931720874662 ], [ 76.254161101614699, 29.7856934631277 ], [ 76.244111989891096, 29.782055665756602 ], [ 76.236456483259403, 29.774645612632 ], [ 76.233472789230305, 29.7692985266312 ], [ 76.237835860751204, 29.761135366470299 ], [ 76.256958362882997, 29.749677300337801 ], [ 76.261030472778302, 29.7510109400936 ], [ 76.260809416251504, 29.732195322034201 ], [ 76.258685919294095, 29.725962608020598 ], [ 76.237373495179597, 29.724423983069499 ], [ 76.208243811986705, 29.7041022554412 ], [ 76.210047724298605, 29.697670392580001 ], [ 76.223693519739996, 29.686696495578001 ], [ 76.223980447929904, 29.6821525943833 ], [ 76.199447012854606, 29.672310105790501 ], [ 76.184462837234307, 29.660755565764799 ], [ 76.170141847364206, 29.6222068119108 ], [ 76.166792234485598, 29.580907559711001 ], [ 76.166196190616503, 29.573572021013799 ], [ 76.174052816565506, 29.556890930138302 ], [ 76.196361272904198, 29.546908262760201 ], [ 76.227434921151598, 29.5412698606977 ], [ 76.269123121186794, 29.5252795213183 ], [ 76.282266219395098, 29.526406709699099 ], [ 76.317590215866701, 29.559269087076899 ], [ 76.332159892645194, 29.5579585340104 ], [ 76.35802039811, 29.547483170749501 ], [ 76.370276144073898, 29.561430711875602 ], [ 76.379958923722995, 29.572773662390102 ], [ 76.385308395731499, 29.573182440226201 ], [ 76.395423014402297, 29.579006006877901 ], [ 76.400708621584002, 29.584743574495398 ], [ 76.406721248799897, 29.585108214738401 ], [ 76.411630175314997, 29.581145315356999 ], [ 76.419574678058396, 29.579367803041499 ], [ 76.425920352072595, 29.5804764433671 ], [ 76.433930189286599, 29.578407222096999 ], [ 76.443199036032496, 29.578635532118899 ], [ 76.446293856153801, 29.581152527640299 ], [ 76.446418006021005, 29.5918792263212 ], [ 76.457770146522193, 29.592205939047101 ], [ 76.462427638182504, 29.593566592239501 ], [ 76.468105614208895, 29.5941556854801 ], [ 76.470176209379204, 29.597782480515701 ], [ 76.466867982784095, 29.600225729395 ], [ 76.463862063536595, 29.604337994385901 ], [ 76.460435560259498, 29.613595055378301 ], [ 76.461457350776101, 29.6176897872535 ], [ 76.471059619816202, 29.617332181633198 ], [ 76.474541211379702, 29.619211034289101 ], [ 76.478566869391599, 29.622757916309201 ], [ 76.481878373939296, 29.621185190930898 ], [ 76.484510033479793, 29.617930482359299 ], [ 76.487061323446895, 29.612721060593302 ], [ 76.491094397949894, 29.6114202344408 ], [ 76.496086921685304, 29.613286129199899 ], [ 76.502670828014502, 29.617799500391499 ], [ 76.506607988496199, 29.614653103418199 ], [ 76.5046604176041, 29.609885645862999 ], [ 76.5001044041299, 29.605762237568801 ], [ 76.500193705652194, 29.602356269693001 ], [ 76.518057037453602, 29.600609773411499 ], [ 76.527920772835202, 29.601174117107899 ], [ 76.527746234667106, 29.5970810312011 ], [ 76.518685099974405, 29.5933365186097 ], [ 76.520005164402903, 29.588652692889202 ], [ 76.531989112501293, 29.570501994748401 ], [ 76.539171170147299, 29.576161795779001 ], [ 76.544734063901004, 29.577679088755598 ], [ 76.548235780421805, 29.5809959689465 ], [ 76.549388351270693, 29.584801476145699 ], [ 76.547634772462402, 29.590066537721501 ], [ 76.532343503270795, 29.609965804178302 ], [ 76.534149175382296, 29.6137017357639 ], [ 76.541284588905498, 29.615034050630801 ], [ 76.545760054939805, 29.6181729277573 ], [ 76.548680473436903, 29.621616449565 ], [ 76.565618931262804, 29.629216816122501 ], [ 76.5770933486438, 29.627798054922199 ], [ 76.588419800022706, 29.629736474826899 ], [ 76.596291543719701, 29.627709709354601 ], [ 76.602766499676306, 29.628348152662699 ], [ 76.614166136801401, 29.636050865604499 ], [ 76.622179304070201, 29.644464358025498 ], [ 76.638736442329304, 29.651594759479099 ], [ 76.6457247540298, 29.656619113800001 ], [ 76.647587046953703, 29.6644508820598 ], [ 76.652173779217406, 29.669715755848699 ], [ 76.660100691150902, 29.671041278275801 ], [ 76.673194473646802, 29.6683865700006 ], [ 76.6791697623879, 29.670929415802 ], [ 76.6834705052011, 29.6838159883842 ], [ 76.687118909421301, 29.6829192094701 ], [ 76.6914714158561, 29.676648972658501 ], [ 76.696116609580201, 29.672339767106099 ], [ 76.700650407717504, 29.669877543730301 ], [ 76.706077502251404, 29.674444540664901 ], [ 76.712500749383594, 29.682452285047098 ], [ 76.712435500252894, 29.687874092787901 ], [ 76.711309870777797, 29.6913553954073 ], [ 76.692769503899598, 29.698112642042702 ], [ 76.690098607744005, 29.703338621105701 ], [ 76.696605582352305, 29.720364277580099 ], [ 76.697119587578101, 29.729130319986499 ], [ 76.694651168992607, 29.740354151470999 ], [ 76.696975710707207, 29.7475487062604 ], [ 76.687622036947303, 29.7579777117354 ], [ 76.687107555614404, 29.762834323963201 ], [ 76.688879469935898, 29.768480665640698 ], [ 76.699360430562706, 29.779396412477801 ], [ 76.700335810518496, 29.788918553117199 ], [ 76.702671437443698, 29.797101960448298 ], [ 76.716219135059404, 29.812504015071699 ], [ 76.7131714118118, 29.819127527274201 ], [ 76.706348755737906, 29.821926744568799 ], [ 76.689062445081206, 29.825700931838298 ], [ 76.688743525189096, 29.8316166906767 ], [ 76.690703334728596, 29.836343292268801 ], [ 76.691590882805798, 29.851778388323499 ], [ 76.6865661544674, 29.857410932557102 ], [ 76.681085945245698, 29.858751020102201 ], [ 76.676918613032001, 29.8608302668009 ], [ 76.677105089810198, 29.864042057916102 ], [ 76.686908757543705, 29.866975008859601 ], [ 76.689984913368406, 29.874329905781799 ], [ 76.691686502179607, 29.884313788544599 ], [ 76.694224588708593, 29.892703872899698 ], [ 76.700323131696507, 29.895330921221099 ], [ 76.7098660418592, 29.885120527059598 ], [ 76.713103495582999, 29.882918520345299 ], [ 76.718660524236299, 29.881763068438801 ], [ 76.724899705668506, 29.882095060014901 ], [ 76.729739919149097, 29.884167098554499 ], [ 76.733674461041801, 29.891182469981299 ], [ 76.740593748890802, 29.895767113559099 ], [ 76.746935941035005, 29.902548912096801 ], [ 76.750538557226804, 29.907776131968099 ], [ 76.753007101576401, 29.918387845005601 ], [ 76.755627106374504, 29.924974839209899 ], [ 76.762911539623602, 29.934121260402001 ], [ 76.783795467347602, 29.9385141964658 ], [ 76.789354205494803, 29.943052281807699 ], [ 76.794771922515395, 29.9447285430475 ], [ 76.802228781993406, 29.940224943216698 ], [ 76.806509483392603, 29.9339889864785 ], [ 76.811877942192993, 29.930113753390799 ], [ 76.819920083722906, 29.933622465356699 ], [ 76.826883278528001, 29.9298161421518 ], [ 76.828679262309194, 29.916393720368401 ], [ 76.830632621046803, 29.910952417861999 ], [ 76.838351239716999, 29.909889492446201 ], [ 76.838105850524101, 29.917720622174102 ], [ 76.8388821090156, 29.925007326594599 ], [ 76.850673720625096, 29.929870413089098 ], [ 76.859397548708401, 29.9321900769819 ], [ 76.864192868882796, 29.9316648180851 ], [ 76.866419527469105, 29.926946247908202 ], [ 76.877876280378302, 29.924498282127001 ], [ 76.886752407936598, 29.924174844137301 ], [ 76.899294073282405, 29.920395224860201 ], [ 76.909857168672303, 29.924757355328801 ], [ 76.941888757880903, 29.921998951982701 ], [ 76.945506070510802, 29.922487524257299 ], [ 76.953177579730905, 29.932012516929898 ], [ 76.966254879937907, 29.943582435140101 ], [ 76.974437780286394, 29.949166162722001 ], [ 76.975967274346999, 29.957005971566801 ], [ 76.981195473792198, 29.964154676317499 ], [ 76.999999444104006, 29.965167370642 ], [ 77.002166689015695, 29.964630027825301 ], [ 77.001382952049497, 29.9508344611484 ], [ 77.003642824046807, 29.9498238103197 ], [ 77.007642347372197, 29.951796950400801 ], [ 77.014049638628293, 29.9475719648328 ], [ 77.022855167588403, 29.9448672859501 ], [ 77.033975522085001, 29.951719467256702 ], [ 77.036459476134993, 29.952180290613601 ], [ 77.053321851147899, 29.9454998783376 ], [ 77.058929710971398, 29.9441055333279 ], [ 77.062299694047397, 29.947367473958199 ], [ 77.066121480304005, 29.948289884312601 ], [ 77.075093346711895, 29.9466496318847 ], [ 77.0943879903066, 29.949268768689699 ], [ 77.107052260417404, 29.962333840189899 ], [ 77.116337033394998, 29.977666881868199 ], [ 77.114013283994495, 29.9884737588532 ], [ 77.114941216733499, 29.990790686966498 ], [ 77.125901332444698, 29.985266191059502 ], [ 77.131223369006094, 29.982583588603099 ], [ 77.136293148754206, 29.979128712367299 ], [ 77.1336434187034, 29.9655989953852 ], [ 77.136052518835697, 29.962924635826599 ], [ 77.1407677829486, 29.963350191391701 ], [ 77.146729089412304, 29.967100007936601 ], [ 77.153012305361401, 29.969632317448301 ], [ 77.1568277360373, 29.969416980992602 ], [ 77.161374316302698, 29.965863196711201 ], [ 77.164525723998807, 29.9656827519408 ], [ 77.167398778822502, 29.968295648020501 ], [ 77.176490329572403, 29.962807909281199 ], [ 77.182567117160801, 29.9550781768083 ], [ 77.188165275179301, 29.951756328751699 ], [ 77.185018564773898, 29.944328528028301 ], [ 77.192653455968099, 29.936507212390399 ], [ 77.2000098855939, 29.933896392369899 ], [ 77.223230360117995, 29.935865865790898 ], [ 77.214668985167293, 29.926254812191601 ], [ 77.207648512881406, 29.9224391804497 ], [ 77.201198770838104, 29.9172116876045 ], [ 77.198948749766203, 29.912658047687302 ], [ 77.1979558859001, 29.908214933697302 ], [ 77.192200635894594, 29.901386725837899 ], [ 77.191577530277598, 29.897439788995801 ], [ 77.1968698757223, 29.890042430211601 ], [ 77.196985524831902, 29.885476364722699 ], [ 77.194290408299693, 29.876742465982701 ], [ 77.194447653898493, 29.868432039816099 ], [ 77.192024871526101, 29.864293948342802 ], [ 77.190081388866801, 29.8573127957922 ], [ 77.179521660362695, 29.841539315745599 ], [ 77.178954628483993, 29.838857353064299 ], [ 77.1809381436656, 29.824721061733499 ], [ 77.177146417733397, 29.819634802011102 ], [ 77.167523500916502, 29.811937805466101 ], [ 77.165825311330394, 29.808919539182199 ], [ 77.163944743080293, 29.802800063730398 ], [ 77.163563536701304, 29.798612159480101 ], [ 77.165849510147495, 29.792827973952601 ], [ 77.164206364830406, 29.788419021665099 ], [ 77.154035364299105, 29.7827192893869 ], [ 77.149239232047705, 29.777336110833001 ], [ 77.143779591551095, 29.774140204883999 ], [ 77.135277801853206, 29.7730049380915 ], [ 77.130066322750494, 29.7707136423527 ], [ 77.128791454360496, 29.766058730208599 ], [ 77.130631268741098, 29.759372683367001 ], [ 77.129605882268507, 29.755577064065701 ], [ 77.1259440230819, 29.749439311740598 ], [ 77.124668604024706, 29.7437490599489 ], [ 77.126870502346804, 29.740105718475 ], [ 77.134292820703706, 29.737957187728501 ], [ 77.134257178248205, 29.731168396545598 ], [ 77.151897146649205, 29.712370870089199 ], [ 77.1549976549028, 29.701068146545399 ], [ 77.154255655461299, 29.696731125805101 ], [ 77.151540726585495, 29.6953303894947 ], [ 77.143836849268993, 29.694585653248499 ], [ 77.148087018728404, 29.689784960743399 ], [ 77.155509098133507, 29.6867558854116 ], [ 77.161602728235096, 29.690548199447399 ], [ 77.167543573771496, 29.689159761716901 ], [ 77.174103932562204, 29.6858841606265 ], [ 77.182522123243103, 29.6828470010147 ], [ 77.192460598456407, 29.681970915541399 ], [ 77.202741128773596, 29.6795836659985 ], [ 77.205353547299197, 29.6857717090638 ], [ 77.208737960911904, 29.6861562611717 ], [ 77.216133303759094, 29.6897011443126 ], [ 77.220505042225895, 29.692221699138699 ], [ 77.223012279709707, 29.695474739253999 ], [ 77.230861663441004, 29.688149362600601 ], [ 77.234666373622304, 29.686896842574299 ], [ 77.257193335272305, 29.673004091021099 ], [ 77.259392931212403, 29.674726899863199 ], [ 77.265100673814104, 29.672256194481101 ], [ 77.269677629712504, 29.669449804408 ], [ 77.272511877316006, 29.6663998192913 ], [ 77.278783266944401, 29.664531442666501 ], [ 77.281639552018405, 29.664999800707498 ], [ 77.282331950981501, 29.6699212289193 ], [ 77.285471427253896, 29.673952253327801 ], [ 77.287759750692899, 29.6736435279036 ], [ 77.290738817499999, 29.671733448957401 ], [ 77.299947700802406, 29.670682893467902 ], [ 77.303902066716802, 29.668773505272799 ], [ 77.304851092796994, 29.664797765397399 ], [ 77.310737932516901, 29.660067856472601 ], [ 77.325741025758703, 29.654741054166699 ], [ 77.330679816765397, 29.651741840396799 ], [ 77.333567589586707, 29.648334993935801 ], [ 77.338461325590302, 29.645682344887799 ], [ 77.341714153081895, 29.645089250938 ], [ 77.347693565090196, 29.650328068182802 ], [ 77.356266556155802, 29.648559713657399 ], [ 77.359106240363303, 29.651966983446499 ], [ 77.3643999530439, 29.650378627250099 ], [ 77.367121001243405, 29.654157931888101 ], [ 77.374199116624496, 29.652812900513698 ], [ 77.378615538191795, 29.649723968820201 ], [ 77.383734905842005, 29.647461216977302 ], [ 77.390574761060293, 29.646301029748201 ], [ 77.394932027667807, 29.648697500055 ], [ 77.402464658243304, 29.654537351848301 ], [ 77.405119635353699, 29.652817458853001 ], [ 77.409865361337907, 29.6518441265424 ], [ 77.413629329327804, 29.655258355513102 ], [ 77.417306385314006, 29.657350823024998 ], [ 77.427718239444303, 29.651242835029102 ], [ 77.432813325632296, 29.649609981009 ], [ 77.437783589115, 29.654450272546999 ], [ 77.440559634871207, 29.658788613212899 ], [ 77.440938911668994, 29.6638377955104 ], [ 77.442881099855995, 29.667474542652201 ], [ 77.446310884678795, 29.669751663028901 ], [ 77.453364285609794, 29.671059091525802 ], [ 77.459267733382603, 29.668568811967599 ], [ 77.471566619141498, 29.657042280055698 ], [ 77.476482611804599, 29.655705353676399 ], [ 77.486132669421096, 29.655407781617299 ], [ 77.487388567188901, 29.6523373956522 ], [ 77.485714355434297, 29.648800221803501 ], [ 77.4861504336059, 29.646348125996699 ], [ 77.490755434907499, 29.642033868620299 ], [ 77.488830616544902, 29.632461585612401 ], [ 77.494170817939604, 29.6286715769415 ], [ 77.500990599404602, 29.625417382707301 ], [ 77.508523382693696, 29.623877609688499 ], [ 77.512575915604003, 29.624604274155601 ], [ 77.515835793073904, 29.627516658816301 ], [ 77.520903477052499, 29.622829528329699 ], [ 77.526543536089207, 29.6199812104614 ], [ 77.533413158781002, 29.620226662949701 ], [ 77.532393199929302, 29.629258909622099 ], [ 77.538731074770197, 29.633483643510999 ], [ 77.5460751857985, 29.632230073432002 ], [ 77.553554079153798, 29.627242133576701 ], [ 77.568348725520394, 29.626403573825499 ], [ 77.591740660584406, 29.620906897687998 ], [ 77.600377532646505, 29.622462053108801 ], [ 77.6156467886222, 29.6159246839612 ], [ 77.624956973142602, 29.612989509538799 ], [ 77.627070823092097, 29.605726942547701 ], [ 77.629695263771097, 29.6020877354179 ], [ 77.633500385380799, 29.600624250651599 ], [ 77.650415630739701, 29.588612729084701 ], [ 77.650048961796998, 29.5797067740518 ], [ 77.651178581588695, 29.5735438345848 ], [ 77.6534777809308, 29.5672016473954 ], [ 77.657743827214503, 29.5615445657786 ], [ 77.661743523016398, 29.561056775182902 ], [ 77.666481622303806, 29.574130193033199 ], [ 77.671769424069794, 29.5787524525437 ], [ 77.685599420856704, 29.5956692148001 ], [ 77.696820322884705, 29.614447519872201 ], [ 77.719085726565098, 29.608535937709899 ], [ 77.722429426732504, 29.611272279278701 ], [ 77.723269255403395, 29.616672119734599 ], [ 77.727322507864201, 29.617100235622601 ], [ 77.730336890140094, 29.6124163529573 ], [ 77.735320951745507, 29.610487039029401 ], [ 77.744159633929499, 29.6038039599045 ], [ 77.747891077516201, 29.607163820282199 ], [ 77.7586862490664, 29.6124318594015 ], [ 77.7650868236192, 29.621119825077699 ], [ 77.773401969452195, 29.624159576639599 ], [ 77.777519130757298, 29.6288478415259 ], [ 77.782750088928694, 29.632255117017099 ], [ 77.791007706650902, 29.628733343606498 ], [ 77.795910054803201, 29.636858466952798 ], [ 77.813831033292999, 29.655975183797501 ], [ 77.823146419957098, 29.6670347467144 ], [ 77.833386754258697, 29.663534862225301 ], [ 77.841053057741703, 29.663870131268698 ], [ 77.846348061301299, 29.666406490787399 ], [ 77.850536050274997, 29.670050006763802 ], [ 77.852766615634494, 29.673890380939898 ], [ 77.8550614698256, 29.675827118793599 ], [ 77.859185541870204, 29.6751544622017 ], [ 77.860754630075306, 29.678712066325598 ], [ 77.866197572687398, 29.6834314593202 ], [ 77.8706424178486, 29.682583541910599 ], [ 77.878372833195201, 29.6879288986439 ], [ 77.882045502707896, 29.688526459871401 ], [ 77.882179340905395, 29.693301940643 ], [ 77.8860383901782, 29.696487093576401 ], [ 77.88938552191, 29.694905408515499 ], [ 77.894361027960699, 29.694510018865401 ], [ 77.899016555903799, 29.695214621123501 ], [ 77.912111192697495, 29.692322857071701 ], [ 77.9223973213156, 29.6934349781558 ], [ 77.917031672445503, 29.697054585482999 ], [ 77.918533262138396, 29.6985946942598 ], [ 77.920567457573497, 29.697363847659901 ], [ 77.921741684108895, 29.6983369345248 ], [ 77.920235419583193, 29.6997826471571 ], [ 77.921815155519297, 29.7008667314857 ], [ 77.922924922543203, 29.6999880189767 ], [ 77.928428143907595, 29.706153694184099 ], [ 77.932363424215396, 29.7083503694912 ], [ 77.937145490646103, 29.7071519478908 ], [ 77.939442596015297, 29.7090782114817 ], [ 77.942714188414897, 29.707548519790102 ], [ 77.948866005990695, 29.708399172716899 ], [ 77.951198875986293, 29.7092453976366 ], [ 77.953050611010795, 29.709090352708898 ], [ 77.954676244569697, 29.7068780027321 ], [ 77.961641362667905, 29.702134067494001 ], [ 77.964203021888295, 29.699844273416801 ], [ 77.958432602032602, 29.698252688249401 ], [ 77.954503392539394, 29.6965055624784 ], [ 77.953351870024406, 29.694516611241799 ], [ 77.955800482554494, 29.691198243168699 ], [ 77.958475085158994, 29.689937169124001 ], [ 77.955471848280894, 29.688112474007799 ], [ 77.955256262494203, 29.6860553717366 ], [ 77.957107642683994, 29.685900273064899 ], [ 77.955966658305698, 29.6839115637787 ], [ 77.957591906487394, 29.6816990776029 ], [ 77.959443218405298, 29.681543951137201 ], [ 77.963958078259694, 29.6801365034657 ], [ 77.966303482448495, 29.6757894483077 ], [ 77.968854026813901, 29.673499202985301 ], [ 77.970489385534094, 29.6712868037778 ], [ 77.973738967412601, 29.666861406622498 ], [ 77.974448631097104, 29.664726589903601 ], [ 77.981358898962299, 29.6683063106519 ], [ 77.983446663632705, 29.670217716816801 ], [ 77.984248476499104, 29.669111049315799 ], [ 77.984957973096996, 29.666976195262102 ], [ 77.983806234986403, 29.664987350508301 ], [ 77.982664713415502, 29.6630079030109 ], [ 77.981523529611195, 29.6610192865787 ], [ 77.9812970760062, 29.658961850902099 ], [ 77.981081108435404, 29.656904669016502 ], [ 77.980042439472996, 29.655953637164998 ], [ 77.978890883720396, 29.653964713465601 ], [ 77.977523469991596, 29.649918561598199 ], [ 77.979641421648694, 29.643513558395799 ], [ 77.983825739207902, 29.639010290723601 ], [ 77.986591214488101, 29.638776861946599 ], [ 77.989150792312003, 29.636495546545799 ], [ 77.986857967415105, 29.6325270807524 ], [ 77.985264068640205, 29.6264232729831 ], [ 77.985633911330893, 29.621192725993598 ], [ 77.987031324298599, 29.616922084018 ], [ 77.987513998083998, 29.612729399138399 ], [ 77.988921725507794, 29.608458932777701 ], [ 77.986732473668297, 29.605509660377599 ], [ 77.982333799217699, 29.607946764445 ], [ 77.978407730234693, 29.6061816139533 ], [ 77.974481774439496, 29.604416359923899 ], [ 77.971932767091602, 29.606706996885499 ], [ 77.970308766669802, 29.608919943049798 ], [ 77.9677595877437, 29.611210494881799 ], [ 77.963946358838498, 29.6104829801757 ], [ 77.961767844561507, 29.6075427963792 ], [ 77.962466900040894, 29.605407529465399 ], [ 77.963063684121806, 29.602234516841499 ], [ 77.964462265797806, 29.597945610307001 ], [ 77.965274253881404, 29.596839146686602 ], [ 77.962983236394905, 29.592860890007699 ], [ 77.960805056291207, 29.589920594741301 ], [ 77.960579079691598, 29.587862851944301 ], [ 77.960363582838099, 29.585805364037 ], [ 77.959325672952005, 29.5848540703048 ], [ 77.961874763843298, 29.582554385115799 ], [ 77.963601399481206, 29.581360881314801 ], [ 77.965235929056504, 29.579138995462301 ], [ 77.968021640685095, 29.5788880742545 ], [ 77.971926643276305, 29.5806255858638 ], [ 77.973776717315701, 29.580461110911902 ], [ 77.975410751919199, 29.578248271648501 ], [ 77.978354727836305, 29.578926407548 ], [ 77.979384363340301, 29.5801338945443 ], [ 77.981582091682895, 29.579593233589101 ], [ 77.984729698606898, 29.5775646147572 ], [ 77.989073671944894, 29.577736921802099 ], [ 77.990851843930599, 29.579778307274498 ], [ 77.993057420853901, 29.582215059620601 ], [ 77.994359823505604, 29.583420058967199 ], [ 77.995816594452407, 29.582457700257901 ], [ 77.996601456109403, 29.578950161260799 ], [ 77.996093503731998, 29.574265323278301 ], [ 77.992775875369105, 29.563170907841801 ], [ 77.990835640119499, 29.562572954296499 ], [ 77.988755307211505, 29.5582335924394 ], [ 77.989056835719794, 29.552515104115699 ], [ 77.990852739551002, 29.548528670641399 ], [ 78.000007204710101, 29.540254114878401 ], [ 77.997248259283694, 29.539388503229599 ], [ 77.995936366829199, 29.537844190965298 ], [ 77.994364740883498, 29.523668145903802 ], [ 77.993944866522995, 29.5079077757139 ], [ 77.993530347918394, 29.493274079840401 ], [ 77.9951897760983, 29.4853987818795 ], [ 77.996353131222193, 29.481826732578 ], [ 78.000022457205304, 29.475577226306001 ], [ 78.003981559936193, 29.473943754336201 ], [ 78.007641618000605, 29.468930778864699 ], [ 78.009035131381694, 29.468259780240601 ], [ 78.017640984617003, 29.470259699655099 ], [ 78.019100490035598, 29.469489454924499 ], [ 78.020813758742094, 29.467021147236402 ], [ 78.020741763263601, 29.4647102763272 ], [ 78.0169605368405, 29.462151879766399 ], [ 78.029325627537503, 29.452762727473601 ], [ 78.032329519287401, 29.447916114151202 ], [ 78.034231825869, 29.434996719911101 ], [ 78.037796534952506, 29.429943754057199 ], [ 78.044466275307101, 29.425003685929699 ], [ 78.0494683732868, 29.419170140050301 ], [ 78.053966581070895, 29.412059410809398 ], [ 78.056643038696393, 29.4111719884312 ], [ 78.062547749500496, 29.4111241659161 ], [ 78.064226272270105, 29.408379404444901 ], [ 78.065665642849893, 29.403942585809201 ], [ 78.065331633955907, 29.4019458205793 ], [ 78.051660571600493, 29.3925475005924 ], [ 78.048941155639795, 29.388906658458499 ], [ 78.050861733055996, 29.3828503664264 ], [ 78.051050708049104, 29.3772738568817 ], [ 78.061711938095499, 29.3704327645479 ], [ 78.065392572071502, 29.361321540838301 ], [ 78.068192332452895, 29.359153823852999 ], [ 78.079956403512398, 29.3590102993142 ], [ 78.083427200021205, 29.357775150006201 ], [ 78.0851544644798, 29.3557643021994 ], [ 78.088291645556595, 29.340956840589001 ], [ 78.091555912195005, 29.337306052124301 ], [ 78.094929284614594, 29.3358207971315 ], [ 78.100491396833903, 29.331602372648401 ], [ 78.105236375419807, 29.326749866519599 ], [ 78.1098399358237, 29.323717658094999 ], [ 78.111985402878005, 29.318362028033899 ], [ 78.113105210371799, 29.310699319267499 ], [ 78.118966086085095, 29.298916539704798 ], [ 78.121459627854094, 29.288445289928799 ], [ 78.127637705880701, 29.281490730885999 ], [ 78.134830020490597, 29.265824961112099 ], [ 78.137008174543197, 29.2603592821227 ], [ 78.137173366639104, 29.253406011993899 ], [ 78.132358025711994, 29.241942030992199 ], [ 78.1315579645604, 29.238118618557699 ], [ 78.1296479378572, 29.235698435088299 ], [ 78.130214539442903, 29.2299553806677 ], [ 78.127570816426299, 29.223273197241099 ], [ 78.128241759128898, 29.2215384956531 ], [ 78.126013670424598, 29.217607137315099 ], [ 78.127351144203402, 29.212276687920099 ], [ 78.127055395455699, 29.205375874719198 ], [ 78.140249853942095, 29.1914109999605 ], [ 78.142280581880101, 29.185262629450399 ], [ 78.142664191252507, 29.180000521496599 ], [ 78.141244748000702, 29.175272591357299 ], [ 78.137920936533703, 29.170315438955999 ], [ 78.135905553617306, 29.1652796611795 ], [ 78.133136386261299, 29.162976013827699 ], [ 78.125139448854696, 29.161838843140899 ], [ 78.119260245713093, 29.1594598142864 ], [ 78.111784357222504, 29.1480755124587 ], [ 78.109297085694195, 29.1401580761876 ], [ 78.110477966050894, 29.121208089634301 ], [ 78.111501007022298, 29.117895524052098 ], [ 78.117776324085099, 29.1109142962177 ], [ 78.118028609644497, 29.106867815441099 ], [ 78.116098315151902, 29.097184615017799 ], [ 78.105923624341401, 29.083450205753799 ], [ 78.092587903979904, 29.0783303109347 ], [ 78.090692311406698, 29.0725807877214 ], [ 78.087232194968394, 29.070763376580398 ], [ 78.085870550220307, 29.069263036102502 ], [ 78.0847183925964, 29.0680703864073 ], [ 78.085642617090002, 29.0639300060142 ], [ 78.087968581736007, 29.0590260471009 ], [ 78.098645534096605, 29.0520697211381 ], [ 78.098425466614898, 29.0497811101095 ], [ 78.095799652411898, 29.0456824906889 ], [ 78.095788350707295, 29.041409078581498 ], [ 78.098076779249197, 29.0406486820184 ], [ 78.098307646277206, 29.037628239200899 ], [ 78.097579243735794, 29.034584429671099 ], [ 78.101229033158205, 29.025714137430601 ], [ 78.095052948493205, 29.0002170661081 ], [ 78.097018282671797, 28.983867876822899 ], [ 78.093688233303496, 28.976679335597101 ], [ 78.084142315581104, 28.969503873940901 ], [ 78.078255425555597, 28.966360927926502 ], [ 78.065582830757094, 28.955567516790499 ], [ 78.060108092275499, 28.944418152385399 ], [ 78.058704068605607, 28.9370922719527 ], [ 78.070997347978704, 28.9147219480679 ], [ 78.062244543837593, 28.900161907438001 ], [ 78.061691240911401, 28.896580336366199 ], [ 78.063662475224803, 28.892602234286102 ], [ 78.073911380352399, 28.885259323392599 ], [ 78.082739262990003, 28.880632637963298 ], [ 78.090871750782995, 28.878208182372699 ], [ 78.099014006856507, 28.878443543940801 ], [ 78.104235735736594, 28.877763567638699 ], [ 78.108984022817594, 28.8729076409981 ], [ 78.113152649503704, 28.865588402963599 ], [ 78.115985876620996, 28.856310311167299 ], [ 78.119104495809097, 28.8428928368002 ], [ 78.114731933587294, 28.837136189215599 ], [ 78.114150403798206, 28.833085945215601 ], [ 78.112324018332799, 28.828537594800299 ], [ 78.116837560358704, 28.8257852139613 ], [ 78.116285496209301, 28.820460542236201 ], [ 78.119444571924603, 28.818372333262499 ], [ 78.118764399930797, 28.809815480966801 ], [ 78.121054815546103, 28.797523571135098 ], [ 78.118808887198597, 28.788084458303299 ], [ 78.119881727176093, 28.782083347279301 ], [ 78.1241988345989, 28.776225068860501 ], [ 78.133736030578106, 28.771245211249202 ], [ 78.133496669978996, 28.764891036079302 ], [ 78.134738707640295, 28.757104760697001 ], [ 78.140879326817895, 28.742436743256899 ], [ 78.1404016943779, 28.737709581896301 ], [ 78.141372594435296, 28.7299163817788 ], [ 78.141283225539297, 28.721069920944 ], [ 78.146743034020801, 28.711825111668698 ], [ 78.152449707627397, 28.706677937869301 ], [ 78.174451946251907, 28.691755694994299 ], [ 78.183815797923998, 28.677574724080799 ], [ 78.193017645621197, 28.670307292914501 ], [ 78.196688017243304, 28.6578060961522 ], [ 78.196356631429893, 28.6526599110808 ], [ 78.209408735689905, 28.615248515999099 ], [ 78.215934671937205, 28.599693720409999 ], [ 78.229851648101601, 28.573145207795498 ], [ 78.216094696923605, 28.5496847655638 ], [ 78.217345591075301, 28.541363299379501 ], [ 78.219624919683298, 28.534075591346902 ], [ 78.221181775529203, 28.5314051935161 ], [ 78.215764889450199, 28.525339052846601 ], [ 78.215739221887603, 28.523108342423601 ], [ 78.217558418135795, 28.518984948156699 ], [ 78.218647716147601, 28.504684634590198 ], [ 78.219924574305907, 28.4999333374769 ], [ 78.225331608561206, 28.495334888862001 ], [ 78.232079345140406, 28.494136171358001 ], [ 78.253897275519805, 28.494108752853801 ], [ 78.271969952511597, 28.490090294269901 ], [ 78.275622317403901, 28.4881565393136 ], [ 78.277211372462801, 28.484696907024301 ], [ 78.277371404635701, 28.469970070183798 ], [ 78.281009802521893, 28.467090482406299 ], [ 78.304950811243899, 28.4587077574528 ], [ 78.305973332989097, 28.455399784213 ], [ 78.306292263661007, 28.449551466236802 ], [ 78.303374937165103, 28.446372389867602 ], [ 78.288397339009407, 28.437396599962799 ], [ 78.284459794946997, 28.4332846642411 ], [ 78.282483549830999, 28.427134820646302 ], [ 78.281350702392501, 28.420563998014501 ], [ 78.282750684541995, 28.4129691100663 ], [ 78.285236665191206, 28.407593211241402 ], [ 78.290998737901305, 28.403055389604098 ], [ 78.295475417559601, 28.399487965437501 ], [ 78.297991182750394, 28.3948284340001 ], [ 78.297284514947293, 28.3896166520008 ], [ 78.293884281104198, 28.3831855965289 ], [ 78.284215125304598, 28.371890086516601 ], [ 78.292081830351194, 28.3593507029065 ], [ 78.299086689917502, 28.343981708342 ], [ 78.304325436482401, 28.335630442753299 ], [ 78.305038909023807, 28.329413860728 ], [ 78.310184247867099, 28.3217302204392 ], [ 78.310245493206494, 28.3147547851582 ], [ 78.311602301425197, 28.308167333289902 ], [ 78.322122415123602, 28.289132100006199 ], [ 78.336372022166401, 28.2757634545336 ], [ 78.357466871624098, 28.2672140047999 ], [ 78.367256522045906, 28.265776115969299 ], [ 78.3746440962626, 28.2624192287842 ], [ 78.379774127813505, 28.255016998496298 ], [ 78.382386092689799, 28.239321975389799 ], [ 78.387764941404797, 28.236166585993999 ], [ 78.3955528156919, 28.2264093029513 ], [ 78.401887778194606, 28.215590359864901 ], [ 78.410871514042398, 28.196604220068998 ], [ 78.415134035336905, 28.194698802784501 ], [ 78.419890724360798, 28.1900131926099 ], [ 78.424319481593599, 28.1884418004311 ], [ 78.437248877782295, 28.173334342930101 ], [ 78.448450151621401, 28.167873893360699 ], [ 78.456139089954704, 28.158725867149599 ], [ 78.460935314732495, 28.1485213228224 ], [ 78.466009277036605, 28.140553953214098 ], [ 78.486022472247399, 28.1240197402823 ], [ 78.473840671106004, 28.110481203669799 ], [ 78.461697399605498, 28.097502422819801 ], [ 78.451661781475707, 28.0975356960578 ], [ 78.440313504628605, 28.102203766177698 ], [ 78.435147747078901, 28.097781220189201 ], [ 78.4287886926585, 28.0938183376688 ], [ 78.423899196703005, 28.098942550728101 ], [ 78.418312122098499, 28.0984034552617 ], [ 78.414065724665093, 28.1031102552652 ], [ 78.413944263455505, 28.107340750449801 ], [ 78.402978266474193, 28.114475716658401 ], [ 78.394828561570407, 28.105815374817102 ], [ 78.3893285930057, 28.103330497690902 ], [ 78.386141693771194, 28.1064536414911 ], [ 78.392502260954501, 28.120739483458099 ], [ 78.392674091600298, 28.123755258186002 ], [ 78.386515872629801, 28.127885196717401 ], [ 78.387952339854493, 28.1348046786072 ], [ 78.385997832171697, 28.139700349118101 ], [ 78.380868367457794, 28.142971890631099 ], [ 78.375167463730307, 28.145220176009001 ], [ 78.371673611061496, 28.1481614121994 ], [ 78.368894937733103, 28.1517983871254 ], [ 78.364009579417797, 28.149501333978201 ], [ 78.359301738982396, 28.1517809399522 ], [ 78.352091570356293, 28.148567112346999 ], [ 78.347158304886904, 28.139069457141499 ], [ 78.344727025350196, 28.136130274890199 ], [ 78.339823612694303, 28.1358980407371 ], [ 78.336115933140107, 28.129513406591201 ], [ 78.331856096910002, 28.127128670338099 ], [ 78.328009018586599, 28.1283253773457 ], [ 78.321896372048698, 28.1241436577108 ], [ 78.306723799950404, 28.1181168101309 ], [ 78.299607742426701, 28.117078877497701 ], [ 78.296035849515903, 28.121568654497601 ], [ 78.290175091481899, 28.121854329576301 ], [ 78.282371283776598, 28.1195599017462 ], [ 78.279851142892099, 28.117232769352 ], [ 78.273700457193499, 28.1140491214029 ], [ 78.260301137008199, 28.115671877183502 ], [ 78.253088547422294, 28.114069419164199 ], [ 78.251603837971899, 28.108322617572298 ], [ 78.2490310953375, 28.106048797742101 ], [ 78.239922453240993, 28.102086795835099 ], [ 78.2383569376358, 28.099735596998201 ], [ 78.2340458102979, 28.098458016315401 ], [ 78.231775587013601, 28.099561252747701 ], [ 78.2237460102195, 28.108581197376999 ], [ 78.220838323544896, 28.108493691757001 ], [ 78.206761793111397, 28.093189702109399 ], [ 78.198395588834202, 28.086001209041001 ], [ 78.191440007251202, 28.0838601561899 ], [ 78.1847459935193, 28.0840117386612 ], [ 78.180273981507199, 28.0859980682391 ], [ 78.176949099248404, 28.085348706445799 ], [ 78.169062329431696, 28.0761037848591 ], [ 78.159927894906801, 28.0690873355666 ], [ 78.151497994686096, 28.0688098056585 ], [ 78.143786328976205, 28.0710931397354 ], [ 78.139613880856899, 28.074435629640799 ], [ 78.138135376968407, 28.077714956107201 ], [ 78.144419507402503, 28.0881531289671 ], [ 78.143351542581996, 28.094234146224601 ], [ 78.137575398661298, 28.103864816383901 ], [ 78.129055827710701, 28.1070736068271 ], [ 78.123859478034007, 28.114320983362799 ], [ 78.118146828834199, 28.113832549644499 ], [ 78.107903858875602, 28.10782409502 ], [ 78.101927681700701, 28.1074939066933 ], [ 78.099867074898, 28.110795207803701 ], [ 78.104673520707195, 28.120739070682902 ], [ 78.103110905761994, 28.123014881360199 ], [ 78.094408344394793, 28.1170985083597 ], [ 78.087981257863007, 28.118914760737098 ], [ 78.0823415779154, 28.1180778831243 ], [ 78.079948432760901, 28.122380833805401 ], [ 78.074177038233103, 28.126389085278099 ], [ 78.067064709616105, 28.1255979354255 ], [ 78.050014111500005, 28.129527758266502 ], [ 78.035928365250001, 28.120958082162499 ], [ 78.033629460555204, 28.1101746665429 ], [ 78.023568800090302, 28.102475434700601 ], [ 78.004508916822104, 28.089296318587099 ], [ 78.004798577687097, 28.077649457030901 ], [ 78.000081760387104, 28.073287799517999 ], [ 77.994312675427906, 28.074951613982801 ], [ 77.987154977397495, 28.080189383335199 ], [ 77.981954384079302, 28.079938509500199 ], [ 77.976472078189801, 28.0787894969943 ], [ 77.973606076039303, 28.077431125167202 ], [ 77.970766058556805, 28.0784795301734 ], [ 77.967752645563195, 28.081369432795601 ], [ 77.963877470632596, 28.082722046825602 ], [ 77.958630861114102, 28.079089586551799 ], [ 77.950843104506305, 28.0803881996207 ], [ 77.945184965976296, 28.077644803717099 ], [ 77.939232142303794, 28.076647788335499 ], [ 77.937297875460999, 28.0797667723781 ], [ 77.939498112798205, 28.088217069892401 ], [ 77.928135066749505, 28.096237473448301 ], [ 77.919513056415497, 28.093545797695398 ], [ 77.914346813775396, 28.100778339473202 ], [ 77.906425886418404, 28.1070305213841 ], [ 77.896673062431603, 28.1087993050383 ], [ 77.875118749858899, 28.123531719934501 ], [ 77.870070411998199, 28.1302146741263 ], [ 77.8665013892047, 28.1319401757852 ], [ 77.860785290474297, 28.131240375599699 ], [ 77.850839343972794, 28.1272065882726 ], [ 77.844530778464701, 28.133111967978401 ], [ 77.848097951626997, 28.140487593431899 ], [ 77.8524387206743, 28.144861971557098 ], [ 77.853827894294298, 28.148892906507299 ], [ 77.847889006186804, 28.157985248867 ], [ 77.852048109832594, 28.159113164163401 ], [ 77.850967178729306, 28.164199880069301 ], [ 77.845445639817996, 28.171622385288298 ], [ 77.842451935861703, 28.1703411539287 ], [ 77.837657777209003, 28.166184379004299 ], [ 77.836606916311595, 28.1641366013863 ], [ 77.833314947426402, 28.161864781441601 ], [ 77.829077177412998, 28.161542421151601 ], [ 77.825577372507098, 28.157125311437898 ], [ 77.820645807548502, 28.155866183517499 ], [ 77.817537518087804, 28.154002886019601 ], [ 77.809769782232806, 28.152971790118599 ], [ 77.812858235993701, 28.147699372573999 ], [ 77.814012778644596, 28.1398413307788 ], [ 77.807444785072306, 28.139824297527898 ], [ 77.800226274690402, 28.137585787306602 ], [ 77.795069090661698, 28.137825922651899 ], [ 77.790292379088498, 28.138764727040201 ], [ 77.785500044914102, 28.137094879543 ], [ 77.7769229611241, 28.126948952559999 ], [ 77.774058743926105, 28.128626863697701 ], [ 77.771657694495403, 28.132227227775001 ], [ 77.770316717287002, 28.1369485947511 ], [ 77.765323569222403, 28.144263378593301 ], [ 77.765934272698701, 28.151001860736699 ], [ 77.761484851519398, 28.1514342556051 ], [ 77.747159203884607, 28.1424834377551 ], [ 77.749713982908204, 28.1350029580015 ], [ 77.747254612154194, 28.1302535301806 ], [ 77.742846237695304, 28.126158960333601 ], [ 77.736293298988798, 28.1232924224546 ], [ 77.7363598991857, 28.1231243111514 ], [ 77.739307771096193, 28.1157048460848 ], [ 77.737494232437598, 28.110568344772101 ], [ 77.732707742702502, 28.106352998834399 ], [ 77.731237654231606, 28.103301158949201 ], [ 77.736870833969803, 28.088473208863999 ], [ 77.726732656980701, 28.0823963321326 ], [ 77.721856383327903, 28.082053816547301 ], [ 77.717469487587294, 28.0795201116998 ], [ 77.714215216503106, 28.078991477485602 ], [ 77.712563970178806, 28.080636827051599 ], [ 77.705927816934306, 28.081183101257 ], [ 77.700600568347596, 28.077998952741101 ], [ 77.697172635851004, 28.078907212391201 ], [ 77.690182522130002, 28.0861110696876 ], [ 77.684114147264296, 28.094790721465799 ], [ 77.675604697631996, 28.1033485177363 ], [ 77.673873553349594, 28.108472015016901 ], [ 77.665300426638396, 28.109266928961901 ], [ 77.662228142552607, 28.110937219505299 ], [ 77.658287794848206, 28.111950031027199 ], [ 77.653463405191303, 28.103837135488501 ], [ 77.6485020476063, 28.1017542609423 ], [ 77.646887240543194, 28.096970963303299 ], [ 77.644202231854507, 28.093774704850901 ], [ 77.641635815156405, 28.093713489385799 ], [ 77.634841827018207, 28.097558822014101 ], [ 77.632327234128795, 28.098086674592299 ], [ 77.623407911080093, 28.0972441911413 ], [ 77.619289204672697, 28.094485572291799 ], [ 77.614626447986495, 28.101327786254799 ], [ 77.608650586120305, 28.108381489600401 ], [ 77.602459824780198, 28.101221034786001 ], [ 77.597645906784507, 28.098506902685401 ], [ 77.595765621503801, 28.0966087256833 ], [ 77.592046119222104, 28.0960555159261 ], [ 77.583752744060007, 28.090994144584698 ], [ 77.576352933890803, 28.081190390495099 ], [ 77.572544359157206, 28.079366738789901 ], [ 77.554542186440401, 28.079460848156302 ], [ 77.549213367598597, 28.078751330074901 ], [ 77.538878548495504, 28.080766709544701 ], [ 77.525872128957602, 28.076690192450201 ], [ 77.518260212176799, 28.0798739145248 ], [ 77.507365458784093, 28.0761309806994 ], [ 77.500948579808906, 28.075738067033999 ], [ 77.496591847698895, 28.077662792407999 ], [ 77.491109641522399, 28.078343053753301 ], [ 77.479416891306499, 28.078074936776499 ], [ 77.481119570672504, 28.073090094033802 ], [ 77.486214371196198, 28.067650562062202 ], [ 77.492271353627601, 28.0550462589228 ], [ 77.492216425241196, 28.051976869643099 ], [ 77.486985653919405, 28.043432993281101 ], [ 77.488458374453998, 28.0384872408288 ], [ 77.499058106734495, 28.033644338746502 ], [ 77.504518628478394, 28.028618516565501 ], [ 77.506792922029305, 28.024962809430601 ], [ 77.511112719906293, 28.0217047805682 ], [ 77.515848401827299, 28.016658011766602 ], [ 77.518695038995105, 28.0120354008512 ], [ 77.521208792858005, 28.0045649516046 ], [ 77.529445755616905, 28.0008473530158 ], [ 77.544541130991206, 27.987621836150499 ], [ 77.541451051279694, 27.983153372240199 ], [ 77.535973401358206, 27.978323705438498 ], [ 77.522704983676107, 27.971749247751902 ], [ 77.518858371578403, 27.967635493765901 ], [ 77.519869735349403, 27.962510607251001 ], [ 77.5242920166273, 27.959787706821299 ], [ 77.538283985948297, 27.960549307781399 ], [ 77.545210083027101, 27.9598437108789 ], [ 77.5465941308601, 27.952065078275702 ], [ 77.545385257202497, 27.9435980653938 ], [ 77.540593442254306, 27.9361142459496 ], [ 77.528421643853704, 27.9261807323001 ], [ 77.522986917233098, 27.930639088766501 ], [ 77.520382826090298, 27.931723066768999 ], [ 77.515080894723198, 27.930443263500699 ], [ 77.506985741811803, 27.925721841099399 ], [ 77.504588608137297, 27.925075143764399 ], [ 77.501468813952798, 27.926116640358799 ], [ 77.499788297821596, 27.928264582291199 ], [ 77.497159805740694, 27.9357689562095 ], [ 77.493957438415293, 27.9382318752907 ], [ 77.486849839428203, 27.934529679227399 ], [ 77.477917395586502, 27.927238223208899 ], [ 77.477633898960903, 27.926210409038799 ], [ 77.479774397433403, 27.922220066267101 ], [ 77.480027345051099, 27.9149329172905 ], [ 77.481598520042596, 27.913526165949701 ], [ 77.483779982590306, 27.906385746584299 ], [ 77.481627911122104, 27.895529630161199 ], [ 77.478945860585597, 27.889049705451001 ], [ 77.467581574861796, 27.879629769154299 ], [ 77.454937595896695, 27.872753844736401 ], [ 77.451274985718598, 27.872823339579298 ], [ 77.439420812737794, 27.883186071385001 ], [ 77.431283828876801, 27.888831668659702 ], [ 77.423309020568993, 27.890870903536499 ], [ 77.421367755850099, 27.8905116661569 ], [ 77.420116496982402, 27.889382229529499 ], [ 77.416175063214794, 27.8834986351062 ], [ 77.413155437472696, 27.880967429501201 ], [ 77.410587874524296, 27.876262616321501 ], [ 77.413571308041895, 27.870184124216401 ], [ 77.414175726006107, 27.866103938810401 ], [ 77.415337468654002, 27.864024389631702 ], [ 77.422729714110204, 27.8569522186746 ], [ 77.423450788195495, 27.855043617198 ], [ 77.421421820057105, 27.853423090475399 ], [ 77.412788842191802, 27.852603789819 ], [ 77.401835789035403, 27.853315395229401 ], [ 77.391086683991205, 27.857468420366398 ], [ 77.382886859382793, 27.8580750171345 ], [ 77.379010156418005, 27.857511823248501 ], [ 77.373810919556007, 27.854971296201299 ], [ 77.361631197116196, 27.850829858191499 ], [ 77.353028305626296, 27.8533893272588 ], [ 77.348292086512799, 27.853985408113399 ], [ 77.341623208540895, 27.8492874074025 ], [ 77.340154558272801, 27.847085043764299 ], [ 77.338195537453998, 27.846393448605699 ], [ 77.332996721901793, 27.835278989467199 ] ], [ [ 77.237472814774407, 27.787558840097098 ], [ 77.236204762293212, 27.789617878827247 ], [ 77.236017093509005, 27.789394629674799 ], [ 77.235651030030795, 27.788729554587299 ], [ 77.235323144952105, 27.787459989951 ], [ 77.235216470012105, 27.787170908607301 ], [ 77.235186713318299, 27.786947391577598 ], [ 77.235209171200395, 27.7868127844336 ], [ 77.235356831775206, 27.786653838513899 ], [ 77.235703806053706, 27.7863796562564 ], [ 77.235526108061606, 27.7861452100096 ], [ 77.234986557444003, 27.7856172073949 ], [ 77.235560917778798, 27.7853842496407 ], [ 77.236202651759896, 27.785152781527 ], [ 77.236628314190384, 27.784999447411867 ], [ 77.237472814774407, 27.787558840097098 ] ], [ [ 77.212902150165476, 27.803065950041326 ], [ 77.212857402590302, 27.8030275239737 ], [ 77.212704688992005, 27.802940613418698 ], [ 77.212527833170498, 27.802921244771198 ], [ 77.212426772700994, 27.8029003862239 ], [ 77.212171875739102, 27.8027479200545 ], [ 77.212016074182003, 27.802504073065101 ], [ 77.211907995624401, 27.802147985948999 ], [ 77.211879642548297, 27.801992042269902 ], [ 77.211849885854505, 27.801768555715402 ], [ 77.212046673046402, 27.801542088871301 ], [ 77.213062892211596, 27.8007424982126 ], [ 77.213289436097298, 27.800739021718599 ], [ 77.213444114760307, 27.800915329486902 ], [ 77.213600477764402, 27.801181528842999 ], [ 77.213702099680901, 27.8012247365128 ], [ 77.213876428990801, 27.801132361473702 ], [ 77.213891424440575, 27.801123525627759 ], [ 77.212902150165476, 27.803065950041326 ] ], [ [ 77.158442227791795, 27.806940535023401 ], [ 77.161566541975603, 27.798733306057699 ], [ 77.1615899878786, 27.7992932872286 ], [ 77.161663818166005, 27.800477787710602 ], [ 77.161856394504994, 27.801302708930901 ], [ 77.162253899018296, 27.802302936134598 ], [ 77.162491391121506, 27.802858669117398 ], [ 77.162653649319694, 27.8034153925175 ], [ 77.162411946363505, 27.803933872761899 ], [ 77.161767405147202, 27.8044359619049 ], [ 77.161474329785804, 27.8048878898121 ], [ 77.161234311170801, 27.8054957547138 ], [ 77.160765222158304, 27.806283391595102 ], [ 77.15987532858, 27.807125153576401 ], [ 77.158714662146451, 27.807876324063539 ], [ 77.158442227791795, 27.806940535023401 ] ], [ [ 77.133336415861805, 27.7793664304006 ], [ 77.132983383892693, 27.779846148745793 ], [ 77.132725994905698, 27.7792422303168 ], [ 77.132781858887398, 27.778234836495201 ], [ 77.132823405969305, 27.777645198800499 ], [ 77.133012613626093, 27.777016314636501 ], [ 77.133332076998997, 27.776608481809401 ], [ 77.133526832830398, 27.776436401659677 ], [ 77.133336415861805, 27.7793664304006 ] ], [ [ 77.043993443293559, 27.811583977749503 ], [ 77.044693062126697, 27.8114570207842 ], [ 77.045121446227796, 27.811473408352398 ], [ 77.045655663098302, 27.8117559693654 ], [ 77.046221601727297, 27.8123965706971 ], [ 77.046586261588004, 27.813039651179601 ], [ 77.046647459316702, 27.813620654982401 ], [ 77.046788382526898, 27.8144236269167 ], [ 77.046795737589761, 27.814513699925847 ], [ 77.043993443293559, 27.811583977749503 ] ], [ [ 77.028307769784803, 27.774927497381402 ], [ 77.029211867524396, 27.772713616188401 ], [ 77.031326079495003, 27.7725502303905 ], [ 77.032654553052893, 27.771617811496501 ], [ 77.035305505710895, 27.772509637454601 ], [ 77.036967397969605, 27.774895892318501 ], [ 77.048009257676696, 27.769488906179198 ], [ 77.0554837906096, 27.762563759159999 ], [ 77.058660934140093, 27.755614431705101 ], [ 77.062790087954298, 27.756478432781901 ], [ 77.064583173770401, 27.758951236135299 ], [ 77.070389494796402, 27.7602532690663 ], [ 77.075930466063994, 27.7583212574085 ], [ 77.079274322538197, 27.753407637519501 ], [ 77.079372933766635, 27.751980822304695 ], [ 77.079384314058203, 27.752097456028899 ], [ 77.079505867345105, 27.753191545347502 ], [ 77.079751781154101, 27.754217057779201 ], [ 77.080225081019407, 27.755283799076 ], [ 77.0805880565389, 27.755837288113099 ], [ 77.081176453050006, 27.7563430772502 ], [ 77.081432472906002, 27.756563179254901 ], [ 77.081437806653, 27.756853832461999 ], [ 77.080228168978294, 27.7595104164986 ], [ 77.079625455567296, 27.760906500693402 ], [ 77.078980914351007, 27.762750695497001 ], [ 77.078789180182497, 27.763267879216201 ], [ 77.078544950714601, 27.7636519151046 ], [ 77.078271806723507, 27.763857594829101 ], [ 77.077449567515004, 27.764294787155301 ], [ 77.077250815258395, 27.764431906204901 ], [ 77.077180072929806, 27.7646793162269 ], [ 77.077579261784194, 27.765814016833598 ], [ 77.077659267989205, 27.766058939711598 ], [ 77.076613011406707, 27.766634233066402 ], [ 77.076486685819901, 27.7666133675575 ], [ 77.075030292165494, 27.7654722168452 ], [ 77.074364696684697, 27.764878038728799 ], [ 77.0742611097035, 27.764723035208402 ], [ 77.074678545587105, 27.764180024339598 ], [ 77.0739191884485, 27.763945033434801 ], [ 77.072888933106995, 27.765369875360701 ], [ 77.072295202848906, 27.765915861099302 ], [ 77.071675926749904, 27.7664394881607 ], [ 77.071122620679603, 27.7664702896741 ], [ 77.070744205366196, 27.766431042582902 ], [ 77.069802377935503, 27.765863696975099 ], [ 77.068112141583697, 27.764345461606801 ], [ 77.067651755000597, 27.7639495047253 ], [ 77.067321062686602, 27.763775621072401 ], [ 77.067092553736202, 27.7636673162568 ], [ 77.066716384211006, 27.763739850686498 ], [ 77.066241680727998, 27.7639261546509 ], [ 77.065788873680106, 27.7639326131826 ], [ 77.065466041624902, 27.763872995952202 ], [ 77.065107276958301, 27.7635426165421 ], [ 77.064457963441996, 27.762478440255901 ], [ 77.063838968066506, 27.761682536905099 ], [ 77.063582667486997, 27.761440088285902 ], [ 77.061243959789493, 27.760222371992501 ], [ 77.060941059104707, 27.7601821289939 ], [ 77.060692057336894, 27.760319750051199 ], [ 77.058302538681104, 27.761742652155299 ], [ 77.057232420598893, 27.762385038666 ], [ 77.057134167364694, 27.7625206696719 ], [ 77.057140343282299, 27.762856020334599 ], [ 77.057289407474698, 27.764084140162801 ], [ 77.057918228173605, 27.766737070159198 ], [ 77.058376088244998, 27.768318861313301 ], [ 77.058548733213698, 27.769044172432601 ], [ 77.058567260966399, 27.769121174356599 ], [ 77.058419319668005, 27.7692801458982 ], [ 77.057200979563902, 27.770081458289599 ], [ 77.054919820189298, 27.771229515542 ], [ 77.052501667733907, 27.772473437550001 ], [ 77.049587476807503, 27.774127672819901 ], [ 77.046468076983402, 27.775583180347699 ], [ 77.0425870742325, 27.778057001705701 ], [ 77.041990536739107, 27.778468306308099 ], [ 77.041510218785604, 27.778690847280298 ], [ 77.040892627027802, 27.778976473977 ], [ 77.039816052304502, 27.779305813045799 ], [ 77.038463245631306, 27.7796614782504 ], [ 77.037538261612198, 27.780010684715101 ], [ 77.037363370855303, 27.780080227831601 ], [ 77.037189322269001, 27.780194477140899 ], [ 77.037064400299798, 27.7802411703023 ], [ 77.036938636160002, 27.7802431572449 ], [ 77.036837575690598, 27.780222294345801 ], [ 77.035595374086796, 27.777064002662598 ], [ 77.0355678631812, 27.776929880035901 ], [ 77.0355153678818, 27.776819104556601 ], [ 77.035439853253195, 27.776820098059201 ], [ 77.035289385443093, 27.776844438868999 ], [ 77.034690602161504, 27.777143979409399 ], [ 77.031046249343305, 27.778399258905001 ], [ 77.030124269485441, 27.778687593676562 ], [ 77.028307769784803, 27.774927497381402 ] ], [ [ 77.079752819157406, 27.746484224564099 ], [ 77.081092984288802, 27.743658643086899 ], [ 77.086660832349779, 27.737770250958267 ], [ 77.086949251644597, 27.737871306914599 ], [ 77.086099782254095, 27.7401988976188 ], [ 77.084310450497497, 27.742779364370399 ], [ 77.083026982535301, 27.744934427157201 ], [ 77.083833781949906, 27.745626602215498 ], [ 77.081700844597194, 27.748062844550599 ], [ 77.079860701882296, 27.750049859696599 ], [ 77.079452636338559, 27.750827598234061 ], [ 77.079752819157406, 27.746484224564099 ] ], [ [ 77.049836438710727, 27.731905191208018 ], [ 77.049534700784605, 27.731260956486 ], [ 77.050757759289894, 27.730984291775421 ], [ 77.049836438710727, 27.731905191208018 ] ], [ [ 77.013498020043301, 27.733750638639801 ], [ 77.011858715922301, 27.733156768474402 ], [ 77.009473925099897, 27.7331275485746 ], [ 77.007007079344817, 27.734181709284353 ], [ 77.007936527212294, 27.7334351311804 ], [ 77.009968123372005, 27.731776301929902 ], [ 77.012319182904704, 27.730798286514101 ], [ 77.012477791696995, 27.731061675675502 ], [ 77.012947442156502, 27.731841900210799 ], [ 77.013824703176098, 27.7333695338585 ], [ 77.014813402618415, 27.735260551076671 ], [ 77.013498020043301, 27.733750638639801 ] ], [ [ 76.997578093646098, 27.728395887177399 ], [ 76.995898712985394, 27.723894716703199 ], [ 76.9912168446415, 27.713122565579301 ], [ 76.987517530199199, 27.700782068746499 ], [ 76.984476964727804, 27.687478741666499 ], [ 76.981505617143995, 27.675041249926501 ], [ 76.980641074022998, 27.667495633705201 ], [ 76.978677185233707, 27.6600804817589 ], [ 76.978782464233547, 27.654519709530742 ], [ 76.979921775008705, 27.653940181466702 ], [ 76.980653001853298, 27.653740200878499 ], [ 76.980540190521594, 27.653177779125201 ], [ 76.979830946350305, 27.6515751526888 ], [ 76.979024146935799, 27.649752027300899 ], [ 76.978456775493896, 27.647614515660202 ], [ 76.977703107835097, 27.643286884877099 ], [ 76.977754210241542, 27.643289695407574 ], [ 76.978456907546203, 27.647324082212201 ], [ 76.9790242497929, 27.649461634541101 ], [ 76.979831049207405, 27.651284837180299 ], [ 76.980540156834806, 27.652887201310001 ], [ 76.980653007692396, 27.653449664342901 ], [ 76.980653007692396, 27.653450161656501 ], [ 76.9809115540601, 27.655282746597099 ], [ 76.981152414845695, 27.658414729753101 ], [ 76.981736600503893, 27.6623989521024 ], [ 76.982081048270601, 27.667879258329101 ], [ 76.982635196511495, 27.6713171760527 ], [ 76.982646986899596, 27.671402202730999 ], [ 76.983036911877605, 27.6741722462172 ], [ 76.982993119007503, 27.6762878935867 ], [ 76.983493929778405, 27.6790518468326 ], [ 76.9843442413395, 27.6796047285283 ], [ 76.985565669402405, 27.681095307501899 ], [ 76.986672281543093, 27.684488561017801 ], [ 76.986834259017698, 27.685027494437801 ], [ 76.987130422337898, 27.686013377750101 ], [ 76.987433042299301, 27.688099463574201 ], [ 76.987830827536001, 27.689679910545301 ], [ 76.989060677304707, 27.689680407693899 ], [ 76.989617071333797, 27.693227505613802 ], [ 76.988201944037797, 27.6943525106349 ], [ 76.988281108072201, 27.695317430582801 ], [ 76.989524432570093, 27.698325977328601 ], [ 76.989567944716697, 27.698442300835001 ], [ 76.990409553848494, 27.700698654066201 ], [ 76.990818006579204, 27.701750012242702 ], [ 76.990465417830194, 27.702648753896899 ], [ 76.991059990258904, 27.707161239756001 ], [ 76.991663545840396, 27.711013456631299 ], [ 76.992728330175595, 27.7120736622553 ], [ 76.993551692278203, 27.7145046902533 ], [ 76.995084442731795, 27.717266681865201 ], [ 76.995176800771901, 27.717830304455099 ], [ 76.995294423929394, 27.719779601040599 ], [ 76.995602096914197, 27.720923715546199 ], [ 76.996002689386302, 27.7215330435676 ], [ 76.996219127225004, 27.723298385788599 ], [ 76.997062701421498, 27.726823020723899 ], [ 76.998033443375405, 27.728206105640101 ], [ 76.998684032050804, 27.729694939854607 ], [ 76.997578093646098, 27.728395887177399 ] ], [ [ 76.985277872990693, 27.634477848613201 ], [ 76.985256379899297, 27.630257667618199 ], [ 76.985144649240794, 27.6273024800388 ], [ 76.985028342564405, 27.624232528677901 ], [ 76.984597096430804, 27.621090505920801 ], [ 76.984391536740901, 27.619592722980101 ], [ 76.982309795274602, 27.619284124010299 ], [ 76.982135545465596, 27.619258381389098 ], [ 76.9800777494915, 27.618741783760701 ], [ 76.976972899680007, 27.6182995874168 ], [ 76.976463284521003, 27.618227168017999 ], [ 76.975573636182801, 27.6182268647581 ], [ 76.975213695621505, 27.6182267389968 ], [ 76.973376719917198, 27.618599276056599 ], [ 76.968855554787794, 27.618936997682798 ], [ 76.966272256948798, 27.6192369942029 ], [ 76.965061879511396, 27.619377535878002 ], [ 76.963943827325593, 27.619611348954301 ], [ 76.959918730760705, 27.620453025412001 ], [ 76.958011809533502, 27.620690372552801 ], [ 76.955953437739197, 27.620945443128502 ], [ 76.951164738148506, 27.620940694562101 ], [ 76.943339037601405, 27.6209039190339 ], [ 76.943293958343801, 27.6205910607015 ], [ 76.9432683967824, 27.620413675644102 ], [ 76.942936810644795, 27.6204594064757 ], [ 76.942532936177898, 27.620515106451599 ], [ 76.9421015373307, 27.619835206633901 ], [ 76.938730411597703, 27.6196137988813 ], [ 76.937753594337494, 27.619549400325699 ], [ 76.937786247963388, 27.619261131044983 ], [ 76.938730317723696, 27.619323164559699 ], [ 76.9421015265509, 27.619544537878198 ], [ 76.942532998610801, 27.620224574015001 ], [ 76.942936679041594, 27.620168857972502 ], [ 76.943268494249693, 27.620123091202 ], [ 76.943294040090507, 27.6203006860631 ], [ 76.943338955854699, 27.620613590593798 ], [ 76.951164685597007, 27.620650402832698 ], [ 76.955953548232003, 27.620654879996099 ], [ 76.958011813126703, 27.6203996813929 ], [ 76.959918768040794, 27.620162390929998 ], [ 76.963943781960694, 27.6193206772165 ], [ 76.9650619037659, 27.619086866703501 ], [ 76.966272383611297, 27.618946580155999 ], [ 76.968855601500195, 27.6186466051271 ], [ 76.973376653890995, 27.618308821316599 ], [ 76.975213708647004, 27.617936213224201 ], [ 76.975573596207695, 27.617936213224201 ], [ 76.976463209062501, 27.617936710699201 ], [ 76.976973002986298, 27.618009342015199 ], [ 76.980077805186994, 27.618451098571398 ], [ 76.982135508634698, 27.618967971378801 ], [ 76.982309837944499, 27.618993839828601 ], [ 76.984391402892001, 27.619302270875099 ], [ 76.984597173236693, 27.620800138974399 ], [ 76.985028364573097, 27.6239420634111 ], [ 76.985144584113002, 27.6270122672565 ], [ 76.985256312076402, 27.629966983555398 ], [ 76.985277927788005, 27.634187513195702 ], [ 76.985281577193803, 27.634903271025902 ], [ 76.985280331846468, 27.634960641351199 ], [ 76.985277872990693, 27.634477848613201 ] ], [ [ 76.937454689808106, 27.617279693186902 ], [ 76.937296151533502, 27.616839542944501 ], [ 76.937295987141894, 27.616839230129202 ], [ 76.936681476605401, 27.615663270438301 ], [ 76.936799885784907, 27.615599077946761 ], [ 76.937296101227901, 27.616548746842 ], [ 76.937296101227901, 27.616549244323298 ], [ 76.937454710020205, 27.616989016852202 ], [ 76.937877760374306, 27.618163559033501 ], [ 76.937856986833395, 27.618346629276399 ], [ 76.937852684349124, 27.618384627190885 ], [ 76.937454689808106, 27.617279693186902 ] ], [ [ 76.962042175615906, 27.6128393357703 ], [ 76.962065345839605, 27.612831905242846 ], [ 76.962094375369503, 27.613186219542399 ], [ 76.962070893665228, 27.613189110878032 ], [ 76.962042175615906, 27.6128393357703 ] ], [ [ 76.968101345444893, 27.611482073779499 ], [ 76.968077527513501, 27.611192779054001 ], [ 76.968041000217397, 27.610324300446301 ], [ 76.968006265060296, 27.609498289857701 ], [ 76.967189945300305, 27.606228252769899 ], [ 76.966410338787796, 27.605197918158598 ], [ 76.9660572802198, 27.6047317989979 ], [ 76.963357247207995, 27.606101180037001 ], [ 76.960225715636, 27.605998806894601 ], [ 76.956720054612802, 27.605793342287502 ], [ 76.955452720393097, 27.605548590646901 ], [ 76.954335637489507, 27.6053336927821 ], [ 76.952631003389499, 27.605662180542101 ], [ 76.950355298585293, 27.6061018120974 ], [ 76.947804270926298, 27.606708548636799 ], [ 76.945445490823005, 27.607269515247001 ], [ 76.943166567355107, 27.608122708004402 ], [ 76.943045554404804, 27.608041359952701 ], [ 76.942689833230403, 27.6078022357188 ], [ 76.941616147039895, 27.6079369842132 ], [ 76.940504518706803, 27.608076489626502 ], [ 76.939767251590197, 27.608170280411201 ], [ 76.938662854694996, 27.6073712272877 ], [ 76.937049776888799, 27.605333841643699 ], [ 76.936719363052504, 27.604007290255701 ], [ 76.936575456537298, 27.6037243228043 ], [ 76.9365633077214, 27.603700350951499 ], [ 76.936537542242405, 27.603649519111201 ], [ 76.936379888808403, 27.603337979135901 ], [ 76.936455766495641, 27.603197441982783 ], [ 76.936537586259902, 27.603359227726699 ], [ 76.936563412824299, 27.6034099769109 ], [ 76.936575483935897, 27.603433858871799 ], [ 76.936719495104896, 27.6037169592197 ], [ 76.937049906695293, 27.605043391530302 ], [ 76.938662944077393, 27.607080772226599 ], [ 76.939767310429801, 27.607879793239 ], [ 76.940504490409793, 27.607785761803498 ], [ 76.941616155573897, 27.6076464558247 ], [ 76.942689923062005, 27.607511627369401 ], [ 76.943045599769803, 27.607750935325399 ], [ 76.943166591609597, 27.607832031250101 ], [ 76.945445505196005, 27.606978779710399 ], [ 76.947804144263898, 27.6064180679376 ], [ 76.950355359670795, 27.6058110830148 ], [ 76.952630904574804, 27.6053717631411 ], [ 76.95433573855, 27.605043391530302 ], [ 76.955452737461101, 27.605258325786799 ], [ 76.956719923458806, 27.605502613978501 ], [ 76.960225598855004, 27.6057080942557 ], [ 76.9633573505143, 27.6058105854848 ], [ 76.966057349390098, 27.6044413743546 ], [ 76.966410218862706, 27.6049075648036 ], [ 76.967190068818695, 27.605937953092202 ], [ 76.968006132109593, 27.609207667698598 ], [ 76.968040941826899, 27.610034036298199 ], [ 76.968077435885306, 27.610902189250599 ], [ 76.968101297385005, 27.6111917378743 ], [ 76.968127966119994, 27.6115146185127 ], [ 76.968104261627516, 27.61151749043049 ], [ 76.968101345444893, 27.611482073779499 ] ], [ [ 76.944892187896798, 27.593076518053302 ], [ 76.944898618946638, 27.592817679711118 ], [ 76.945065966988494, 27.593644306476101 ], [ 76.945116216499699, 27.593893098813101 ], [ 76.945060760221324, 27.593909647107569 ], [ 76.944892187896798, 27.593076518053302 ] ], [ [ 76.946547685048998, 27.584671768934001 ], [ 76.944008293267899, 27.5811886981718 ], [ 76.942450231882901, 27.578804883829399 ], [ 76.941765108375293, 27.577631345891501 ], [ 76.941331515842194, 27.576888640318799 ], [ 76.941490112365202, 27.576869734883914 ], [ 76.941765219766395, 27.577340709311201 ], [ 76.9424501851705, 27.578514183473601 ], [ 76.944008200741393, 27.5808979197333 ], [ 76.946547625760203, 27.584381365983401 ], [ 76.947210975452805, 27.586012078442199 ], [ 76.947114626474246, 27.58606548867613 ], [ 76.946547685048998, 27.584671768934001 ] ], [ [ 76.961287605150204, 27.5766666425586 ], [ 76.961264690923997, 27.5766069007739 ], [ 76.961368343735003, 27.576586646415528 ], [ 76.961614057416099, 27.577226745290801 ], [ 76.961596091110394, 27.577410879238599 ], [ 76.961591479887289, 27.577458759310467 ], [ 76.961287605150204, 27.5766666425586 ] ], [ [ 76.962520191636401, 27.575903845463799 ], [ 76.962414085329996, 27.575606166896399 ], [ 76.961864107966903, 27.573712625228701 ], [ 76.961454318093899, 27.572301007265999 ], [ 76.960554155873595, 27.572331765606702 ], [ 76.959832489798501, 27.570902502951 ], [ 76.959918579843702, 27.570858185579699 ], [ 76.959948926699795, 27.570842564467895 ], [ 76.960554045380803, 27.572041008284 ], [ 76.961454325729605, 27.572010649601001 ], [ 76.961864182078003, 27.5734220706359 ], [ 76.962414119466004, 27.5753157152593 ], [ 76.962520232958894, 27.575613320561999 ], [ 76.962672665833693, 27.576040815729499 ], [ 76.962672665833693, 27.576041313394601 ], [ 76.962575932972157, 27.576060219387095 ], [ 76.962520191636401, 27.575903845463799 ] ], [ [ 76.960550780903006, 27.569890735149599 ], [ 76.960547108590205, 27.569692623688798 ], [ 76.960552342433573, 27.56969013289196 ], [ 76.960562467086604, 27.570235896256701 ], [ 76.960557231035224, 27.570238591298001 ], [ 76.960550780903006, 27.569890735149599 ] ], [ [ 76.962542581246495, 27.566765679421501 ], [ 76.962445698841506, 27.566522913515399 ], [ 76.961992731444298, 27.565387822983102 ], [ 76.961406763079395, 27.5639194072313 ], [ 76.961147308065804, 27.562994648963802 ], [ 76.961056516238301, 27.562671059215599 ], [ 76.960408982733796, 27.561274466117698 ], [ 76.959544776480996, 27.559411217726701 ], [ 76.958767468757202, 27.559440232412101 ], [ 76.957616201363805, 27.559868929408299 ], [ 76.956021518359606, 27.5604631423037 ], [ 76.954432405808603, 27.561265980780899 ], [ 76.952977582409304, 27.562000945498902 ], [ 76.950677035594197, 27.5627259882157 ], [ 76.950554903343203, 27.561615725038301 ], [ 76.950554761409293, 27.561615747336599 ], [ 76.950288658862604, 27.5616613505934 ], [ 76.948819662743105, 27.561913083192401 ], [ 76.948606824902797, 27.561603150373301 ], [ 76.948168051785501, 27.560963379143001 ], [ 76.947694511171605, 27.560272891603098 ], [ 76.947432853489005, 27.559890886441298 ], [ 76.947569226386918, 27.559799616924352 ], [ 76.947694381365096, 27.559982475835302 ], [ 76.948167961953899, 27.5606728361889 ], [ 76.948606732825496, 27.561312423558 ], [ 76.948819801981998, 27.561622510100801 ], [ 76.950288547471501, 27.561370658176202 ], [ 76.950554673374398, 27.561325364586899 ], [ 76.950554954097996, 27.561324866855099 ], [ 76.950677068831894, 27.562435301006801 ], [ 76.952977598129806, 27.561710110634699 ], [ 76.954432307443, 27.560975458537001 ], [ 76.956021483325401, 27.560172611564202 ], [ 76.957616273678198, 27.5595783118832 ], [ 76.958767520859496, 27.5591497571018 ], [ 76.959544844303807, 27.559120390336599 ], [ 76.9604089113177, 27.5609839200051 ], [ 76.961056540492805, 27.562380551042999 ], [ 76.961147214191797, 27.562704073160599 ], [ 76.961406883453606, 27.563628843432301 ], [ 76.961992753453004, 27.565097111766001 ], [ 76.962445560500896, 27.56623239324 ], [ 76.962542690841005, 27.566475275257101 ], [ 76.963145684975501, 27.568144079172502 ], [ 76.963056395972842, 27.568187579795268 ], [ 76.962542581246495, 27.566765679421501 ] ], [ [ 76.952957899423097, 27.5579206969098 ], [ 76.952924177565706, 27.557826707846399 ], [ 76.953017798826366, 27.557796886352222 ], [ 76.953204142015494, 27.558316036561202 ], [ 76.953112508251124, 27.558351643325111 ], [ 76.952957899423097, 27.5579206969098 ] ], [ [ 76.956266252680706, 27.552388101192999 ], [ 76.955539991723001, 27.5506845747461 ], [ 76.9555402845738, 27.550684375634098 ], [ 76.955540228878206, 27.550684241830801 ], [ 76.955636034162453, 27.550619282125322 ], [ 76.956266274240306, 27.552097525989499 ], [ 76.9573773779573, 27.554742663496199 ], [ 76.957266503032756, 27.554769318392598 ], [ 76.956266252680706, 27.552388101192999 ] ], [ [ 76.959111809175297, 27.546153796035998 ], [ 76.959112022974296, 27.546153240092199 ], [ 76.959180780241041, 27.545971899235646 ], [ 76.960122292597404, 27.547452701513901 ], [ 76.959987824707426, 27.547531759452909 ], [ 76.959111809175297, 27.546153796035998 ] ], [ [ 76.985268558359493, 27.546940733168601 ], [ 76.985193920037503, 27.5449018474146 ], [ 76.985199286976325, 27.544755851588828 ], [ 76.985268663911597, 27.5466502534669 ], [ 76.985274559105704, 27.546977804308298 ], [ 76.985269254682052, 27.546979463649141 ], [ 76.985268558359493, 27.546940733168601 ] ], [ [ 76.985819792465705, 27.542139988142999 ], [ 76.985735738901198, 27.541700379799501 ], [ 76.985639024481003, 27.541194545704599 ], [ 76.985639218517093, 27.5411943832151 ], [ 76.985686833014881, 27.54115414271126 ], [ 76.985735787859298, 27.5414098049967 ], [ 76.985819724193703, 27.5418493810493 ], [ 76.985864920681394, 27.542085347536698 ], [ 76.985822808793571, 27.542155763288648 ], [ 76.985819792465705, 27.542139988142999 ] ], [ [ 77.019095053371004, 27.5384828172715 ], [ 77.019067821566466, 27.538690468953167 ], [ 77.019033247482895, 27.5386622903644 ], [ 77.019065149268769, 27.538419533523349 ], [ 77.019095053371004, 27.5384828172715 ] ], [ [ 77.024176292028997, 27.541840969880099 ], [ 77.022904649489206, 27.542590239245399 ], [ 77.022057787218557, 27.543089120316971 ], [ 77.021997687920503, 27.542834562666101 ], [ 77.021997407196906, 27.5428340648504 ], [ 77.022904705633906, 27.542299409523601 ], [ 77.024044225341527, 27.541628052584421 ], [ 77.024176292028997, 27.541840969880099 ] ], [ [ 77.023249803780899, 27.5462672769969 ], [ 77.022182003352199, 27.546959399361899 ], [ 77.021651063688438, 27.547303532068948 ], [ 77.021638081083296, 27.547253085643 ], [ 77.021586989401499, 27.5470544650025 ], [ 77.022182123277204, 27.5466686720052 ], [ 77.023152108645121, 27.546039992047117 ], [ 77.023249803780899, 27.5462672769969 ] ], [ [ 77.0217217793641, 27.547868774292802 ], [ 77.016850688092205, 27.5497731332309 ], [ 77.016534457755895, 27.549618320636299 ], [ 77.012282511429007, 27.551923059758199 ], [ 77.007955870186095, 27.5540981868401 ], [ 77.007260835565901, 27.5544476544768 ], [ 77.007149263909398, 27.554510218891899 ], [ 77.0061006452068, 27.555098788713799 ], [ 77.005651439954093, 27.555350915453399 ], [ 77.004332328638, 27.556091278805599 ], [ 77.002720185079696, 27.5569972332333 ], [ 77.001148632795804, 27.557887412344499 ], [ 77.000896587821401, 27.558030361089902 ], [ 77.000795201426996, 27.557797384529099 ], [ 77.001148632346599, 27.557596791963299 ], [ 77.002720122646807, 27.556706813579002 ], [ 77.0043323178582, 27.555800402004401 ], [ 77.005651437708295, 27.555060234998599 ], [ 77.006100595350304, 27.5548083680203 ], [ 77.007149378444595, 27.554219514708201 ], [ 77.007260825684497, 27.554156796417899 ], [ 77.007955897135602, 27.553807365287501 ], [ 77.012282408122701, 27.5516326043833 ], [ 77.016534527375399, 27.549327878281101 ], [ 77.016850622066002, 27.549482689692201 ], [ 77.021653804405133, 27.547604706378426 ], [ 77.0217217793641, 27.547868774292802 ] ], [ [ 77.001565222017206, 27.560184456113301 ], [ 77.001498003779403, 27.561646065094902 ], [ 77.001165098914996, 27.562349882291301 ], [ 77.000743417150588, 27.563819653754503 ], [ 77.000702281939795, 27.563673140628701 ], [ 77.000702281939795, 27.563672642907498 ], [ 77.001165195034702, 27.562059018886 ], [ 77.001498133136806, 27.561355228494001 ], [ 77.001554918219909, 27.56011839336346 ], [ 77.001565222017206, 27.560184456113301 ] ], [ [ 77.019248468553599, 27.5639644242125 ], [ 77.019069342689306, 27.563535671537899 ], [ 77.019171616061541, 27.56348952776078 ], [ 77.019248562427506, 27.563673638349901 ], [ 77.019497564195305, 27.564269906734001 ], [ 77.019386480338085, 27.564294756965541 ], [ 77.019248468553599, 27.5639644242125 ] ], [ [ 77.020593638199401, 27.561980068760601 ], [ 77.020593267195196, 27.5619793528274 ], [ 77.020593161194, 27.561979151346701 ], [ 77.020715220195356, 27.561921931166548 ], [ 77.020962098832001, 27.562393989673001 ], [ 77.020993820590505, 27.562454712351101 ], [ 77.02086641835001, 27.562501651364062 ], [ 77.020593638199401, 27.561980068760601 ] ], [ [ 77.050493811801303, 27.560268748841601 ], [ 77.050357958682596, 27.559636999766902 ], [ 77.050211861176393, 27.5589575880153 ], [ 77.050241534449228, 27.55880504667812 ], [ 77.050358062887199, 27.5593463649037 ], [ 77.050493933073895, 27.559977996193702 ], [ 77.051269010729996, 27.5610516117267 ], [ 77.051148832881651, 27.56117554339372 ], [ 77.050493811801303, 27.560268748841601 ] ], [ [ 77.050718249586893, 27.552493065008299 ], [ 77.049443969593398, 27.550666672979698 ], [ 77.049370446978998, 27.550561353795398 ], [ 77.049119416366096, 27.550411222252901 ], [ 77.047581305665204, 27.549492056820899 ], [ 77.046136440090905, 27.550000577375599 ], [ 77.045817808557999, 27.550112718711802 ], [ 77.040627458729006, 27.552327826119502 ], [ 77.040324965430102, 27.5523994376594 ], [ 77.038936062203007, 27.552727414172399 ], [ 77.035593979003195, 27.554163951481598 ], [ 77.035223626069396, 27.552136208971302 ], [ 77.035101287205805, 27.551466026176399 ], [ 77.035149796315494, 27.551440815450004 ], [ 77.035223696138004, 27.551845652215899 ], [ 77.035593970469094, 27.5538730703712 ], [ 77.038935984049601, 27.552437007118201 ], [ 77.040325004057607, 27.5521089747836 ], [ 77.040627343295498, 27.552037295357 ], [ 77.045817921296504, 27.5498221789036 ], [ 77.0461365424989, 27.549709679662399 ], [ 77.047581426488705, 27.549201440503801 ], [ 77.049119510689195, 27.550120351113801 ], [ 77.049370477521705, 27.5502706813703 ], [ 77.049444027085599, 27.5503762110962 ], [ 77.050718231171402, 27.552202556186899 ], [ 77.051821755353203, 27.5539074161948 ], [ 77.051709469706893, 27.554024388878521 ], [ 77.050718249586893, 27.552493065008299 ] ], [ [ 77.0390874175486, 27.547527037774099 ], [ 77.039087642127399, 27.547526893612901 ], [ 77.039277667884591, 27.547402832525034 ], [ 77.039825316180895, 27.5478822975317 ], [ 77.039646241383608, 27.548016135363383 ], [ 77.0390874175486, 27.547527037774099 ] ], [ [ 77.068474131202194, 27.537034607789501 ], [ 77.066542880003794, 27.534934964430001 ], [ 77.064252403303001, 27.532412928357498 ], [ 77.064188903192203, 27.5323401750335 ], [ 77.063191936720202, 27.531197937869599 ], [ 77.061960089547497, 27.5297865468245 ], [ 77.060033223025997, 27.527592897441998 ], [ 77.059447325628, 27.527267725668899 ], [ 77.058610402108798, 27.527305672555599 ], [ 77.057738464954596, 27.527346211622 ], [ 77.056901968135094, 27.527417224457199 ], [ 77.055033298969306, 27.527575841901999 ], [ 77.0540367636887, 27.527660419350699 ], [ 77.052420847206093, 27.527440155069598 ], [ 77.050243685791898, 27.527143356019899 ], [ 77.049786369650505, 27.527266698031799 ], [ 77.049305585920493, 27.527396747420202 ], [ 77.047956469975702, 27.528051130455299 ], [ 77.045201602900605, 27.529387307088701 ], [ 77.044503894894206, 27.5295866957252 ], [ 77.043931489293399, 27.5297502776369 ], [ 77.042816617143799, 27.530236504413399 ], [ 77.041653883654106, 27.5307435910075 ], [ 77.040080942574704, 27.528982637833298 ], [ 77.039914699449994, 27.528830031221801 ], [ 77.0395328076564, 27.528479460042998 ], [ 77.038477417453194, 27.527810425844699 ], [ 77.0381816085184, 27.527622901962101 ], [ 77.037813545390307, 27.527952005562799 ], [ 77.036573003423896, 27.526446376095802 ], [ 77.036279988249603, 27.525952793227201 ], [ 77.0361376969053, 27.5257127101729 ], [ 77.0361375379034, 27.525712436132501 ], [ 77.036179526716182, 27.525492552769254 ], [ 77.036280058767403, 27.525662065259102 ], [ 77.036573134128801, 27.526155476565101 ], [ 77.037813651391502, 27.527661089304001 ], [ 77.038181679934496, 27.527331987222201 ], [ 77.038477281807602, 27.5275196900431 ], [ 77.039532802266507, 27.528188845502399 ], [ 77.039914586262199, 27.5285393538793 ], [ 77.040081055313294, 27.528691705183402 ], [ 77.041653949231105, 27.530452691695501 ], [ 77.042816706077005, 27.529945857077799 ], [ 77.043931459199896, 27.5294594330515 ], [ 77.044503854469994, 27.529296129518201 ], [ 77.045201733156304, 27.529096480661501 ], [ 77.047956473119797, 27.527760666139098 ], [ 77.049305630387096, 27.527105946795 ], [ 77.049786509787694, 27.526975998233301 ], [ 77.050243808412006, 27.526852522062999 ], [ 77.052420819358304, 27.5271492629481 ], [ 77.054036663975594, 27.527369826543499 ], [ 77.055033232493997, 27.5272851859384 ], [ 77.056902009008496, 27.5271263601567 ], [ 77.057738565116793, 27.5270556602051 ], [ 77.058610492389406, 27.527014833451801 ], [ 77.0594473292213, 27.526976994008301 ], [ 77.060033199220697, 27.5273021140646 ], [ 77.061960085505106, 27.529495778012301 ], [ 77.063191900338396, 27.530907247670399 ], [ 77.064189030303794, 27.532049354825801 ], [ 77.064252473820801, 27.5321220430225 ], [ 77.066542897071699, 27.534644194102501 ], [ 77.0684739942091, 27.536744117030299 ], [ 77.068681448895006, 27.537199144826701 ], [ 77.068680887447897, 27.5371996426679 ], [ 77.068583489322435, 27.537274685197414 ], [ 77.068474131202194, 27.537034607789501 ] ], [ [ 77.036633526517903, 27.522149799427901 ], [ 77.036591797078003, 27.5219265820541 ], [ 77.036451894354002, 27.521180037407898 ], [ 77.036180629189303, 27.5204327117393 ], [ 77.036208811656579, 27.520219305938387 ], [ 77.036451861565496, 27.520889155013698 ], [ 77.036591661881602, 27.521636025078099 ], [ 77.036633489687006, 27.521859089286998 ], [ 77.036757569485601, 27.522522304306499 ], [ 77.036726161567358, 27.522645342003589 ], [ 77.036633526517903, 27.522149799427901 ] ], [ [ 77.036473283240895, 27.5156690751848 ], [ 77.036381521232897, 27.514785051976698 ], [ 77.036381503266597, 27.5147848719206 ], [ 77.036409207635401, 27.514761987110148 ], [ 77.036473196553501, 27.515378092967001 ], [ 77.036509129164799, 27.515724160735299 ], [ 77.03650175356961, 27.515943355485948 ], [ 77.036473283240895, 27.5156690751848 ] ], [ [ 77.036584369807301, 27.513415593462799 ], [ 77.032420883281205, 27.513846310452902 ], [ 77.027195589886006, 27.5145139357831 ], [ 77.023168628418603, 27.5171913070788 ], [ 77.023168455942098, 27.517190991589199 ], [ 77.022992918847294, 27.516870435369199 ], [ 77.022601804949005, 27.5160287448827 ], [ 77.021755489543494, 27.5142063972147 ], [ 77.021667826548097, 27.514017060712401 ], [ 77.021645582465098, 27.513968754345399 ], [ 77.021541653674902, 27.513749178089 ], [ 77.020488506565002, 27.5115240079481 ], [ 77.020605257019938, 27.511479807467587 ], [ 77.021541792913794, 27.513458517446502 ], [ 77.021645660618503, 27.5136781126076 ], [ 77.021667837777102, 27.513726413525301 ], [ 77.021755423517305, 27.5139156334108 ], [ 77.022601804949005, 27.515738103011099 ], [ 77.022992852821105, 27.516579615668601 ], [ 77.023168585748607, 27.516900285070001 ], [ 77.023168585748607, 27.516900783003098 ], [ 77.027195564733205, 27.514223364003101 ], [ 77.032420952451503, 27.5135556174017 ], [ 77.036584363069906, 27.513124891306099 ], [ 77.036934706030706, 27.514037132323502 ], [ 77.036849960024554, 27.514107145198167 ], [ 77.036584369807301, 27.513415593462799 ] ], [ [ 77.021527863637004, 27.510338122625999 ], [ 77.02156354382565, 27.510180558959828 ], [ 77.021721175247094, 27.510766573793401 ], [ 77.02165032148271, 27.51079339353495 ], [ 77.021527863637004, 27.510338122625999 ] ], [ [ 77.021664870192495, 27.509322707985 ], [ 77.021553421605105, 27.508553123323502 ], [ 77.021482830193406, 27.508249481754799 ], [ 77.021369331650604, 27.507762731492299 ], [ 77.021112078407697, 27.507422428744999 ], [ 77.021096202481701, 27.507401430886599 ], [ 77.019809562568199, 27.505699399867499 ], [ 77.019973719416711, 27.505625666024276 ], [ 77.021096284677597, 27.507110484166599 ], [ 77.021112005194993, 27.507131897194501 ], [ 77.021369428668606, 27.507472015194899 ], [ 77.021482840973206, 27.5079585364807 ], [ 77.021553302578297, 27.5082622999591 ], [ 77.021664749818299, 27.5090321623303 ], [ 77.021700963153194, 27.509282640323299 ], [ 77.021687488423893, 27.509342894387601 ], [ 77.021675459053952, 27.509395959331663 ], [ 77.021664870192495, 27.509322707985 ] ], [ [ 77.0294709865681, 27.499645682996899 ], [ 77.029349364560105, 27.4994375348269 ], [ 77.029283900732096, 27.4993254979697 ], [ 77.029329414774296, 27.499257179375199 ], [ 77.029371946409697, 27.499194280716399 ], [ 77.029376535737995, 27.499193118242875 ], [ 77.029471109637299, 27.499354710193799 ], [ 77.029882931050295, 27.500023538999699 ], [ 77.029754356343716, 27.500105624234489 ], [ 77.0294709865681, 27.499645682996899 ] ], [ [ 77.038070830074204, 27.496734225474999 ], [ 77.038045730246793, 27.496584900129999 ], [ 77.037961483544507, 27.495955213758599 ], [ 77.037972761759221, 27.495747862186626 ], [ 77.0380458097477, 27.496293882581 ], [ 77.038070794141603, 27.496443290395401 ], [ 77.038167924481698, 27.4970209987031 ], [ 77.038179995593296, 27.497140524181301 ], [ 77.038190382363794, 27.497246104912499 ], [ 77.038161668307083, 27.497274665059763 ], [ 77.038070830074204, 27.496734225474999 ] ], [ [ 77.0453825424634, 27.485843034373602 ], [ 77.045377535254005, 27.485722125133499 ], [ 77.045220134246605, 27.485061341251399 ], [ 77.045252604259488, 27.484906426370969 ], [ 77.045377466083806, 27.485431391264999 ], [ 77.045382519107207, 27.4855524235501 ], [ 77.045410310736401, 27.4862228304236 ], [ 77.045398599350733, 27.486230927654592 ], [ 77.0453825424634, 27.485843034373602 ] ], [ [ 77.056592993491407, 27.475424452074002 ], [ 77.056584884399399, 27.475404213226 ], [ 77.056231629100395, 27.474522898409202 ], [ 77.0549585995618, 27.4712996479795 ], [ 77.054869996928701, 27.4710753024955 ], [ 77.054793678757207, 27.470907727927202 ], [ 77.054415798839599, 27.470078019246799 ], [ 77.052924552348898, 27.467440139663299 ], [ 77.052981753472807, 27.467350775865398 ], [ 77.053011783162134, 27.46730397918277 ], [ 77.054415921459693, 27.469787222570801 ], [ 77.054793775326004, 27.470616632961001 ], [ 77.054870132125203, 27.470784506857001 ], [ 77.054958560035999, 27.4710086704143 ], [ 77.056231641227697, 27.474232091943701 ], [ 77.056584791423703, 27.475113273597302 ], [ 77.056592932406005, 27.475133696604601 ], [ 77.056789438874404, 27.4759391570704 ], [ 77.056787193086194, 27.476003912448899 ], [ 77.056780925069191, 27.476195276385337 ], [ 77.056592993491407, 27.475424452074002 ] ], [ [ 77.060555019340299, 27.459160300657899 ], [ 77.060029430338901, 27.458618483155899 ], [ 77.059611554729997, 27.458187700770701 ], [ 77.059293451406404, 27.457794190073699 ], [ 77.059017261677397, 27.457452525268501 ], [ 77.058901219105607, 27.457066087238299 ], [ 77.058665506564907, 27.456741446839398 ], [ 77.058221559151505, 27.456130007855599 ], [ 77.058067401062203, 27.4557168396238 ], [ 77.058011807922497, 27.455567477010302 ], [ 77.058007910132503, 27.455357715039298 ], [ 77.058036478156922, 27.455343143614488 ], [ 77.058067292366104, 27.455425726861201 ], [ 77.058221690305501, 27.455839241343199 ], [ 77.058665514200598, 27.456450542441502 ], [ 77.058901321962693, 27.4567753726161 ], [ 77.059017260779001, 27.457161480858201 ], [ 77.059293492728898, 27.457503247799799 ], [ 77.059611552484199, 27.457896826493201 ], [ 77.0600295498148, 27.458327768641102 ], [ 77.060555064255993, 27.458869308582202 ], [ 77.060800416617994, 27.459193135243002 ], [ 77.060833822717598, 27.459237474511799 ], [ 77.060769817753595, 27.459338109639901 ], [ 77.060733406639201, 27.459395491774075 ], [ 77.060555019340299, 27.459160300657899 ] ], [ [ 77.064141744334705, 27.452023354538898 ], [ 77.064141478433399, 27.452022651441698 ], [ 77.064091232066303, 27.451890383778199 ], [ 77.063054410938406, 27.4491598453173 ], [ 77.062903973671098, 27.448683805583901 ], [ 77.062764865057702, 27.448243626977501 ], [ 77.061807356186307, 27.446017442553 ], [ 77.061444523049801, 27.446097379948601 ], [ 77.059765688564696, 27.4464679817189 ], [ 77.056893791669395, 27.447157350139801 ], [ 77.056041907607394, 27.4472022762018 ], [ 77.055639235086304, 27.446993352917801 ], [ 77.055208394092901, 27.446769816555701 ], [ 77.054496382212207, 27.445551158260798 ], [ 77.053085172918301, 27.443191215968898 ], [ 77.052904982550402, 27.442889873595199 ], [ 77.051736546555304, 27.441022910620301 ], [ 77.050734902555604, 27.439847135140401 ], [ 77.049641051881906, 27.438563081708999 ], [ 77.047445145322698, 27.439994360090001 ], [ 77.042652055665201, 27.442749491143498 ], [ 77.041083612450507, 27.4435235719241 ], [ 77.040845290303906, 27.443641338567801 ], [ 77.040627548560494, 27.443737917310401 ], [ 77.039261876664995, 27.444343638786201 ], [ 77.038038606606605, 27.444927807454398 ], [ 77.037985923110199, 27.445582429584999 ], [ 77.037861390560593, 27.447129842833 ], [ 77.037778280227201, 27.4479285157521 ], [ 77.037684721239756, 27.44882764592716 ], [ 77.037653358257998, 27.448839178732399 ], [ 77.037778280227201, 27.4476374151165 ], [ 77.037861374390999, 27.446838723348598 ], [ 77.037986015636605, 27.445291646426199 ], [ 77.038038510936005, 27.4446369348763 ], [ 77.039261904063594, 27.4440524744799 ], [ 77.040627624018995, 27.443447083848199 ], [ 77.040845184751902, 27.443350420345102 ], [ 77.041083519025705, 27.443232829577799 ], [ 77.042651921367096, 27.4424585211409 ], [ 77.047445275578397, 27.439703553433699 ], [ 77.049641095000993, 27.438271979483101 ], [ 77.050734793859405, 27.4395560618138 ], [ 77.051736415401194, 27.440732003032998 ], [ 77.052905067441202, 27.442599033114099 ], [ 77.053085291945095, 27.442900485502498 ], [ 77.054496489111699, 27.445260256235098 ], [ 77.055208403974405, 27.4464789863029 ], [ 77.055639314587197, 27.446702202779601 ], [ 77.056041872123899, 27.4469114678163 ], [ 77.056893868026194, 27.446866625341901 ], [ 77.059765669700099, 27.446177045439299 ], [ 77.061444396387301, 27.445806344635098 ], [ 77.061807371906795, 27.445726623869302 ], [ 77.062764919854999, 27.447952804596301 ], [ 77.062903878000498, 27.4483927539757 ], [ 77.063054345810599, 27.448869073182799 ], [ 77.064091338516704, 27.4515993988243 ], [ 77.064141588027894, 27.451731927509599 ], [ 77.064141868751406, 27.451732425737401 ], [ 77.064560988976197, 27.452332290423598 ], [ 77.064402455447834, 27.452396501803705 ], [ 77.064141744334705, 27.452023354538898 ] ], [ [ 77.051966952747506, 27.459853144838199 ], [ 77.051808390218497, 27.459975916605199 ], [ 77.051081707052504, 27.4605374301781 ], [ 77.048231800915303, 27.4624393004847 ], [ 77.047671568384999, 27.462815206138998 ], [ 77.047206568952902, 27.463127204467501 ], [ 77.046852014690103, 27.463364567310201 ], [ 77.045108227518398, 27.464263326852102 ], [ 77.043413154188002, 27.4649458057598 ], [ 77.042415528352606, 27.4653474632496 ], [ 77.040516139499005, 27.466182082362501 ], [ 77.039409071014205, 27.466668530242 ], [ 77.039239569699902, 27.4667278208723 ], [ 77.0387488182635, 27.466898623492099 ], [ 77.037742046680194, 27.467249010658101 ], [ 77.037371867121294, 27.4673778461264 ], [ 77.036937626004502, 27.4675630480439 ], [ 77.035310276663296, 27.468257097947699 ], [ 77.035111015062, 27.468276185581399 ], [ 77.034837111545301, 27.468183148081199 ], [ 77.034613633160504, 27.467866327576999 ], [ 77.034464558637396, 27.467654625872999 ], [ 77.034288113345994, 27.466930719294002 ], [ 77.034245613151597, 27.464616508159899 ], [ 77.034200271585902, 27.463146151108901 ], [ 77.034206022930405, 27.463044239535687 ], [ 77.034245655372402, 27.464325411721699 ], [ 77.034288044624802, 27.466639889604899 ], [ 77.034464619722897, 27.4673637144037 ], [ 77.034613683915296, 27.467575431013401 ], [ 77.034837139842296, 27.467892257933201 ], [ 77.035111126003898, 27.467985412844801 ], [ 77.035310158984103, 27.4679659848216 ], [ 77.036937513265897, 27.467272053439402 ], [ 77.037371792561103, 27.467086738648501 ], [ 77.037742066892307, 27.4669582136911 ], [ 77.038748741457596, 27.466607509168998 ], [ 77.039239446181497, 27.466437138103601 ], [ 77.039409003191395, 27.466377856881699 ], [ 77.040516176779093, 27.465891151862401 ], [ 77.042415552157905, 27.465056724234099 ], [ 77.043413243570399, 27.4646547022205 ], [ 77.045108252222093, 27.4639722079602 ], [ 77.046852106767403, 27.4630735010434 ], [ 77.047206660581097, 27.4628363687284 ], [ 77.047671538740602, 27.462524509066998 ], [ 77.048231862899101, 27.462148383221901 ], [ 77.051081768137905, 27.460246312606301 ], [ 77.051808280624002, 27.459684851754101 ], [ 77.051860966229583, 27.45964414216332 ], [ 77.051966952747506, 27.459853144838199 ] ], [ [ 77.033412184976996, 27.462227960597801 ], [ 77.033429054439793, 27.462209467342099 ], [ 77.033575586829144, 27.462049116512787 ], [ 77.034220670978499, 27.4624911310638 ], [ 77.034220670978499, 27.462491629243001 ], [ 77.034204908966132, 27.462771345527766 ], [ 77.033412184976996, 27.462227960597801 ] ], [ [ 77.033584107251102, 27.4607213212003 ], [ 77.0331514372877, 27.460060244697001 ], [ 77.032818697713196, 27.4595518471878 ], [ 77.032548263490199, 27.4588526002964 ], [ 77.032513924490104, 27.458763805850001 ], [ 77.031499148917703, 27.456755630143 ], [ 77.0310171919879, 27.455801394967999 ], [ 77.030872636889001, 27.455427050110099 ], [ 77.030483513657401, 27.454419372408001 ], [ 77.030046074538205, 27.4538030459792 ], [ 77.0289939551011, 27.453472721846499 ], [ 77.028713883751706, 27.453384993643802 ], [ 77.027350993040301, 27.4530431390058 ], [ 77.026685776199301, 27.4528762720036 ], [ 77.024630904241405, 27.452360803246101 ], [ 77.0239315280635, 27.4520451170714 ], [ 77.023277099989201, 27.451749718626498 ], [ 77.021540549645394, 27.451540427693299 ], [ 77.021025195150102, 27.451518759924099 ], [ 77.0203965864536, 27.4514931692954 ], [ 77.019790927017695, 27.451113890483501 ], [ 77.018729626798304, 27.451614356039698 ], [ 77.018124287162607, 27.451886551813701 ], [ 77.017469727035902, 27.452180871332899 ], [ 77.0172700405314, 27.452152176710999 ], [ 77.016916664858201, 27.451703801946501 ], [ 77.016348380728004, 27.451743801274901 ], [ 77.016060026013406, 27.451764098674399 ], [ 77.016028840100006, 27.451766295659301 ], [ 77.015348218050207, 27.451886899376898 ], [ 77.014988953920295, 27.4519505592353 ], [ 77.014317671654595, 27.451960269476999 ], [ 77.012731715783403, 27.451529706608198 ], [ 77.011106209785197, 27.450939505638399 ], [ 77.011097824012097, 27.450936832726399 ], [ 77.010084079705507, 27.450614551452801 ], [ 77.008949529061198, 27.451083779811398 ], [ 77.008159492209899, 27.451510547518701 ], [ 77.007133765275796, 27.452064619644901 ], [ 77.006011744333094, 27.452670693977701 ], [ 77.004909377630497, 27.4530206337216 ], [ 77.004730869807105, 27.453077299486601 ], [ 77.0032302664643, 27.453373844666999 ], [ 77.002112627503607, 27.453778082440301 ], [ 77.001853114099504, 27.453366463032999 ], [ 77.001804417326298, 27.453289222095002 ], [ 77.000699953057406, 27.453418306645801 ], [ 76.999996909058197, 27.453604152198 ], [ 76.999710977099895, 27.453715102808701 ], [ 76.998901427044004, 27.454029228170501 ], [ 76.9976717448111, 27.454491983535899 ], [ 76.997533236272403, 27.454544106417199 ], [ 76.996897088914096, 27.4548313410193 ], [ 76.994381086567998, 27.455967697956101 ], [ 76.992524943510503, 27.4568967520405 ], [ 76.992405887989193, 27.4569647860299 ], [ 76.992249560468593, 27.457054116796701 ], [ 76.992025203531398, 27.457165621923998 ], [ 76.990620908570193, 27.457449679538598 ], [ 76.989429330176804, 27.457571156266798 ], [ 76.988484707638094, 27.457666911343001 ], [ 76.987956756067504, 27.4576930370018 ], [ 76.987163457433397, 27.457732282472499 ], [ 76.987153427743195, 27.457735782631499 ], [ 76.986004881346801, 27.458136398252002 ], [ 76.985988147529696, 27.458142369464699 ], [ 76.983797468267099, 27.458924025590001 ], [ 76.981824890972405, 27.459627814744 ], [ 76.981824873006104, 27.4596282627184 ], [ 76.981776376557207, 27.460926618783802 ], [ 76.981671931235695, 27.463722887070301 ], [ 76.981098111686705, 27.463746557091898 ], [ 76.981097927532105, 27.4637472194634 ], [ 76.981045694091605, 27.4639379854944 ], [ 76.980885432848297, 27.464523256346499 ], [ 76.980783271044302, 27.464648739331299 ], [ 76.9807065971398, 27.4646793133827 ], [ 76.980662087414103, 27.464696515766502 ], [ 76.978778803556906, 27.464475113979901 ], [ 76.978191411362303, 27.464324817902 ], [ 76.976891009258694, 27.463990904971698 ], [ 76.976579555264905, 27.4639441612415 ], [ 76.976165872093404, 27.4638820745629 ], [ 76.9752264382238, 27.463895404075899 ], [ 76.975017121779402, 27.463867365308399 ], [ 76.974867361841802, 27.463788154177301 ], [ 76.974788755661095, 27.4637465778159 ], [ 76.972242480090003, 27.4614726622954 ], [ 76.967383095662797, 27.465138213269899 ], [ 76.967073835354896, 27.465414438303402 ], [ 76.966230791613597, 27.466167407688499 ], [ 76.964640639403882, 27.467588645040106 ], [ 76.964528529066001, 27.467398087245599 ], [ 76.966230836529405, 27.465876705109501 ], [ 76.967073849278805, 27.465123478676901 ], [ 76.967383206604794, 27.4648474936293 ], [ 76.972242530844795, 27.461181908277698 ], [ 76.974788693228206, 27.463455601830798 ], [ 76.974867295815599, 27.463497448511902 ], [ 76.975017202178606, 27.463576658257601 ], [ 76.975226341205698, 27.4636045560162 ], [ 76.976165922848196, 27.463591105312101 ], [ 76.976579428602406, 27.4636533770767 ], [ 76.976891031716605, 27.463700205420398 ], [ 76.978191343090401, 27.464033981337199 ], [ 76.9787788974309, 27.464184429255901 ], [ 76.980661990845206, 27.4644056172137 ], [ 76.980706625885901, 27.464388679412799 ], [ 76.980783263408597, 27.464357792828 ], [ 76.980885446772106, 27.464232253716801 ], [ 76.981045739905696, 27.463646900814801 ], [ 76.981097954481598, 27.463456100005601 ], [ 76.981098235205096, 27.463455601830798 ], [ 76.981672034092796, 27.463432187609399 ], [ 76.9817764632446, 27.460635896007201 ], [ 76.981824747691107, 27.459337611446401 ], [ 76.981825028414605, 27.4593371132529 ], [ 76.983797391910301, 27.458633163617499 ], [ 76.985988158309496, 27.457851490284899 ], [ 76.986005001721097, 27.4578455118825 ], [ 76.987153441667104, 27.4574449581777 ], [ 76.987163547714005, 27.457441470763499 ], [ 76.987956872399295, 27.457402112794799 ], [ 76.988484632628797, 27.457376206276098 ], [ 76.989429267294696, 27.457280053182402 ], [ 76.990620938663795, 27.457158989841599 ], [ 76.992025117742301, 27.456874515377599 ], [ 76.992249696563306, 27.456763415694098 ], [ 76.992405778843903, 27.456673738738001 ], [ 76.992524805619098, 27.456605982767101 ], [ 76.994380949574904, 27.455676824996601 ], [ 76.996897074540996, 27.454540402088 ], [ 76.997533194051599, 27.454253429786402 ], [ 76.997671871473599, 27.4542011170468 ], [ 76.998901440518694, 27.453738272774299 ], [ 76.999711047168503, 27.453424394498199 ], [ 76.999996823718305, 27.453313291338699 ], [ 77.000700036151599, 27.453127454862202 ], [ 77.001804402504007, 27.4529984154088 ], [ 77.001853248397595, 27.453075639810301 ], [ 77.002112636935905, 27.4534871702249 ], [ 77.003230197294002, 27.4530831131366 ], [ 77.004730945265607, 27.452786172581799 ], [ 77.0049094854283, 27.452729873359601 ], [ 77.006011605992498, 27.452379621800599 ], [ 77.007133657927099, 27.451773778640302 ], [ 77.008159421692099, 27.451219748100101 ], [ 77.008949658418601, 27.450792764031299 ], [ 77.010084062188398, 27.4503234284104 ], [ 77.011097754841799, 27.450645785468801 ], [ 77.011106176547599, 27.4506487748653 ], [ 77.012731846488293, 27.451238680844401 ], [ 77.014317653688295, 27.4516691507838 ], [ 77.014988863639601, 27.451659684449002 ], [ 77.015348189753297, 27.451595911225201 ], [ 77.016028944304495, 27.451475339873198 ], [ 77.016060104616002, 27.451473346957101 ], [ 77.016348407677498, 27.451452919565899 ], [ 77.016916592094702, 27.4514130612306 ], [ 77.017270023014206, 27.451861466672099 ], [ 77.017469617441407, 27.451889865622 ], [ 77.018124264704795, 27.451595412996699 ], [ 77.018729504627402, 27.451323379923501 ], [ 77.0197909202803, 27.4508231561842 ], [ 77.020396721650002, 27.4512023100433 ], [ 77.021025261625397, 27.451227719782299 ], [ 77.021540670019704, 27.451249641905299 ], [ 77.023277225753304, 27.4514588983149 ], [ 77.023931592293096, 27.451754347760101 ], [ 77.024630874596994, 27.452069725468299 ], [ 77.026685770809493, 27.452585388498498 ], [ 77.027351085566707, 27.452752293407201 ], [ 77.028713998286904, 27.453094074014199 ], [ 77.028993879642599, 27.453181760996301 ], [ 77.030046031419104, 27.4535120812176 ], [ 77.030483398673098, 27.454128377386699 ], [ 77.030872762203998, 27.455136265801301 ], [ 77.031017054096594, 27.455510422724799 ], [ 77.031499056391198, 27.456464492223201 ], [ 77.032513871938704, 27.4584727441759 ], [ 77.032548400932399, 27.458561921471901 ], [ 77.032818737688302, 27.459260889624101 ], [ 77.033151395066895, 27.459769544346099 ], [ 77.033583990020901, 27.460430642519999 ], [ 77.033908225693807, 27.461282541631 ], [ 77.033839718864826, 27.461393584345732 ], [ 77.033584107251102, 27.4607213212003 ] ], [ [ 76.969796573285507, 27.475863627145898 ], [ 76.969815212429396, 27.475910933277401 ], [ 76.969805104585802, 27.476073128534299 ], [ 76.969801677513004, 27.476128170940001 ], [ 76.969391821164606, 27.476568066869199 ], [ 76.9670445565649, 27.477670998472099 ], [ 76.966507602976804, 27.4779422875081 ], [ 76.965371415602107, 27.4785163184266 ], [ 76.959358889895896, 27.481247936467899 ], [ 76.959303250043803, 27.481273210972201 ], [ 76.955598227706204, 27.482966368004899 ], [ 76.955154226393901, 27.483313428670002 ], [ 76.955100371494296, 27.483355526814499 ], [ 76.954926143244904, 27.483492851527402 ], [ 76.954498018756894, 27.483543828250902 ], [ 76.954044391996305, 27.483550199741899 ], [ 76.954043873668397, 27.483550206914401 ], [ 76.953688331258704, 27.483307493886301 ], [ 76.953430807622993, 27.483131695198601 ], [ 76.953053947293299, 27.482884516794499 ], [ 76.952256089709095, 27.4823624462257 ], [ 76.952010459767706, 27.482259722610902 ], [ 76.951958826401807, 27.4822383812513 ], [ 76.949471735434798, 27.482880205353101 ], [ 76.946389353386905, 27.484114796862599 ], [ 76.943307297427495, 27.485371801493599 ], [ 76.943305713697697, 27.485372815177499 ], [ 76.942487656596001, 27.485896301147001 ], [ 76.941834930829103, 27.4863145250314 ], [ 76.939392993996194, 27.488229751136441 ], [ 76.939295975629193, 27.488015376751601 ], [ 76.941834839200894, 27.486023601466901 ], [ 76.942487521399499, 27.485605717559299 ], [ 76.943305830478593, 27.4850822397716 ], [ 76.943307234096295, 27.485080745540301 ], [ 76.946389297691397, 27.483824089831501 ], [ 76.949471642009996, 27.482589335675101 ], [ 76.951958852452904, 27.481947795981998 ], [ 76.952010505581796, 27.481968715813601 ], [ 76.952256138667295, 27.482071820639501 ], [ 76.953053954929004, 27.482593818470399 ], [ 76.953430685901196, 27.4828408700164 ], [ 76.953688390098407, 27.4830166946704 ], [ 76.954043786082707, 27.483259262499899 ], [ 76.954044347529702, 27.483259262499899 ], [ 76.954497996748202, 27.4832527873902 ], [ 76.954926100125803, 27.483201982670401 ], [ 76.955100429435603, 27.4830645109583 ], [ 76.955154328352606, 27.483022671707499 ], [ 76.955598152247703, 27.48267550493 ], [ 76.959303141347704, 27.480982490862601 ], [ 76.959359005329404, 27.480957087982102 ], [ 76.965371541815401, 27.478225496998402 ], [ 76.966507629926298, 27.477651674966499 ], [ 76.967044654032094, 27.477380204300601 ], [ 76.969391783435398, 27.476277378973801 ], [ 76.969790835956672, 27.475849135008726 ], [ 76.969796573285507, 27.475863627145898 ] ], [ [ 76.942086347717506, 27.495388180819099 ], [ 76.942013288633802, 27.495530403093198 ], [ 76.941817864635297, 27.495909462115598 ], [ 76.941771141460706, 27.495989730673699 ], [ 76.941719724588793, 27.496076608195899 ], [ 76.941646051955701, 27.4962039859927 ], [ 76.941392444974596, 27.496433888466399 ], [ 76.941097734679403, 27.496700597269101 ], [ 76.940536060352997, 27.497072812216999 ], [ 76.940474058632105, 27.4971138994939 ], [ 76.940351201440606, 27.497318582639299 ], [ 76.940319776575294, 27.4973840585353 ], [ 76.940253988455495, 27.497521653410299 ], [ 76.940207856372396, 27.497769579853301 ], [ 76.940160148644296, 27.497927605776301 ], [ 76.939789752591395, 27.498267980913699 ], [ 76.939713137077405, 27.4983382754573 ], [ 76.939152343998401, 27.4985835227269 ], [ 76.937959867289607, 27.4991050566239 ], [ 76.937947182179499, 27.499824931830499 ], [ 76.937903835772104, 27.5000078441292 ], [ 76.937827349615603, 27.500332990519599 ], [ 76.937423362859207, 27.502260504871899 ], [ 76.93677591431701, 27.502681924292045 ], [ 76.936686650452302, 27.502449316596799 ], [ 76.937423268985299, 27.5019697429627 ], [ 76.937827230139604, 27.5000419653501 ], [ 76.9379038676623, 27.499717262724001 ], [ 76.937947099085306, 27.4995339945613 ], [ 76.937959731644, 27.498814365264099 ], [ 76.939152245183706, 27.498292942342498 ], [ 76.939713130789201, 27.4980474195192 ], [ 76.939789768311897, 27.497977198895001 ], [ 76.9401600426431, 27.4976370515494 ], [ 76.940207765642498, 27.497478680977199 ], [ 76.940254085024407, 27.497230666227001 ], [ 76.940319774329495, 27.4970932120284 ], [ 76.940351215364501, 27.497027971026299 ], [ 76.940474172269006, 27.496823283356299 ], [ 76.940535931444799, 27.496781947357299 ], [ 76.941097659220901, 27.496409922667802 ], [ 76.941392418923499, 27.496142980482599 ], [ 76.941645912267703, 27.4959133897645 ], [ 76.941719742555094, 27.495785894495199 ], [ 76.941771114960403, 27.495698739441 ], [ 76.941817995789293, 27.495618556730101 ], [ 76.942013379363601, 27.495239555672899 ], [ 76.942081419201543, 27.495107239550748 ], [ 76.942086347717506, 27.495388180819099 ] ], [ [ 76.938062824102701, 27.5070139641448 ], [ 76.9367931794161, 27.507180537220499 ], [ 76.936790434164493, 27.507182212813898 ], [ 76.936386708818006, 27.507301577465601 ], [ 76.935663465301303, 27.507515401228801 ], [ 76.935655333751299, 27.507517808243701 ], [ 76.9346882838732, 27.508080929559899 ], [ 76.933305097524595, 27.509253263417399 ], [ 76.931188530171298, 27.512175389358202 ], [ 76.930242544888301, 27.513814597202799 ], [ 76.929716439355701, 27.514726754422998 ], [ 76.929663764842402, 27.514996537201501 ], [ 76.929633660500599, 27.515151428046899 ], [ 76.929633326465336, 27.515163603295086 ], [ 76.929625892319095, 27.5151470485558 ], [ 76.929626453766204, 27.515128624734899 ], [ 76.929629822448504, 27.514999159960201 ], [ 76.929631787513202, 27.514931937805599 ], [ 76.929633752577899, 27.514860732071099 ], [ 76.929663789995203, 27.514705871888001 ], [ 76.929716566018101, 27.514435986417599 ], [ 76.930242641906403, 27.5135237487079 ], [ 76.931188399466393, 27.511884490318899 ], [ 76.933305054854699, 27.508962446684102 ], [ 76.934688179668697, 27.507790221274099 ], [ 76.935655272216707, 27.507227010826199 ], [ 76.935663413198995, 27.507224520941602 ], [ 76.936386837726204, 27.507010888633399 ], [ 76.936790518156997, 27.506891373874399 ], [ 76.936793044668804, 27.506889879939099 ], [ 76.937980846103272, 27.506733819033307 ], [ 76.938062824102701, 27.5070139641448 ] ], [ [ 76.930507389793704, 27.517400814277401 ], [ 76.928864727770204, 27.5179326732597 ], [ 76.928360239296495, 27.518095693321101 ], [ 76.927250290812907, 27.518580589398098 ], [ 76.921803436936003, 27.519537740687699 ], [ 76.921196710301601, 27.5186529152469 ], [ 76.920873937535106, 27.5186604534357 ], [ 76.919860568724403, 27.518684110056601 ], [ 76.918175276250807, 27.519150575611999 ], [ 76.917378552340494, 27.5193710883321 ], [ 76.917043797844698, 27.519160641621699 ], [ 76.9167546912403, 27.518978889258602 ], [ 76.915758492827806, 27.519089115173902 ], [ 76.915099521973104, 27.519162017482198 ], [ 76.913220333535307, 27.519771913170501 ], [ 76.911237119289197, 27.5203145053515 ], [ 76.909966662525605, 27.520450940284899 ], [ 76.909158460840899, 27.520538352974398 ], [ 76.907608500463198, 27.520925461381001 ], [ 76.907074308296302, 27.521059093693101 ], [ 76.906541602433578, 27.521481387241209 ], [ 76.906427742277302, 27.521281013473399 ], [ 76.907074248558402, 27.520768161585799 ], [ 76.907608465428893, 27.52063472012 ], [ 76.909158340017498, 27.520247838537099 ], [ 76.909966543049705, 27.520160204939199 ], [ 76.911237097729696, 27.520023775221901 ], [ 76.9132204094429, 27.519481042188399 ], [ 76.915099572727897, 27.518871086729401 ], [ 76.915758430844093, 27.5187983897716 ], [ 76.916754718638899, 27.518688348394601 ], [ 76.917043863870902, 27.518870090880998 ], [ 76.917378486314306, 27.519080214696501 ], [ 76.918175179681896, 27.518859634472101 ], [ 76.919860643733699, 27.518393576380699 ], [ 76.920874055663603, 27.518369675912499 ], [ 76.921196606995295, 27.518362207015102 ], [ 76.921803531259101, 27.5192470188613 ], [ 76.927250409839701, 27.5182900076477 ], [ 76.928360109939106, 27.517805025840701 ], [ 76.928864850839403, 27.517641704997299 ], [ 76.930393327083607, 27.517146836076044 ], [ 76.930507389793704, 27.517400814277401 ] ], [ [ 76.9294802498096, 27.532147782200099 ], [ 76.929483747849304, 27.532167745353 ], [ 76.928434540750303, 27.532457139368901 ], [ 76.928177823801605, 27.532647773611199 ], [ 76.928104541935696, 27.532702195071799 ], [ 76.92806171610664, 27.533555093961205 ], [ 76.928052436954303, 27.533450336672001 ], [ 76.928104651530205, 27.532411301739899 ], [ 76.928177920370501, 27.532357034672 ], [ 76.928434501673607, 27.532166352927 ], [ 76.929435120191229, 27.531890525243384 ], [ 76.9294802498096, 27.532147782200099 ] ], [ [ 76.928308621202007, 27.536634491890101 ], [ 76.927902031127999, 27.537734487694699 ], [ 76.927878784525006, 27.537797442376299 ], [ 76.925344128662104, 27.5384282282144 ], [ 76.923066931756196, 27.5365487281138 ], [ 76.921508847015005, 27.535263914705901 ], [ 76.921002584368694, 27.535272107324602 ], [ 76.920552917381798, 27.5352802864012 ], [ 76.919055469820705, 27.534934527913801 ], [ 76.918686004422398, 27.5343899623035 ], [ 76.917875800392906, 27.5343782408302 ], [ 76.917209526234899, 27.533669898282501 ], [ 76.916972171573903, 27.533417779132002 ], [ 76.915865778622205, 27.532632068260401 ], [ 76.915014030205796, 27.5324659423773 ], [ 76.914655679662502, 27.532396471001 ], [ 76.912688833619299, 27.5324121015069 ], [ 76.911279417362707, 27.531206188145799 ], [ 76.910262188491203, 27.531117108708901 ], [ 76.910103678064303, 27.531168793048899 ], [ 76.9083188980713, 27.531750725718702 ], [ 76.907447601415996, 27.532667350332598 ], [ 76.907349662592196, 27.532817941054699 ], [ 76.907222160212299, 27.533013985017199 ], [ 76.906589285416601, 27.5330878411526 ], [ 76.906554935636706, 27.533091849521501 ], [ 76.906482677850207, 27.5331110493835 ], [ 76.903628864041593, 27.533869668673301 ], [ 76.90296696351831, 27.534342641411275 ], [ 76.902943121145498, 27.534069172647101 ], [ 76.903628928720195, 27.5335787840073 ], [ 76.906482764088494, 27.5328205442705 ], [ 76.9065549100347, 27.532801127688501 ], [ 76.906589158304897, 27.532797144799499 ], [ 76.907222189856697, 27.532723461326299 ], [ 76.907349638337607, 27.5325273037312 ], [ 76.907447610848294, 27.5323764513324 ], [ 76.908318976673897, 27.5314598816468 ], [ 76.910103816854104, 27.5308778733542 ], [ 76.910262144922896, 27.530826592749602 ], [ 76.911279486982195, 27.530915711454899 ], [ 76.912688719084102, 27.532121545158301 ], [ 76.9146557488328, 27.5321056135028 ], [ 76.915013952052306, 27.5321753144786 ], [ 76.915865667231103, 27.532341600913799 ], [ 76.916972279371706, 27.533127226238499 ], [ 76.917209490751404, 27.533379142929299 ], [ 76.917875928402907, 27.534087593294501 ], [ 76.918686096499698, 27.5340990439656 ], [ 76.919055528660294, 27.534643696249699 ], [ 76.920552907949499, 27.534989703382902 ], [ 76.921002627038604, 27.534981239912 ], [ 76.921508771556503, 27.534973274291801 ], [ 76.923067067850994, 27.5362582209357 ], [ 76.925344016372705, 27.538137571476401 ], [ 76.927878669091498, 27.537506810255799 ], [ 76.927901969144202, 27.537443584582601 ], [ 76.928287878477974, 27.536400244620879 ], [ 76.928308621202007, 27.536634491890101 ] ], [ [ 76.903134716075101, 27.536555915389901 ], [ 76.9023652461522, 27.536779372292902 ], [ 76.901297794269695, 27.537089354458601 ], [ 76.898376026503101, 27.537937346053599 ], [ 76.898071216449097, 27.536659955997902 ], [ 76.898136424120366, 27.536642694975111 ], [ 76.898376030096401, 27.537646703151498 ], [ 76.901297800557998, 27.536798879775201 ], [ 76.902365111404904, 27.5364887231419 ], [ 76.903109984125535, 27.536272334407869 ], [ 76.903134716075101, 27.536555915389901 ] ], [ [ 76.899261510251705, 27.535062713835501 ], [ 76.898572989315696, 27.533138372718 ], [ 76.897895847339299, 27.531383295306799 ], [ 76.897483191840493, 27.530314364512499 ], [ 76.896978807571401, 27.5292272384558 ], [ 76.896494984840899, 27.5281844020049 ], [ 76.896015645601906, 27.526577717780398 ], [ 76.895454730352, 27.525143343498801 ], [ 76.894807381900307, 27.523486963925599 ], [ 76.894697732638406, 27.523206403420598 ], [ 76.893521695997705, 27.523273737624699 ], [ 76.889606818226596, 27.523636193809299 ], [ 76.887694230426504, 27.520799296045599 ], [ 76.885718282652803, 27.518136268447201 ], [ 76.884570005751002, 27.51630733116 ], [ 76.882882310284103, 27.513617951743399 ], [ 76.882394631086001, 27.5126253226111 ], [ 76.881776928835393, 27.511366517831998 ], [ 76.8817002019303, 27.509123570231701 ], [ 76.881710019576133, 27.509120042830901 ], [ 76.881776847986998, 27.5110758070735 ], [ 76.882394720468298, 27.512334641471099 ], [ 76.882882337233497, 27.513327058908999 ], [ 76.884570047073495, 27.5160164502181 ], [ 76.885718206296104, 27.517845358084902 ], [ 76.887694219197598, 27.5205087472443 ], [ 76.889606788582199, 27.523345342608501 ], [ 76.8935217588798, 27.522982867938801 ], [ 76.894697709731403, 27.522915650664 ], [ 76.894807472630205, 27.5231964692281 ], [ 76.895454821081799, 27.524852487521802 ], [ 76.896015706687294, 27.526286919768499 ], [ 76.896494901746706, 27.527893601073401 ], [ 76.896978869105993, 27.528936661739301 ], [ 76.897483329282807, 27.530023525402701 ], [ 76.897895712142898, 27.531092455042302 ], [ 76.898573098011795, 27.532847428762899 ], [ 76.899261432098299, 27.534772142190299 ], [ 76.899616266635505, 27.535763859282099 ], [ 76.899582658882025, 27.535960782447855 ], [ 76.899261510251705, 27.535062713835501 ] ], [ [ 76.885602836562398, 27.505362579026698 ], [ 76.885560711863803, 27.5049107731204 ], [ 76.885560700185707, 27.504910654400302 ], [ 76.885586203554311, 27.504893414487213 ], [ 76.885602828926693, 27.505071745635799 ], [ 76.885666833890795, 27.5057584671077 ], [ 76.885641883951166, 27.505781382291818 ], [ 76.885602836562398, 27.505362579026698 ] ], [ [ 76.895983728459896, 27.4955047517645 ], [ 76.895801636358499, 27.495173425084101 ], [ 76.895633237276996, 27.494807825562201 ], [ 76.895550674017599, 27.494628571745999 ], [ 76.895586552449174, 27.494415568237624 ], [ 76.895633361244506, 27.494516910093999 ], [ 76.895801514636801, 27.494882466755001 ], [ 76.895983704205307, 27.495214156081101 ], [ 76.896008688599196, 27.4953899609792 ], [ 76.895997510866934, 27.495601708692625 ], [ 76.895983728459896, 27.4955047517645 ] ], [ [ 76.924351151608306, 27.492901388516099 ], [ 76.924252322553997, 27.492587485512502 ], [ 76.923275679566999, 27.490874959178701 ], [ 76.921918673719006, 27.488583839046701 ], [ 76.922042699900473, 27.488502315281629 ], [ 76.923275645431005, 27.4905843600406 ], [ 76.924252282578905, 27.492296650239201 ], [ 76.9243510972602, 27.492610417807398 ], [ 76.924578202592997, 27.493331581781302 ], [ 76.924493927883859, 27.493354881250312 ], [ 76.924351151608306, 27.492901388516099 ] ], [ [ 76.922012075152395, 27.485872430278601 ], [ 76.921716308438306, 27.484547379375499 ], [ 76.921623541215496, 27.4839926887343 ], [ 76.921510473864004, 27.483316571786201 ], [ 76.921444261739296, 27.483225116154198 ], [ 76.920449417088093, 27.481850915991199 ], [ 76.919570621296799, 27.4806376073081 ], [ 76.917536597440005, 27.481549510321798 ], [ 76.916818692611002, 27.481871354485399 ], [ 76.916725053124097, 27.481769527775299 ], [ 76.916302431715494, 27.481309948809599 ], [ 76.915992780640394, 27.481421501920899 ], [ 76.913699361058804, 27.48224769115 ], [ 76.913151200987599, 27.482372875021699 ], [ 76.911925965415406, 27.478978041732599 ], [ 76.911792615901405, 27.4776265175839 ], [ 76.911785738399601, 27.477488171004101 ], [ 76.911770612566798, 27.477177677383601 ], [ 76.911719044777897, 27.4761191291092 ], [ 76.911685834960196, 27.475433455706099 ], [ 76.911699447673868, 27.475421439945315 ], [ 76.9117191000243, 27.4758280766018 ], [ 76.911770472429595, 27.476887072388902 ], [ 76.911785631499995, 27.477197397071599 ], [ 76.911792649588193, 27.477335872330102 ], [ 76.911925993263196, 27.478687242244501 ], [ 76.913151070731899, 27.482082280543999 ], [ 76.913699323778701, 27.481956761624598 ], [ 76.915992834988501, 27.4811304251682 ], [ 76.916302473038002, 27.481019349933799 ], [ 76.916724961945107, 27.481478593002301 ], [ 76.916818723602901, 27.481580702101098 ], [ 76.9175365336596, 27.4812584355012 ], [ 76.919570656331004, 27.480346918993199 ], [ 76.920449320968302, 27.4815602802889 ], [ 76.921444205145505, 27.482934510377 ], [ 76.921510455897703, 27.483025660225898 ], [ 76.921623587478805, 27.4837020594804 ], [ 76.921716226242495, 27.484256424844201 ], [ 76.922012108839198, 27.485581809969599 ], [ 76.922527797957002, 27.487891856851402 ], [ 76.922527797957002, 27.4878923549158 ], [ 76.922471259692344, 27.48792952081817 ], [ 76.922012075152395, 27.485872430278601 ] ], [ [ 76.914512548393404, 27.472159326458002 ], [ 76.9134095474802, 27.470743059064901 ], [ 76.913134709715607, 27.470569859362499 ], [ 76.912831081844601, 27.470378670428499 ], [ 76.911632465150802, 27.4709949607835 ], [ 76.909580318681506, 27.472050069740199 ], [ 76.909210626907793, 27.4712421355771 ], [ 76.908733920630894, 27.470199376054399 ], [ 76.908449851778499, 27.469501666436901 ], [ 76.908083430770802, 27.468600459647 ], [ 76.907976975019693, 27.4675234210974 ], [ 76.907985930324799, 27.4674055285161 ], [ 76.907989493938388, 27.467358612154406 ], [ 76.908083449635399, 27.468309710880298 ], [ 76.908449793837207, 27.469210865849 ], [ 76.908733886045795, 27.469908272043799 ], [ 76.9092105545934, 27.470951384215201 ], [ 76.909580267477494, 27.471759365940098 ], [ 76.911632356454703, 27.470704306006802 ], [ 76.912831045911901, 27.470087604352099 ], [ 76.913134788767394, 27.470278891825799 ], [ 76.913409617099603, 27.470452245812101 ], [ 76.914512579834394, 27.4718684579633 ], [ 76.915019005075806, 27.473155636053502 ], [ 76.915018443628796, 27.473155636053502 ], [ 76.914964544711694, 27.4731800444711 ], [ 76.914921687967933, 27.47319910393006 ], [ 76.914512548393404, 27.472159326458002 ] ], [ [ 76.908056830756905, 27.465083059364801 ], [ 76.908022890608805, 27.463817735309298 ], [ 76.906435411194906, 27.462388964420299 ], [ 76.905100320646596, 27.462932718638601 ], [ 76.903500426515507, 27.4635850132385 ], [ 76.9033648662475, 27.463640278687102 ], [ 76.903200956945795, 27.4637071073188 ], [ 76.902736796540196, 27.463349836465401 ], [ 76.902480067015205, 27.463152227265098 ], [ 76.9022788560696, 27.463029328313599 ], [ 76.901946250344096, 27.462826171628901 ], [ 76.901715029379901, 27.462532363557401 ], [ 76.901518972069098, 27.4622824631162 ], [ 76.901369246267393, 27.461832375144201 ], [ 76.901240273345493, 27.461444678708201 ], [ 76.900835799702307, 27.460978639783299 ], [ 76.899554903616803, 27.459710957007001 ], [ 76.899448186455899, 27.4596053785578 ], [ 76.899448017572695, 27.459605204788399 ], [ 76.898780188430905, 27.459163312939701 ], [ 76.898591592526898, 27.4589552309479 ], [ 76.898376676883402, 27.458717798031 ], [ 76.898627573507312, 27.458704137666857 ], [ 76.898780271974204, 27.4588722977557 ], [ 76.899448113243295, 27.459314196350501 ], [ 76.899448113243295, 27.459314694543998 ], [ 76.899554788183195, 27.459420311532799 ], [ 76.900835729633698, 27.460687707506601 ], [ 76.901240252235098, 27.4611540099061 ], [ 76.901369385057194, 27.4615415973654 ], [ 76.901519010696703, 27.4619914561654 ], [ 76.901714955718006, 27.462241542987901 ], [ 76.901946271903697, 27.462535469006198 ], [ 76.902278929282303, 27.462738227684099 ], [ 76.902479927327093, 27.462861277609001 ], [ 76.902736789353696, 27.463059053921199 ], [ 76.903200825342694, 27.463416246009 ], [ 76.903364767881996, 27.463349490532401 ], [ 76.903500357345195, 27.4632941930548 ], [ 76.905100200721506, 27.462642079266601 ], [ 76.906435321812495, 27.462098066951899 ], [ 76.908022813353696, 27.463526840814101 ], [ 76.908056780900395, 27.464792196903201 ], [ 76.908084291805906, 27.465820910735399 ], [ 76.908078485406676, 27.465897131922805 ], [ 76.908056830756905, 27.465083059364801 ] ], [ [ 76.918653745022297, 27.463312933223602 ], [ 76.918770785262595, 27.463266458458758 ], [ 76.919520968266895, 27.464833046739599 ], [ 76.919377803928228, 27.464824610909119 ], [ 76.918653745022297, 27.463312933223602 ] ], [ [ 76.924656252716403, 27.459830129201801 ], [ 76.923762985964203, 27.459077599579299 ], [ 76.923545297221395, 27.458869881706399 ], [ 76.923539343187699, 27.4588641982909 ], [ 76.9235302234909, 27.458846026504698 ], [ 76.923471135904805, 27.4587274829663 ], [ 76.923531481766446, 27.458557450334006 ], [ 76.923539244822194, 27.458573380002001 ], [ 76.9235454207397, 27.4585788601681 ], [ 76.923762981472606, 27.458786608082502 ], [ 76.924656243733295, 27.459539379620601 ], [ 76.924970934806197, 27.459907045121799 ], [ 76.924971215529794, 27.459907045121799 ], [ 76.924953529947601, 27.460162616760002 ], [ 76.924947940069927, 27.460170861899826 ], [ 76.924656252716403, 27.459830129201801 ] ], [ [ 76.944942874438397, 27.445612542555999 ], [ 76.944804933634899, 27.445201136622401 ], [ 76.944765785953095, 27.444986253568199 ], [ 76.944658837925303, 27.444399223198602 ], [ 76.944451558859996, 27.443872684471899 ], [ 76.944451495079605, 27.4438722515807 ], [ 76.944430355924396, 27.443728748456198 ], [ 76.944376760637894, 27.443363521941901 ], [ 76.944407321326139, 27.443280351861915 ], [ 76.944430408925001, 27.443437616807799 ], [ 76.944451463189395, 27.4435811171221 ], [ 76.944451463189395, 27.443581615386801 ], [ 76.944658917875401, 27.4441082798688 ], [ 76.944765873538898, 27.444695231267801 ], [ 76.944804894108998, 27.444909980957 ], [ 76.944943010083904, 27.445321541837998 ], [ 76.945524669230394, 27.447056458358901 ], [ 76.945502353501425, 27.447281155094281 ], [ 76.944942874438397, 27.445612542555999 ] ], [ [ 76.948388557645004, 27.435827554081801 ], [ 76.948435705416642, 27.435815491059039 ], [ 76.948609259337303, 27.4368423801414 ], [ 76.948590962109989, 27.43702425827966 ], [ 76.948388557645004, 27.435827554081801 ] ], [ [ 76.959609730065907, 27.431019464293101 ], [ 76.959519429616904, 27.430735702196799 ], [ 76.958405651615294, 27.428277125449402 ], [ 76.958339841935896, 27.428131878207399 ], [ 76.958372444492497, 27.4279734874852 ], [ 76.958393585496282, 27.427959559102817 ], [ 76.958405668234093, 27.4279863245972 ], [ 76.959519298462894, 27.430444584109502 ], [ 76.959609691438402, 27.430728628406801 ], [ 76.9596692048259, 27.4309154992564 ], [ 76.959614552681202, 27.431034635533706 ], [ 76.959609730065907, 27.431019464293101 ] ], [ [ 76.959208520900404, 27.427172050866901 ], [ 76.959061941897204, 27.426889824134001 ], [ 76.958936365505394, 27.4263498327355 ], [ 76.958908764768296, 27.426230891484199 ], [ 76.95897427889112, 27.426222157263421 ], [ 76.959061999838596, 27.426598951055901 ], [ 76.959208537519302, 27.426881011887499 ], [ 76.959248400259995, 27.427133171667499 ], [ 76.959212818915034, 27.427199269263927 ], [ 76.959208520900404, 27.427172050866901 ] ], [ [ 76.960110235409601, 27.424397514663699 ], [ 76.9600270226682, 27.423372307264898 ], [ 76.959984938393802, 27.422993854355099 ], [ 76.958445552983605, 27.420538396040801 ], [ 76.958445393981705, 27.420538140876001 ], [ 76.958579029937951, 27.420460335407629 ], [ 76.959985018793006, 27.422702849812801 ], [ 76.960027127321993, 27.423081103579701 ], [ 76.960110221485706, 27.424106717945701 ], [ 76.960162716785106, 27.424753079346001 ], [ 76.960162716785106, 27.4247535776957 ], [ 76.960139286083461, 27.424755394377996 ], [ 76.960110235409601, 27.424397514663699 ] ], [ [ 76.990621967683893, 27.427985186798601 ], [ 76.990401648673995, 27.427546545816099 ], [ 76.990501580580997, 27.427454540185355 ], [ 76.9906220615579, 27.4276942998622 ], [ 76.990769722132697, 27.4280396464364 ], [ 76.99068819850217, 27.428139816388722 ], [ 76.990621967683893, 27.427985186798601 ] ], [ [ 77.010168395578106, 27.416483405036502 ], [ 77.009572905969506, 27.415650964869801 ], [ 77.009012818966198, 27.4146537124067 ], [ 77.008635812211196, 27.4139824294029 ], [ 77.008318931494699, 27.412889412683999 ], [ 77.008297157230501, 27.4128142399003 ], [ 77.007573750220502, 27.409929864451399 ], [ 77.00759357422254, 27.409717319556012 ], [ 77.008297256943493, 27.412523399924002 ], [ 77.008318872655096, 27.4125981606254 ], [ 77.008635809516207, 27.413691654702301 ], [ 77.009012821211996, 27.414362498491901 ], [ 77.009572864646998, 27.415359785481101 ], [ 77.010168279246201, 27.4161925954533 ], [ 77.010213475734005, 27.416386468328 ], [ 77.010246881833595, 27.416531000583898 ], [ 77.010190524554119, 27.416578601952605 ], [ 77.010168395578106, 27.416483405036502 ] ], [ [ 77.007563806768502, 27.408338519015299 ], [ 77.006950052613604, 27.407427358413901 ], [ 77.006883130819901, 27.4073280037587 ], [ 77.006580323110697, 27.406544067394901 ], [ 77.006579020553502, 27.406539705119599 ], [ 77.006670846713646, 27.406487028836846 ], [ 77.006883252541598, 27.407036823168198 ], [ 77.006950064740906, 27.4071365090422 ], [ 77.007563726369298, 27.408047633762799 ], [ 77.007702965238394, 27.4082539815346 ], [ 77.007679116283754, 27.408509699513218 ], [ 77.007563806768502, 27.408338519015299 ] ], [ [ 77.011393475741698, 27.4028114119638 ], [ 77.0109599083614, 27.401600439082699 ], [ 77.010858428378697, 27.400729000681899 ], [ 77.010756108471199, 27.399848394875502 ], [ 77.010721886252199, 27.3992857789687 ], [ 77.0107049341444, 27.399005352026499 ], [ 77.010704131050602, 27.398992103203099 ], [ 77.010302468235906, 27.396831501287501 ], [ 77.010353451511762, 27.396814656558995 ], [ 77.010704180457907, 27.398701270711701 ], [ 77.0107050226285, 27.398714230857902 ], [ 77.0107218660401, 27.3989948674954 ], [ 77.010756114310297, 27.3995571355598 ], [ 77.010858297673806, 27.400437916751802 ], [ 77.010959919590405, 27.401309220272601 ], [ 77.011393356715004, 27.402520460323501 ], [ 77.011685870629293, 27.403336918349801 ], [ 77.011597034721262, 27.403379951453612 ], [ 77.011393475741698, 27.4028114119638 ] ], [ [ 77.024033519187597, 27.399008805397699 ], [ 77.023679974873318, 27.399236449674891 ], [ 77.0236213927965, 27.398983402780001 ], [ 77.023936135670326, 27.398780487740044 ], [ 77.024033519187597, 27.399008805397699 ] ], [ [ 77.034394689471299, 27.401811334418301 ], [ 77.033497150331598, 27.400319547345699 ], [ 77.033094552370699, 27.399590477567401 ], [ 77.031968333600702, 27.397550928469499 ], [ 77.031498804862906, 27.396653035705999 ], [ 77.0314169413911, 27.3964972110685 ], [ 77.030596811875995, 27.394935425739298 ], [ 77.030050128635096, 27.393301785342 ], [ 77.029606574683797, 27.391852629851101 ], [ 77.029110881615097, 27.389531118328001 ], [ 77.029167083057104, 27.38950285920513 ], [ 77.029606699100498, 27.3915614946327 ], [ 77.030050242271997, 27.393010622833302 ], [ 77.030596810977698, 27.394644171823401 ], [ 77.031416804398006, 27.396205915805901 ], [ 77.0314987756677, 27.396361939447399 ], [ 77.031968426127094, 27.397259694205101 ], [ 77.033094688914602, 27.399299429718699 ], [ 77.033497246451304, 27.400028680862601 ], [ 77.034394719564801, 27.401520066717101 ], [ 77.034407071399997, 27.4018360864033 ], [ 77.034412405146995, 27.4019801392411 ], [ 77.0344013769854, 27.401983177891609 ], [ 77.034394689471299, 27.401811334418301 ] ], [ [ 77.154405939116799, 27.349836210302701 ], [ 77.154404402099303, 27.349411291955001 ], [ 77.154405461952223, 27.349411238066857 ], [ 77.154405992117404, 27.349544974908198 ], [ 77.154412729482004, 27.3514479545155 ], [ 77.154411770084806, 27.351448066639318 ], [ 77.154405939116799, 27.349836210302701 ] ], [ [ 77.209799401268398, 27.3522497454356 ], [ 77.209805189370911, 27.352246441239213 ], [ 77.2098379403416, 27.353897942749001 ], [ 77.209832266923584, 27.353905021396148 ], [ 77.209799401268398, 27.3522497454356 ] ], [ [ 77.210878964237494, 27.348750604100101 ], [ 77.210708119043503, 27.348264329423301 ], [ 77.210678004820295, 27.347853992511698 ], [ 77.210645851421305, 27.347415849062902 ], [ 77.210645800217307, 27.347415156470699 ], [ 77.210620983359306, 27.347310306110401 ], [ 77.210588544296101, 27.347173234092502 ], [ 77.210447921123205, 27.3465790366193 ], [ 77.209317006859195, 27.343030113283302 ], [ 77.209004855772704, 27.3419029689788 ], [ 77.208450125423497, 27.3413457646441 ], [ 77.208087133285204, 27.340906069750702 ], [ 77.207224245759207, 27.339861867383501 ], [ 77.206103011740694, 27.338609428713401 ], [ 77.205207821695495, 27.337579319519499 ], [ 77.204563535600698, 27.3368379151309 ], [ 77.2045507328112, 27.336814977606899 ], [ 77.204206780465299, 27.336197222750801 ], [ 77.204231321437987, 27.335949869302699 ], [ 77.204550793447495, 27.336523947384102 ], [ 77.204563426006203, 27.336546889756299 ], [ 77.205207686498994, 27.337288025572999 ], [ 77.206102913824296, 27.338318425546099 ], [ 77.207224123588304, 27.3395707525967 ], [ 77.208087067708107, 27.340615095755201 ], [ 77.2084500432276, 27.341054475011799 ], [ 77.209004752915604, 27.341611551541799 ], [ 77.209316917476798, 27.342739161622202 ], [ 77.210447952564195, 27.3462879913451 ], [ 77.210588595050893, 27.3468819454176 ], [ 77.210620878256407, 27.3470190880129 ], [ 77.210645862650196, 27.347123814971301 ], [ 77.210645862650196, 27.347124812370399 ], [ 77.210677865132197, 27.347562669720499 ], [ 77.210708183273098, 27.347973097077499 ], [ 77.210878863177101, 27.3484593243601 ], [ 77.211668538456493, 27.3507064147249 ], [ 77.211587142130384, 27.350766250589835 ], [ 77.210878964237494, 27.348750604100101 ] ], [ [ 77.204236711432301, 27.3342792395343 ], [ 77.203240895702194, 27.3327121431625 ], [ 77.202369169652101, 27.331641265233099 ], [ 77.201113997723098, 27.330100416677801 ], [ 77.199995444277405, 27.3294387972844 ], [ 77.199047296749498, 27.329146449270201 ], [ 77.198427407101207, 27.329064250218799 ], [ 77.197411693687499, 27.328930311123202 ], [ 77.196450356196394, 27.328974602906101 ], [ 77.195329564149006, 27.329026228747601 ], [ 77.1950899493267, 27.3288201777324 ], [ 77.194662123977693, 27.328260625986701 ], [ 77.193910391290103, 27.327462975002099 ], [ 77.1937089342061, 27.327249204616599 ], [ 77.192432004182606, 27.326816475183598 ], [ 77.191427970664293, 27.3265980324651 ], [ 77.190976065075702, 27.326500099215 ], [ 77.190740619334704, 27.3264946404312 ], [ 77.190105764652102, 27.326481001451 ], [ 77.189633613731999, 27.3265475547101 ], [ 77.188746636085099, 27.326672582281201 ], [ 77.188298688473694, 27.326736092399301 ], [ 77.1876787018073, 27.326980163887001 ], [ 77.186931923328501, 27.3272741424678 ], [ 77.186777292725395, 27.327298931873798 ], [ 77.186588681550006, 27.3273285447601 ], [ 77.186524660416296, 27.327061944701999 ], [ 77.186410709122498, 27.326587430143299 ], [ 77.186054156108199, 27.325501351178701 ], [ 77.183286954265895, 27.325771031560699 ], [ 77.181247059020393, 27.326174875736601 ], [ 77.178000743416405, 27.325586709255699 ], [ 77.176456726292599, 27.325400528724 ], [ 77.176344983956, 27.325401461674499 ], [ 77.174228170464303, 27.3254194271552 ], [ 77.1731331825235, 27.3240940934386 ], [ 77.1702695339591, 27.3217697124335 ], [ 77.168405018603195, 27.320221011339399 ], [ 77.168261798400806, 27.320102050141099 ], [ 77.167186208680207, 27.318825992056201 ], [ 77.165478786209505, 27.3167497816879 ], [ 77.1643214884256, 27.317367681615199 ], [ 77.164295059989996, 27.317381814164399 ], [ 77.164272530242698, 27.317397222927099 ], [ 77.163266753992701, 27.318085083999499 ], [ 77.162022903531195, 27.318383158200501 ], [ 77.161823668879194, 27.318430780784901 ], [ 77.159855273242201, 27.3187838495564 ], [ 77.155343566474301, 27.3192821870636 ], [ 77.155191778140804, 27.3193025814154 ], [ 77.154696608789905, 27.319366785329301 ], [ 77.1525058917981, 27.319650244957401 ], [ 77.150986336697699, 27.3197868585757 ], [ 77.150747898668499, 27.319827893707799 ], [ 77.149541419021105, 27.320035516957098 ], [ 77.149030060232207, 27.3202484632302 ], [ 77.148049315537506, 27.320656865570101 ], [ 77.147994853376801, 27.320456035411301 ], [ 77.147903004232305, 27.320117323644599 ], [ 77.1473942927785, 27.318168225796899 ], [ 77.146483768491294, 27.316116630605201 ], [ 77.146399783198802, 27.315927389256899 ], [ 77.1463940187096, 27.315905983834199 ], [ 77.1462827677516, 27.315491523625301 ], [ 77.144959220554696, 27.313587381522002 ], [ 77.144603072680496, 27.313094243214799 ], [ 77.144516138218904, 27.312973746685401 ], [ 77.144196340672707, 27.312531945444402 ], [ 77.14422942205141, 27.312286427835414 ], [ 77.144516102286303, 27.312682261985099 ], [ 77.144603126579398, 27.3128029847121 ], [ 77.144959084010694, 27.313296350194001 ], [ 77.146282695437193, 27.3152004509998 ], [ 77.146394142677096, 27.315614490076801 ], [ 77.146399757147606, 27.315635940252001 ], [ 77.146483693481997, 27.315825499759001 ], [ 77.147394360601297, 27.317877211275199 ], [ 77.147903031630904, 27.319826127477501 ], [ 77.147994828224, 27.320164827363602 ], [ 77.148049288588098, 27.320365851990999 ], [ 77.149030136589005, 27.319957317688601 ], [ 77.149541334130305, 27.3197443205752 ], [ 77.150747883846293, 27.3195368101136 ], [ 77.150986218120096, 27.319495407739399 ], [ 77.152505774567899, 27.319359228737099 ], [ 77.154696540967095, 27.319075397238901 ], [ 77.155191737267401, 27.319011547522301 ], [ 77.155343608695205, 27.318991095652201 ], [ 77.159855397209697, 27.318492767212899 ], [ 77.1618235498525, 27.318139596152601 ], [ 77.162022863556103, 27.3180917084646 ], [ 77.163266749501105, 27.317793906441 ], [ 77.164272581895801, 27.317106015628202 ], [ 77.164295039777898, 27.317090551753701 ], [ 77.164321427789403, 27.3170765843815 ], [ 77.165478850888206, 27.316458526397199 ], [ 77.167186211375096, 27.3185346687895 ], [ 77.168261663204305, 27.319810663982299 ], [ 77.168405112926294, 27.3199298824862 ], [ 77.170269397864303, 27.321478214930998 ], [ 77.173133058556004, 27.323802668286799 ], [ 77.174228161032005, 27.325127983938302 ], [ 77.176345097143795, 27.325110027189201 ], [ 77.176456825107195, 27.325109528390598 ], [ 77.178000804501806, 27.3252955801225 ], [ 77.181247091359793, 27.3258836611578 ], [ 77.183286828501807, 27.325479636354299 ], [ 77.186054201023893, 27.325210285667499 ], [ 77.186410719902298, 27.3262961639754 ], [ 77.186524693653993, 27.3267705153789 ], [ 77.186588698617996, 27.327037368326 ], [ 77.186777344827703, 27.3270079397148 ], [ 77.186932023490598, 27.326983000207601 ], [ 77.187678748070596, 27.3266887135992 ], [ 77.188298585616593, 27.326444804276001 ], [ 77.188746620364597, 27.326381457595001 ], [ 77.189633706707596, 27.326256260505001 ], [ 77.190105883678896, 27.326189920953802 ], [ 77.190740599571797, 27.326203388384702 ], [ 77.190976126610394, 27.326208875115402 ], [ 77.191428091487694, 27.326306638633898 ], [ 77.192431958817707, 27.3265251098588 ], [ 77.1937089701388, 27.3269580606948 ], [ 77.1939105296306, 27.3271715427428 ], [ 77.1946620265105, 27.3279696028332 ], [ 77.195089849164603, 27.328528740261898 ], [ 77.195329587055994, 27.3287352363335 ], [ 77.196450235373007, 27.328683362960401 ], [ 77.197411713450506, 27.3286389713045 ], [ 77.198427371168606, 27.328773143783099 ], [ 77.199047208714603, 27.328855442806699 ], [ 77.1999954927864, 27.329147728542399 ], [ 77.201113895315203, 27.3298091094615 ], [ 77.202369290924693, 27.331349822409798 ], [ 77.203240937473794, 27.332420677617801 ], [ 77.204236663821604, 27.333987788484201 ], [ 77.204288316950397, 27.334069086120099 ], [ 77.204286733769976, 27.334358001392577 ], [ 77.204236711432301, 27.3342792395343 ] ], [ [ 77.144077932836794, 27.3073266294017 ], [ 77.144060470485996, 27.307015212982499 ], [ 77.144000850198907, 27.3059561806899 ], [ 77.143984673337201, 27.305668802744002 ], [ 77.143967749077305, 27.305372265280202 ], [ 77.143756155403693, 27.3046120397292 ], [ 77.143559268947897, 27.303905996053299 ], [ 77.142608872936904, 27.303006801085601 ], [ 77.142554525760502, 27.302923694224599 ], [ 77.142179532130001, 27.302350290070599 ], [ 77.140613470349095, 27.300447698579902 ], [ 77.140509930529404, 27.300321902266401 ], [ 77.138734674475103, 27.299378865613001 ], [ 77.138566284376793, 27.2986302313785 ], [ 77.138566145137901, 27.2986298801404 ], [ 77.138375838841597, 27.298148079476402 ], [ 77.137393688283595, 27.2978383895158 ], [ 77.137099731674795, 27.297745697893301 ], [ 77.135737938704693, 27.2969044321658 ], [ 77.134954473928005, 27.2964202275646 ], [ 77.132670333943196, 27.295403848289901 ], [ 77.132681475914097, 27.295117635193943 ], [ 77.134954378257405, 27.296129034666802 ], [ 77.135737877619206, 27.296612994666798 ], [ 77.137099667445298, 27.297454181976601 ], [ 77.137393584977303, 27.297546981609798 ], [ 77.138375836595799, 27.297856812081299 ], [ 77.138566167146607, 27.298338768873801 ], [ 77.138734601262399, 27.299087643755101 ], [ 77.140509896842602, 27.3000305902844 ], [ 77.140613483823799, 27.3001563158832 ], [ 77.142179640376995, 27.302059145455299 ], [ 77.142554406284603, 27.302632382684799 ], [ 77.1426088666487, 27.302715698902499 ], [ 77.143559396508707, 27.303614711836801 ], [ 77.143756183700603, 27.304320646412101 ], [ 77.143967849239402, 27.305080955377701 ], [ 77.143984692651003, 27.305377294863099 ], [ 77.144000974615494, 27.3056646536084 ], [ 77.144060488003106, 27.306723783670002 ], [ 77.144077892861702, 27.307035584046801 ], [ 77.144516102286303, 27.3095598876399 ], [ 77.144501785386396, 27.309688595652101 ], [ 77.144496324063482, 27.309737494906379 ], [ 77.144077932836794, 27.3073266294017 ] ], [ [ 77.132568271852193, 27.2939359130526 ], [ 77.1323449300113, 27.293355742333201 ], [ 77.132236268896307, 27.293073468081602 ], [ 77.132083803233002, 27.2915142789081 ], [ 77.131932376022206, 27.2899642262913 ], [ 77.131758632863097, 27.288676220179699 ], [ 77.131721295286596, 27.288399428221901 ], [ 77.131707720844304, 27.287544341737298 ], [ 77.131677788979104, 27.2856588840489 ], [ 77.1315238554686, 27.283283405729598 ], [ 77.130592094109801, 27.281445855083 ], [ 77.129806178728998, 27.280131637684899 ], [ 77.129173121575207, 27.278598874724 ], [ 77.129122417965704, 27.278476148309299 ], [ 77.128222165913797, 27.277156136761199 ], [ 77.128220467199597, 27.277153641690401 ], [ 77.127551836760603, 27.276440414023099 ], [ 77.127534723854396, 27.276422157171702 ], [ 77.127542588540464, 27.276139138913305 ], [ 77.127551698869198, 27.2761491256258 ], [ 77.128220382308797, 27.2768622210274 ], [ 77.128222066649997, 27.276864716104701 ], [ 77.129122346998798, 27.2781846041668 ], [ 77.129173157956998, 27.278307360444899 ], [ 77.129806189508798, 27.2798403054712 ], [ 77.130592215382407, 27.281154669227998 ], [ 77.1315239367662, 27.282991958031701 ], [ 77.131677773258602, 27.285367614231699 ], [ 77.131707810675906, 27.287253233341001 ], [ 77.131721285405106, 27.2881079636104 ], [ 77.131758621634106, 27.288384888819301 ], [ 77.131932389496896, 27.289672706709801 ], [ 77.132083699477604, 27.291222958185902 ], [ 77.132236132352304, 27.2927821690126 ], [ 77.132345053080499, 27.293064570935801 ], [ 77.132568228283901, 27.2936443408312 ], [ 77.132712800899995, 27.294020042081598 ], [ 77.132702496295195, 27.294284586840377 ], [ 77.132568271852193, 27.2939359130526 ] ], [ [ 77.127328415868007, 27.269866678168 ], [ 77.126836789472506, 27.2683129027916 ], [ 77.126253336390405, 27.267173389300201 ], [ 77.1260018440435, 27.2653677800505 ], [ 77.12604397882636, 27.26537895724352 ], [ 77.126253352560099, 27.266881962429501 ], [ 77.126836696047704, 27.268021311225802 ], [ 77.127328523665796, 27.269575358168002 ], [ 77.127660900320905, 27.2718195552441 ], [ 77.127652087116488, 27.272051561372781 ], [ 77.127328415868007, 27.269866678168 ] ], [ [ 77.127266144652495, 27.265185924647302 ], [ 77.127084822407298, 27.264865063449498 ], [ 77.126581910477, 27.263975942709902 ], [ 77.126408340692706, 27.263412287061101 ], [ 77.125743513720593, 27.261908514205501 ], [ 77.124282779406798, 27.259856495948899 ], [ 77.124229141001194, 27.259781723983199 ], [ 77.123984845057905, 27.259316410207202 ], [ 77.123687764108695, 27.258932767376901 ], [ 77.1225919137852, 27.2573727988458 ], [ 77.121956581198802, 27.256468363090299 ], [ 77.121106827042297, 27.255591723258799 ], [ 77.117816457158298, 27.255423221672999 ], [ 77.117190962022605, 27.255410576976399 ], [ 77.115986530534101, 27.255386219520499 ], [ 77.114025581032394, 27.255124737291599 ], [ 77.113185034607596, 27.2549552918729 ], [ 77.112607335234898, 27.254838133427 ], [ 77.110974580730698, 27.254668745868202 ], [ 77.110029951903797, 27.2531059320266 ], [ 77.109661010223306, 27.2524357878895 ], [ 77.109430029109305, 27.252016223317199 ], [ 77.108523116947893, 27.2509785166584 ], [ 77.106609388287396, 27.248879600296899 ], [ 77.106479667967093, 27.248737325830898 ], [ 77.106251512952895, 27.248457830874699 ], [ 77.105904971662397, 27.248033909138101 ], [ 77.105731703712095, 27.2477649743462 ], [ 77.105419930816296, 27.2472810627482 ], [ 77.104947221144101, 27.246220732636498 ], [ 77.104175214378898, 27.246416584132 ], [ 77.103252989535093, 27.2466505376877 ], [ 77.102733538722106, 27.246699653344599 ], [ 77.102439494078496, 27.246727451651601 ], [ 77.102289665868895, 27.247122963616299 ], [ 77.102266959153397, 27.247182898212898 ], [ 77.102142595487194, 27.247281763153001 ], [ 77.101499657763597, 27.247792402619702 ], [ 77.100013449923296, 27.248532067386002 ], [ 77.099840109209396, 27.248618280866602 ], [ 77.097439363409194, 27.2490423161771 ], [ 77.0967099296019, 27.249150508988201 ], [ 77.096102639723696, 27.2492405809367 ], [ 77.0942108074983, 27.249753972240299 ], [ 77.094208673101207, 27.2497546886019 ], [ 77.0931490033241, 27.250110552059699 ], [ 77.092868490901907, 27.2505998268174 ], [ 77.092584932292496, 27.2509267011894 ], [ 77.092450068218895, 27.250934317542601 ], [ 77.092204778739003, 27.250948177435198 ], [ 77.0920654078176, 27.250870375937598 ], [ 77.091838866177696, 27.250743641021899 ], [ 77.0914890136971, 27.250124400075801 ], [ 77.091488835830603, 27.250124088615198 ], [ 77.091122409432998, 27.2496309496373 ], [ 77.090372754548596, 27.248859255304598 ], [ 77.089818070911804, 27.248287698061901 ], [ 77.089124073845795, 27.247443507832699 ], [ 77.088533931009707, 27.246725102049201 ], [ 77.087676713649898, 27.245256622807801 ], [ 77.087101987700805, 27.2442716005318 ], [ 77.085332753952102, 27.241748476184501 ], [ 77.085246784281097, 27.241501486672199 ], [ 77.085150723834502, 27.241225496520499 ], [ 77.084884051755907, 27.2405477372373 ], [ 77.084866633422493, 27.240503474076402 ], [ 77.084829645290696, 27.240375040525599 ], [ 77.084261772588903, 27.238403336179001 ], [ 77.082766571714203, 27.238689261156701 ], [ 77.081586119853895, 27.236048687448498 ], [ 77.081463019219001, 27.2360744365104 ], [ 77.081365365161005, 27.236095349332199 ], [ 77.081153686147502, 27.236150313860801 ], [ 77.080826800893703, 27.236235189499698 ], [ 77.078550396301907, 27.236840298653501 ], [ 77.078330182394794, 27.236855506131501 ], [ 77.077739362229096, 27.236895504025199 ], [ 77.077493960459705, 27.236899142955799 ], [ 77.077318467382497, 27.2367257664691 ], [ 77.077289805735006, 27.236507339027401 ], [ 77.077309659938464, 27.236367001805355 ], [ 77.077318469628295, 27.236434119245398 ], [ 77.0774939218322, 27.236607839633301 ], [ 77.077739274194201, 27.236603846064199 ], [ 77.078330197216999, 27.236563910365401 ], [ 77.078550284461599, 27.236548934474602 ], [ 77.0808266715363, 27.235943906803701 ], [ 77.081153714444397, 27.235859042923501 ], [ 77.081365379983197, 27.2358036317668 ], [ 77.081463071770401, 27.235783164575899 ], [ 77.081586028674906, 27.235757206181901 ], [ 77.0827664711029, 27.2383979425516 ], [ 77.084261885327507, 27.238111907403301 ], [ 77.084829508297602, 27.240083687996002 ], [ 77.084866563803104, 27.240211977320399 ], [ 77.0848839686617, 27.2402564043282 ], [ 77.085150656011706, 27.240933789206 ], [ 77.085246663457696, 27.241209833592801 ], [ 77.085332845580297, 27.2414569251846 ], [ 77.087101965242894, 27.243980223062401 ], [ 77.087676606301201, 27.244965067422001 ], [ 77.088533935950494, 27.246433582457101 ], [ 77.089124016802799, 27.2471518599449 ], [ 77.0898179653597, 27.2479964165633 ], [ 77.090372675047703, 27.2485679361696 ], [ 77.091122487586404, 27.249339607765801 ], [ 77.091488831788197, 27.249832756021299 ], [ 77.091489112511695, 27.249832756021299 ], [ 77.0918388940255, 27.250452183070799 ], [ 77.092065437911202, 27.250578963040901 ], [ 77.092204676780199, 27.250656827832799 ], [ 77.092450029142199, 27.2506428521049 ], [ 77.092585057158402, 27.250635365107101 ], [ 77.092868587919895, 27.250308432378699 ], [ 77.093149030722699, 27.2498192793268 ], [ 77.094208762034398, 27.249463394173102 ], [ 77.094210727099096, 27.249462395896199 ], [ 77.096102522942701, 27.248949280369999 ], [ 77.096710008653602, 27.248858935854301 ], [ 77.097439328374904, 27.248750622166899 ], [ 77.099840075971699, 27.2483268500911 ], [ 77.100013563111006, 27.248240498221602 ], [ 77.101499713459106, 27.2475007644315 ], [ 77.102142570334294, 27.246990135605799 ], [ 77.102266930856501, 27.2468913039495 ], [ 77.102289669462095, 27.2468314059332 ], [ 77.102439575825102, 27.2464360782173 ], [ 77.102733493357206, 27.2464081256994 ], [ 77.103253112604307, 27.246359208776099 ], [ 77.104175289388195, 27.2461251060598 ], [ 77.104947279085494, 27.2459294377399 ], [ 77.105420017503704, 27.246989636456199 ], [ 77.105731620617902, 27.247473311328399 ], [ 77.105905107757195, 27.247742351446298 ], [ 77.1062515205886, 27.248166624892701 ], [ 77.106479748815502, 27.248445646195101 ], [ 77.106609443084594, 27.2485884010094 ], [ 77.108523135363299, 27.250687274948099 ], [ 77.109430153076801, 27.251724967552999 ], [ 77.109660907815396, 27.252144234546702 ], [ 77.110030059252395, 27.252814559326101 ], [ 77.110974693918394, 27.2543773037916 ], [ 77.112607381947299, 27.2545465041268 ], [ 77.113185110964395, 27.254663796243399 ], [ 77.114025597202101, 27.254833495257099 ], [ 77.115986451033194, 27.255095030877001 ], [ 77.117191035684499, 27.255118988307601 ], [ 77.117816487701106, 27.255131965246999 ], [ 77.121106848152706, 27.255300166209601 ], [ 77.121956598266806, 27.2561771030127 ], [ 77.122591875606702, 27.25708148364 ], [ 77.123687820253394, 27.258641173568801 ], [ 77.123984825744202, 27.259024978712699 ], [ 77.124229055212098, 27.259490134796899 ], [ 77.124282673405602, 27.259564998791699 ], [ 77.125743558636401, 27.261617250808399 ], [ 77.126408311946605, 27.263120980490399 ], [ 77.126581799085898, 27.263684437187699 ], [ 77.127084855644995, 27.264573784640699 ], [ 77.127266203043007, 27.264894686604599 ], [ 77.127385229818103, 27.265442164177902 ], [ 77.127385229818103, 27.265442663244698 ], [ 77.1273855105416, 27.265443162311399 ], [ 77.127318169425493, 27.265425310208986 ], [ 77.127266144652495, 27.265185924647302 ] ], [ [ 77.077645334669995, 27.2345174022755 ], [ 77.077478627116193, 27.2334293470166 ], [ 77.077478420503695, 27.233429370179898 ], [ 77.075075650799107, 27.233684679654701 ], [ 77.072691237269197, 27.233937994906402 ], [ 77.071832460433995, 27.234023323515899 ], [ 77.070850175128697, 27.23412091978 ], [ 77.070501275760506, 27.234264550008501 ], [ 77.070190800930305, 27.234393352434701 ], [ 77.069261452446398, 27.234883753814199 ], [ 77.068948425502498, 27.235048929465901 ], [ 77.068427928152104, 27.235278652919298 ], [ 77.068021444977703, 27.235457792043601 ], [ 77.067646726231601, 27.2355138519344 ], [ 77.066381594681005, 27.235702040980399 ], [ 77.065981810243599, 27.2356683229977 ], [ 77.065716403891201, 27.235645940449601 ], [ 77.064942954431601, 27.235628573863899 ], [ 77.064699821806698, 27.235623335053901 ], [ 77.064535512754702, 27.235619795122901 ], [ 77.064045486258806, 27.235737578437099 ], [ 77.062568856255993, 27.236180249773199 ], [ 77.062430836400793, 27.236221726333898 ], [ 77.062313114877796, 27.236261738832301 ], [ 77.061281902830501, 27.236612188629898 ], [ 77.058983600905293, 27.237371115882301 ], [ 77.057905183288199, 27.237584728621901 ], [ 77.056355469048796, 27.237585527328701 ], [ 77.054439294275895, 27.237723523808501 ], [ 77.053314092398793, 27.2380696248565 ], [ 77.051405153555393, 27.238602989665001 ], [ 77.051217817987705, 27.238577916089199 ], [ 77.0511095251819, 27.238562962034301 ], [ 77.050986936586696, 27.2383535539382 ], [ 77.050982496214203, 27.238345941516101 ], [ 77.050982246482604, 27.238345511814799 ], [ 77.051002406474197, 27.238103515430399 ], [ 77.051002122668407, 27.23808803277165 ], [ 77.051109559766999, 27.238271647890901 ], [ 77.051217919048199, 27.238286623549801 ], [ 77.051405161640204, 27.238311582976898 ], [ 77.053314081619007, 27.2377779492057 ], [ 77.054439221512297, 27.237432009388499 ], [ 77.056355440302795, 27.237294232192198 ], [ 77.0579053148914, 27.237293233806099 ], [ 77.058983573955899, 27.2370795789741 ], [ 77.061281857465602, 27.236320801489899 ], [ 77.062313235701197, 27.235970364353101 ], [ 77.062430858858704, 27.2359304284271 ], [ 77.062568974833596, 27.235888994888601 ], [ 77.064045580581904, 27.2354462041834 ], [ 77.064535443135298, 27.235328392605599 ], [ 77.064699947121696, 27.235331887018599 ], [ 77.064943053695401, 27.2353368790369 ], [ 77.065716447010402, 27.235354351099499 ], [ 77.065981730742706, 27.235376815176 ], [ 77.066381481044104, 27.2354107608829 ], [ 77.067646701977097, 27.235222561759802 ], [ 77.068021467884705, 27.235166151881099 ], [ 77.068427955550803, 27.234986938005999 ], [ 77.068948416968496, 27.234757304206799 ], [ 77.069261423700297, 27.234592067419001 ], [ 77.070190899295895, 27.2341018468654 ], [ 77.070501379515903, 27.233973051290501 ], [ 77.070850038135603, 27.2338292793101 ], [ 77.071832570477596, 27.2337319335928 ], [ 77.072691303744506, 27.233646568816901 ], [ 77.075075769376795, 27.2333929701492 ], [ 77.077478482038302, 27.233137873268699 ], [ 77.0774787627618, 27.233137873268699 ], [ 77.077645231812895, 27.23422614943 ], [ 77.077814227375697, 27.235328392605599 ], [ 77.077792821561232, 27.235480653554863 ], [ 77.077645334669995, 27.2345174022755 ] ], [ [ 77.050994353077698, 27.237664172763601 ], [ 77.050907824654502, 27.237483728108401 ], [ 77.050764319686195, 27.237184957581999 ], [ 77.050578471728599, 27.2368019269184 ], [ 77.050329518020703, 27.236288836876501 ], [ 77.049917536258306, 27.235284553887201 ], [ 77.049882704083203, 27.235072330508199 ], [ 77.049830231690805, 27.234752647627801 ], [ 77.049749399484995, 27.234260154593802 ], [ 77.049690152897, 27.233711699251501 ], [ 77.049583336023204, 27.233251832455899 ], [ 77.049172973024994, 27.232334971042199 ], [ 77.048851467781503, 27.231728055389802 ], [ 77.048306970141695, 27.230700444320501 ], [ 77.047975796330704, 27.230413587439799 ], [ 77.047781855450793, 27.230245598069999 ], [ 77.047207951460095, 27.2298140259044 ], [ 77.046905724960894, 27.229401041737301 ], [ 77.046478901233399, 27.228532218705801 ], [ 77.046113362371301, 27.227788141969398 ], [ 77.045282055119102, 27.226701501893999 ], [ 77.045032063856993, 27.226277603527102 ], [ 77.044317707373395, 27.225066280595399 ], [ 77.043640792670899, 27.222930487279601 ], [ 77.043612348415706, 27.222547343670801 ], [ 77.043630011301289, 27.222493198820743 ], [ 77.043640910350206, 27.222638956492499 ], [ 77.044317734772093, 27.224774764984598 ], [ 77.045032176146407, 27.225985936920701 ], [ 77.045282020084798, 27.2264097940621 ], [ 77.046113242446197, 27.227496638276399 ], [ 77.046479025200895, 27.228240498895399 ], [ 77.046905724960894, 27.229109661283001 ], [ 77.047208064198699, 27.229522523521201 ], [ 77.047781863086399, 27.229953855590601 ], [ 77.047975843043105, 27.2301220946139 ], [ 77.048307096804095, 27.230409148740101 ], [ 77.048851419721601, 27.231436546835202 ], [ 77.049172848159202, 27.2320435958699 ], [ 77.049583265954595, 27.232960153765799 ], [ 77.049690221618107, 27.2334204267258 ], [ 77.049749454282207, 27.233968558418901 ], [ 77.049830302657696, 27.234461275588401 ], [ 77.049882797957196, 27.2347807668123 ], [ 77.049917607674402, 27.234992928446601 ], [ 77.050329429087498, 27.235997321095098 ], [ 77.050578430855296, 27.2365104963459 ], [ 77.050764269829699, 27.236893379451899 ], [ 77.050907719551603, 27.2371923967636 ], [ 77.050994463121299, 27.237372605473301 ], [ 77.051002323380004, 27.2378118941804 ], [ 77.050998008344351, 27.237863581124692 ], [ 77.050994353077698, 27.237664172763601 ] ], [ [ 77.069592657698394, 27.2074756253716 ], [ 77.069594733347529, 27.207450716383388 ], [ 77.069629171519694, 27.211921352399202 ], [ 77.069626870381029, 27.211921786720563 ], [ 77.069592657698394, 27.2074756253716 ] ], [ [ 77.091414003472494, 27.193970990186799 ], [ 77.091350811483906, 27.193782332727999 ], [ 77.090876976222603, 27.192900159053 ], [ 77.089795710946106, 27.190887019823901 ], [ 77.087360055715607, 27.186778169847699 ], [ 77.087212181341798, 27.1865382884585 ], [ 77.087041701762104, 27.186465210032999 ], [ 77.087019322931695, 27.186455622751101 ], [ 77.086998416440096, 27.186454376995702 ], [ 77.086827821876099, 27.186444850442498 ], [ 77.086680577221202, 27.1864812114746 ], [ 77.086526453267993, 27.1865192761183 ], [ 77.085734451801102, 27.186801809563299 ], [ 77.085322016389497, 27.186907218150601 ], [ 77.084941535849197, 27.186745767511599 ], [ 77.084936600505102, 27.186743014710999 ], [ 77.084424371248602, 27.1856205551946 ], [ 77.083843916742893, 27.1843480963791 ], [ 77.082227853834993, 27.184238998375999 ], [ 77.081943135500694, 27.179604828577201 ], [ 77.081961223672124, 27.179608233864297 ], [ 77.082227762656004, 27.183947175396501 ], [ 77.083843887996807, 27.184056550969402 ], [ 77.084424424249207, 27.1853290954157 ], [ 77.0849364639611, 27.186451299764101 ], [ 77.0849415169846, 27.186454296289298 ], [ 77.085321897362704, 27.1866156091106 ], [ 77.085734560946406, 27.186510231411699 ], [ 77.086526482013994, 27.1862275589882 ], [ 77.086680599229993, 27.1861896029192 ], [ 77.086827698357695, 27.186153145103901 ], [ 77.086998378261697, 27.186162634125498 ], [ 77.087019432526205, 27.186164132391902 ], [ 77.087041609684803, 27.1861736214126 ], [ 77.087212289588706, 27.186246537017801 ], [ 77.087359950163602, 27.186486758640498 ], [ 77.089795788201201, 27.1905954171934 ], [ 77.090876854500905, 27.192608489773601 ], [ 77.091350715813306, 27.193490914251999 ], [ 77.091413878606701, 27.193679183879201 ], [ 77.091502587240996, 27.193944358862801 ], [ 77.091443338303762, 27.194058707123979 ], [ 77.091414003472494, 27.193970990186799 ] ], [ [ 77.083033798951703, 27.178975604988899 ], [ 77.082657327592599, 27.177951488745801 ], [ 77.082747684885064, 27.177905683690465 ], [ 77.083033719900001, 27.178684035950901 ], [ 77.083363570043304, 27.179580555230601 ], [ 77.08324828230657, 27.179558868128503 ], [ 77.083033798951703, 27.178975604988899 ] ], [ [ 77.087877933578596, 27.176093653107099 ], [ 77.087871012265538, 27.176377371832974 ], [ 77.087863848893306, 27.1763790243476 ], [ 77.087866094681502, 27.1762841257747 ], [ 77.087870682630964, 27.176096572331584 ], [ 77.087877933578596, 27.176093653107099 ] ], [ [ 77.094867986214098, 27.173687958012099 ], [ 77.094866990880703, 27.173673613002801 ], [ 77.094886838905353, 27.17366959385182 ], [ 77.094961101084905, 27.1747417629186 ], [ 77.094941289453701, 27.174746333253534 ], [ 77.094867986214098, 27.173687958012099 ] ], [ [ 77.099318756662896, 27.1695497907501 ], [ 77.099153034560999, 27.169400183849199 ], [ 77.096372040884205, 27.162782545837299 ], [ 77.095669853877695, 27.1624156815645 ], [ 77.095046291916503, 27.162269616955498 ], [ 77.094576473022897, 27.162321721424401 ], [ 77.0943522175954, 27.162346939236901 ], [ 77.093610584666493, 27.162513690599901 ], [ 77.090783669112398, 27.162994017310101 ], [ 77.090175205136106, 27.163097391939399 ], [ 77.089735318107799, 27.163161923408001 ], [ 77.086460329178195, 27.163642304874799 ], [ 77.085867037747093, 27.163784248427501 ], [ 77.085076999997497, 27.164062227056 ], [ 77.083647166831099, 27.1646832610978 ], [ 77.0829093957596, 27.165003690035601 ], [ 77.082349176704, 27.165164742947201 ], [ 77.077943833160802, 27.166431083511899 ], [ 77.077126813613205, 27.1664617574469 ], [ 77.076951423842203, 27.166468278254499 ], [ 77.076905177673098, 27.166464012036801 ], [ 77.076329656715004, 27.1664098651041 ], [ 77.075660420811403, 27.166271861037501 ], [ 77.075033128146799, 27.1661415125179 ], [ 77.074186829809193, 27.165799723662701 ], [ 77.073872238000106, 27.165672669785 ], [ 77.072806248575006, 27.1652421407486 ], [ 77.072268724556693, 27.165051207266298 ], [ 77.072206318593999, 27.165029127829001 ], [ 77.072103621394007, 27.1650248152011 ], [ 77.071808714367705, 27.165012440771498 ], [ 77.071609291967903, 27.164970261562999 ], [ 77.071383564201597, 27.164863100326901 ], [ 77.071190305143006, 27.164211070649699 ], [ 77.070940918447107, 27.163369186969899 ], [ 77.070987882121244, 27.163235868896837 ], [ 77.071190275049403, 27.163919650063601 ], [ 77.071383693559, 27.164571523994201 ], [ 77.071609395274194, 27.164678420965199 ], [ 77.071808708977798, 27.164720880014102 ], [ 77.072103749403993, 27.164733367966502 ], [ 77.0722062134911, 27.164737364111101 ], [ 77.0722688148374, 27.164759342903199 ], [ 77.072806119666694, 27.164950658116101 ], [ 77.073872307619595, 27.165381241025202 ], [ 77.074186717968999, 27.165508117807001 ], [ 77.075033099400798, 27.165849785273998 ], [ 77.075660516482003, 27.165980158110901 ], [ 77.076329761368697, 27.166118023473899 ], [ 77.076905244597597, 27.166172470255098 ], [ 77.076951563979407, 27.166176466348102 ], [ 77.0771267354598, 27.166169972696899 ], [ 77.077943921644803, 27.166139502482501 ], [ 77.082349315942906, 27.164873232938898 ], [ 77.082909359377794, 27.1647118886874 ], [ 77.083647100804896, 27.164391697083101 ], [ 77.085077106447798, 27.163770792494301 ], [ 77.085867062450802, 27.1634925581834 ], [ 77.086460231261796, 27.163350693384601 ], [ 77.089735432642996, 27.1628701500155 ], [ 77.090175326408698, 27.162805711090499 ], [ 77.090783654290206, 27.162702309016801 ], [ 77.093610540199904, 27.162222262386699 ], [ 77.094352211756302, 27.162055419474299 ], [ 77.094576509853894, 27.1620299434387 ], [ 77.095046160313302, 27.161977992289501 ], [ 77.095669927988695, 27.162123855070298 ], [ 77.096372017527997, 27.162491008829299 ], [ 77.099153145502896, 27.169108561024199 ], [ 77.099318772383398, 27.169257910974601 ], [ 77.102239139227393, 27.1718952283506 ], [ 77.102239419950905, 27.171895727836699 ], [ 77.101975212960738, 27.171948636919868 ], [ 77.099318756662896, 27.1695497907501 ] ], [ [ 77.070405761489596, 27.161741323328101 ], [ 77.070192073843103, 27.161575262164298 ], [ 77.070057101971599, 27.1615983733188 ], [ 77.069961370308405, 27.161614765962899 ], [ 77.069735869815901, 27.161551871266902 ], [ 77.069707785785198, 27.1615439634705 ], [ 77.069652114492101, 27.161418160376101 ], [ 77.069641629356099, 27.1613943730164 ], [ 77.069616693022098, 27.161263821386999 ], [ 77.069595261016104, 27.1611508755858 ], [ 77.069583253235706, 27.161023877961 ], [ 77.069568628662907, 27.160869240304301 ], [ 77.0693555770236, 27.160703163457001 ], [ 77.068110982757005, 27.160527222707699 ], [ 77.068025990452995, 27.160515247409101 ], [ 77.068003646656905, 27.1605121095178 ], [ 77.067540698078602, 27.160447150512599 ], [ 77.067281826969904, 27.160309956719999 ], [ 77.067264661961502, 27.160300801189699 ], [ 77.067218269367004, 27.160075863442799 ], [ 77.067202768936696, 27.160020154850098 ], [ 77.067150739413805, 27.159833183981402 ], [ 77.067043712334197, 27.159740001750698 ], [ 77.066920439222699, 27.159709477030098 ], [ 77.066536295352705, 27.159614359674201 ], [ 77.0661982718877, 27.159544883494501 ], [ 77.066089881165496, 27.159377262891201 ], [ 77.066024054418094, 27.159227064488601 ], [ 77.065999475613694, 27.1590221119204 ], [ 77.0659992609163, 27.159021838570201 ], [ 77.065869645698896, 27.158854807043902 ], [ 77.065741819925506, 27.158761925322199 ], [ 77.065687269729906, 27.158755642247499 ], [ 77.065446652387806, 27.158728519758402 ], [ 77.065103959479998, 27.1587642559983 ], [ 77.064606471577306, 27.1588161359089 ], [ 77.064247767996093, 27.158764981736901 ], [ 77.0638873351581, 27.158619791552901 ], [ 77.063673057318397, 27.158397477634701 ], [ 77.063672795010305, 27.1583972058814 ], [ 77.063498261333805, 27.158061165698001 ], [ 77.063343036045893, 27.157630783956101 ], [ 77.0632771527047, 27.157481254600601 ], [ 77.063092038670703, 27.157466586997302 ], [ 77.062876899346705, 27.157450349604201 ], [ 77.060354155144395, 27.157555507763998 ], [ 77.056057891331207, 27.1577344864588 ], [ 77.055937529659502, 27.1577395115259 ], [ 77.055912497205796, 27.157748111767201 ], [ 77.055539991010306, 27.157877024990199 ], [ 77.055408366261702, 27.1580723228004 ], [ 77.055335109548594, 27.1581810155715 ], [ 77.054802551417197, 27.158978912179101 ], [ 77.054752582629504, 27.159020125735001 ], [ 77.054222284659403, 27.159456805939602 ], [ 77.051719775008905, 27.160716316041999 ], [ 77.048636360796806, 27.1619590452997 ], [ 77.047573896360802, 27.162386979056301 ], [ 77.045062920986993, 27.1633982952388 ], [ 77.042863678983196, 27.163950727502801 ], [ 77.040401706708195, 27.164568129664001 ], [ 77.040080501501905, 27.164035503074899 ], [ 77.039912087149105, 27.1637562360117 ], [ 77.039329950098903, 27.163920243894999 ], [ 77.036103932827004, 27.1648294176576 ], [ 77.036103514212101, 27.164829535943401 ], [ 77.035740186103794, 27.1639864053259 ], [ 77.029949457136198, 27.1647895817181 ], [ 77.029267669169172, 27.164884129415597 ], [ 77.029231652469406, 27.164597498968501 ], [ 77.029949462526105, 27.164498094707199 ], [ 77.035740227426302, 27.1636948650671 ], [ 77.036103483669294, 27.164538056229901 ], [ 77.036104045116403, 27.164537556711 ], [ 77.039329839157006, 27.163628428526 ], [ 77.039912059750506, 27.163464584857099 ], [ 77.040080493866299, 27.1637438182827 ], [ 77.040401641580303, 27.164276307995902 ], [ 77.042863586905895, 27.163658899425702 ], [ 77.045063055734303, 27.163106425755799 ], [ 77.047573846953497, 27.1620953818712 ], [ 77.048636385500402, 27.161667283949999 ], [ 77.051719852713205, 27.160424441946699 ], [ 77.0542222222265, 27.159165101194599 ], [ 77.054752508967695, 27.158728499776601 ], [ 77.054802477755302, 27.158687037539501 ], [ 77.055335010284693, 27.157889261136201 ], [ 77.055408279125103, 27.157780859018601 ], [ 77.055539938458907, 27.1575855351218 ], [ 77.055912458578305, 27.157456651135799 ], [ 77.055937442972095, 27.1574476592242 ], [ 77.056057873364907, 27.1574426637175 ], [ 77.060354066211204, 27.1572638244294 ], [ 77.062876928541996, 27.157158419016501 ], [ 77.063091962763096, 27.157174904229802 ], [ 77.063277240290404, 27.157189391233398 ], [ 77.063342929595606, 27.157339256678 ], [ 77.063498169705596, 27.157769369387101 ], [ 77.063672779738994, 27.158105565508102 ], [ 77.063673060462506, 27.158105565508102 ], [ 77.063887252513098, 27.158327864021899 ], [ 77.064247701520799, 27.1584732320242 ], [ 77.064606466187399, 27.158524685258001 ], [ 77.065103908276001, 27.158472732478099 ], [ 77.065446671701594, 27.1584367651548 ], [ 77.065687251763606, 27.158463740648401 ], [ 77.065741712127704, 27.1584702347477 ], [ 77.065869722055695, 27.158563150281399 ], [ 77.065999135601302, 27.158729998411399 ], [ 77.0659994163248, 27.158730497956299 ], [ 77.066024119995205, 27.158935311187399 ], [ 77.066089809300294, 27.1590856738325 ], [ 77.066198168581494, 27.159253020724499 ], [ 77.066536159707098, 27.1593224571224 ], [ 77.066920470214598, 27.159417869656401 ], [ 77.0670437078426, 27.159448341705101 ], [ 77.067150663506197, 27.159541755966401 ], [ 77.067202878082, 27.159728584254498 ], [ 77.067218317875998, 27.159784033231801 ], [ 77.067264637257793, 27.160009325639901 ], [ 77.067281761392906, 27.160018317345202 ], [ 77.067540588484206, 27.160155690530701 ], [ 77.068003782302497, 27.160220630523199 ], [ 77.068025959461096, 27.1602236277527 ], [ 77.068111018689606, 27.160235616670001 ], [ 77.069355466081603, 27.160411453975001 ], [ 77.069568535238105, 27.160577799807001 ], [ 77.069583132861396, 27.1607321565285 ], [ 77.069595203973094, 27.160859038592999 ], [ 77.069616819684597, 27.160971933536899 ], [ 77.069641523354903, 27.161102811603499 ], [ 77.069652190848899, 27.1611262897137 ], [ 77.069707774107101, 27.161252172263101 ], [ 77.069735846459693, 27.161260164801099 ], [ 77.069961267451305, 27.161323106017999 ], [ 77.070056994173797, 27.161306621417001 ], [ 77.07019202219, 27.1612836428782 ], [ 77.070405652793497, 27.161449487878301 ], [ 77.071306494589294, 27.1623766168352 ], [ 77.071306775312806, 27.1623771163638 ], [ 77.071331478983197, 27.162582422434699 ], [ 77.071279178641504, 27.162640239207509 ], [ 77.070405761489596, 27.161741323328101 ] ], [ [ 77.029440928938698, 27.166553554621999 ], [ 77.026174078496453, 27.166708054494098 ], [ 77.026146500915502, 27.166417730197399 ], [ 77.029404486070774, 27.166263600350764 ], [ 77.029440928938698, 27.166553554621999 ] ], [ [ 77.027057259213706, 27.176139475420801 ], [ 77.021697082880294, 27.175619389976202 ], [ 77.019939246057604, 27.175448784697799 ], [ 77.019735330284703, 27.175428992892801 ], [ 77.015042852837396, 27.1749734511546 ], [ 77.013721898178403, 27.174845186606799 ], [ 77.005303258339893, 27.174313027011099 ], [ 77.0038600393774, 27.174249965251501 ], [ 77.003818194953197, 27.174244363134299 ], [ 77.001828740110895, 27.173977906614699 ], [ 77.000018782137104, 27.1737354643539 ], [ 76.999995935284403, 27.173732403553899 ], [ 76.9989809072854, 27.173569632808899 ], [ 76.998245000218105, 27.1734516111636 ], [ 76.996621545972005, 27.173589440127799 ], [ 76.996417138820703, 27.173616229750898 ], [ 76.995640042201003, 27.173718393400399 ], [ 76.995239354956695, 27.173862301272599 ], [ 76.994534564632602, 27.174115432846001 ], [ 76.989565318941104, 27.1762121778184 ], [ 76.985210202900404, 27.178143600460501 ], [ 76.981371679233405, 27.179845765329802 ], [ 76.977526148707298, 27.180168560084599 ], [ 76.975452982558707, 27.1807347380294 ], [ 76.968370479805699, 27.1826680657596 ], [ 76.968370095326705, 27.182668171240799 ], [ 76.966780921690201, 27.177452306006 ], [ 76.966855841947535, 27.177406141983742 ], [ 76.968370230523206, 27.1823764504331 ], [ 76.968370511246704, 27.1823764504331 ], [ 76.9754528850914, 27.180443104864001 ], [ 76.977526028333102, 27.179876729654801 ], [ 76.981371659919702, 27.179554084290999 ], [ 76.985210273418105, 27.177851939745398 ], [ 76.989565418205004, 27.175920513653701 ], [ 76.994534505343793, 27.173823727239299 ], [ 76.995239402118301, 27.173570491911999 ], [ 76.995639994590306, 27.173426642002699 ], [ 76.996417037311005, 27.173324748204699 ], [ 76.996621404038194, 27.173297776301499 ], [ 76.998245108914205, 27.1731599198053 ], [ 76.998980885276595, 27.173277797109701 ], [ 76.999995981547698, 27.1734406274186 ], [ 77.000018720153307, 27.173443624293299 ], [ 77.001828825450801, 27.173686370870701 ], [ 77.003818313081595, 27.173952592333201 ], [ 77.003860140886999, 27.1739580865781 ], [ 77.005303340535704, 27.174021520113101 ], [ 77.013721958365494, 27.174553461330099 ], [ 77.015042762556703, 27.1746818261079 ], [ 77.019735337022098, 27.175137345061799 ], [ 77.019939142302206, 27.1751573239207 ], [ 77.021697033023798, 27.175327643547799 ], [ 77.027027628383777, 27.175844725873088 ], [ 77.027057259213706, 27.176139475420801 ] ], [ [ 76.966729301799006, 27.175625777589801 ], [ 76.964604991866295, 27.171602662618302 ], [ 76.964334275572298, 27.170803520778399 ], [ 76.964343132757222, 27.170537821650175 ], [ 76.9646048858651, 27.171310828169599 ], [ 76.966729401512097, 27.175334136666301 ], [ 76.967542938291203, 27.176691190136399 ], [ 76.967415211102519, 27.176769842517732 ], [ 76.966729301799006, 27.175625777589801 ] ], [ [ 76.963885501510902, 27.167800189374098 ], [ 76.9632449577975, 27.1672240116174 ], [ 76.962262071519305, 27.165592581298998 ], [ 76.961349700295898, 27.1640781509874 ], [ 76.958775977599601, 27.160050824951501 ], [ 76.958495663705094, 27.159612172084401 ], [ 76.958007147277101, 27.158847825411598 ], [ 76.957874661044102, 27.156256581823602 ], [ 76.957888098201025, 27.156230137809352 ], [ 76.9580070408268, 27.158556156641801 ], [ 76.958495780486103, 27.159320458953299 ], [ 76.958775942565296, 27.159759056218402 ], [ 76.961349615854303, 27.163786277686899 ], [ 76.962261967314703, 27.1653008190534 ], [ 76.963245061103805, 27.166932224863501 ], [ 76.963885391467201, 27.167508655876901 ], [ 76.964418204720104, 27.167987680771901 ], [ 76.964408788272891, 27.168270886661585 ], [ 76.963885501510902, 27.167800189374098 ] ], [ [ 76.2887208877994, 28.417081026759 ], [ 76.284294573984198, 28.4085104638344 ], [ 76.284647556195296, 28.406025285426601 ], [ 76.284877001070853, 28.40579071016937 ], [ 76.284556030444307, 28.408050520179302 ], [ 76.288982344259495, 28.416621120322301 ], [ 76.290905338143801, 28.422934566089101 ], [ 76.291026530757094, 28.434334984251699 ], [ 76.294719232700601, 28.445339721961201 ], [ 76.295991079157901, 28.458167496990001 ], [ 76.293757266388695, 28.4701716522402 ], [ 76.293508712236502, 28.470561991244516 ], [ 76.295729622697806, 28.458627222863299 ], [ 76.294457776240506, 28.445799503610701 ], [ 76.290765074296999, 28.434794813732299 ], [ 76.290643881683707, 28.423394445102701 ], [ 76.2887208877994, 28.417081026759 ] ], [ [ 76.292335236887197, 28.4939210556362 ], [ 76.301718177759, 28.4987467588995 ], [ 76.314456729560703, 28.497943692313601 ], [ 76.322605175924707, 28.494313428669699 ], [ 76.327137387637094, 28.493391318541999 ], [ 76.329275940358698, 28.495955722821499 ], [ 76.332084476382093, 28.502808881488399 ], [ 76.339678271448705, 28.504680922738299 ], [ 76.332095565185995, 28.503268413077699 ], [ 76.332242932910006, 28.503627150952301 ], [ 76.338383428120096, 28.526294374328302 ], [ 76.344532632496794, 28.545389336259198 ], [ 76.348011944136104, 28.564691811871899 ], [ 76.345185217228206, 28.569677811347098 ], [ 76.339225033658593, 28.5756358957372 ], [ 76.337919920789602, 28.579399574307701 ], [ 76.339679921208756, 28.582418195853041 ], [ 76.339412847130006, 28.582427579622198 ], [ 76.337647375525705, 28.579399574307701 ], [ 76.338952488394696, 28.5756358957372 ], [ 76.344912671964295, 28.569677811347098 ], [ 76.347739398872207, 28.564691811871899 ], [ 76.344260087232897, 28.545389336259198 ], [ 76.3381108828561, 28.526294374328302 ], [ 76.331970387646095, 28.503627150952301 ], [ 76.331823019921998, 28.503268413077699 ], [ 76.329014483898604, 28.4964152842545 ], [ 76.326875931177099, 28.493850891140699 ], [ 76.322343719464598, 28.494772997253499 ], [ 76.314195273100594, 28.498403245090199 ], [ 76.301456721299004, 28.499206308179101 ], [ 76.292073780427103, 28.4943806259285 ], [ 76.287302810885095, 28.484651150683799 ], [ 76.288019317935493, 28.479231782221401 ], [ 76.288272592326905, 28.478834032102519 ], [ 76.287564267345203, 28.484191538036001 ], [ 76.292335236887197, 28.4939210556362 ] ], [ [ 76.348534026114606, 28.583631805550901 ], [ 76.349819135298802, 28.601808742196202 ], [ 76.353574085999895, 28.611434044415699 ], [ 76.36130935513998, 28.617210158996055 ], [ 76.361250970738695, 28.617370078148099 ], [ 76.353301540735998, 28.611434044415699 ], [ 76.349546590034905, 28.601808742196202 ], [ 76.348261480850695, 28.583631805550901 ], [ 76.347481190537039, 28.582153670710866 ], [ 76.347748772792201, 28.582144269086701 ], [ 76.348534026114606, 28.583631805550901 ] ], [ [ 76.420748150009004, 28.5521410113654 ], [ 76.426389481059999, 28.557819196383299 ], [ 76.433026634129405, 28.589108704754299 ], [ 76.438453368584845, 28.602619562980564 ], [ 76.438228971975803, 28.602739437954401 ], [ 76.432754088865394, 28.589108704754299 ], [ 76.426116935796102, 28.557819196383299 ], [ 76.420475604744993, 28.5521410113654 ], [ 76.413005218348559, 28.551014914761957 ], [ 76.413053456169706, 28.550981102341002 ], [ 76.420748150009004, 28.5521410113654 ] ], [ [ 76.456648740027106, 28.604022682074 ], [ 76.465069074088305, 28.611392716003799 ], [ 76.465080699186402, 28.617203967821201 ], [ 76.458915005334305, 28.627152001769499 ], [ 76.450735513194104, 28.634872477653399 ], [ 76.445503739352404, 28.6415751731451 ], [ 76.452876566825395, 28.647743114417601 ], [ 76.452979856015105, 28.6559163177591 ], [ 76.450266347375702, 28.6598149917751 ], [ 76.435448596339896, 28.664641543461901 ], [ 76.406173419308701, 28.6664457679584 ], [ 76.404541313388094, 28.6698675072074 ], [ 76.406151843572204, 28.6812509653593 ], [ 76.412292875974799, 28.6851926370217 ], [ 76.418497780390695, 28.6949005781163 ], [ 76.422972034597706, 28.7058418625267 ], [ 76.419921591251395, 28.713252580502601 ], [ 76.419093632401868, 28.724308332233289 ], [ 76.418258986628601, 28.724384447015101 ], [ 76.419092645670204, 28.713252580502601 ], [ 76.422143089016402, 28.7058418625267 ], [ 76.417668834809405, 28.6949005781163 ], [ 76.411463930393595, 28.6851926370217 ], [ 76.405636050520144, 28.681451964860557 ], [ 76.405879298308307, 28.6812509653593 ], [ 76.404268768124197, 28.6698675072074 ], [ 76.405900874044804, 28.6664457679584 ], [ 76.435176051075999, 28.664641543461901 ], [ 76.449993802111806, 28.6598149917751 ], [ 76.452707310751094, 28.6559163177591 ], [ 76.452604021561399, 28.647743114417601 ], [ 76.445231194088393, 28.6415751731451 ], [ 76.450462967930093, 28.634872477653399 ], [ 76.458642460070394, 28.627152001769499 ], [ 76.464808153922405, 28.617203967821201 ], [ 76.464796528824394, 28.611392716003799 ], [ 76.456376194763195, 28.604022682074 ], [ 76.449286217895548, 28.599131462661813 ], [ 76.449544198905301, 28.599121415102498 ], [ 76.456648740027106, 28.604022682074 ] ], [ [ 76.4326415533165, 28.7253988789091 ], [ 76.446309682672506, 28.731537583678101 ], [ 76.450600235895394, 28.736422590977501 ], [ 76.47994405426401, 28.739958710546709 ], [ 76.479592500205996, 28.740016239307501 ], [ 76.449771290314203, 28.736422590977501 ], [ 76.445480737091202, 28.731537583678101 ], [ 76.431812607735296, 28.7253988789091 ], [ 76.425959131481946, 28.723757834085248 ], [ 76.426584617597598, 28.7237007934331 ], [ 76.4326415533165, 28.7253988789091 ] ], [ [ 76.505020503031204, 28.739944289598473 ], [ 76.504420405726506, 28.7399909036798 ], [ 76.49665529882617, 28.73840922987339 ], [ 76.4973333880409, 28.738378501955999 ], [ 76.505020503031204, 28.739944289598473 ] ], [ [ 76.527828641619706, 28.7394717149344 ], [ 76.533871172421357, 28.748125804327799 ], [ 76.533210268823794, 28.748366473411 ], [ 76.526999696038402, 28.7394717149344 ], [ 76.518721719835824, 28.738944403258369 ], [ 76.519095216834202, 28.738915390930998 ], [ 76.527828641619706, 28.7394717149344 ] ], [ [ 76.588480766884402, 28.7406012680072 ], [ 76.595074832261204, 28.748680495844301 ], [ 76.598214821471601, 28.7581293441668 ], [ 76.598938497976306, 28.768781148761398 ], [ 76.598286697474094, 28.777771113457199 ], [ 76.600344095494606, 28.783154151202201 ], [ 76.606825264199699, 28.787429176158899 ], [ 76.615619213963726, 28.78883346733803 ], [ 76.614883402928299, 28.788848339838399 ], [ 76.605996318618494, 28.787429176158899 ], [ 76.599515149913401, 28.783154151202201 ], [ 76.597457751892904, 28.777771113457199 ], [ 76.598109552395002, 28.768781148761398 ], [ 76.597385875890396, 28.7581293441668 ], [ 76.5942458866799, 28.748680495844301 ], [ 76.587651821303197, 28.7406012680072 ], [ 76.579290855545764, 28.734031910737414 ], [ 76.579862374065996, 28.7338296457858 ], [ 76.588480766884402, 28.7406012680072 ] ], [ [ 76.640918083641793, 28.796678842233099 ], [ 76.643492224054796, 28.801243332062999 ], [ 76.648173023403501, 28.8060067407277 ], [ 76.644196555339803, 28.810507742980199 ], [ 76.634851651831994, 28.817462227185601 ], [ 76.634366431322903, 28.8238602366214 ], [ 76.635983661142404, 28.829594613663399 ], [ 76.64696982296995, 28.837412359619087 ], [ 76.646630077071407, 28.837760473810501 ], [ 76.6351547155611, 28.829594613663399 ], [ 76.633537485741599, 28.8238602366214 ], [ 76.634022706250803, 28.817462227185601 ], [ 76.643367609758599, 28.810507742980199 ], [ 76.647344077822197, 28.8060067407277 ], [ 76.642663278473506, 28.801243332062999 ], [ 76.640089138060603, 28.796678842233099 ], [ 76.629731116695069, 28.788564987014151 ], [ 76.630539211157199, 28.788548653492899 ], [ 76.640918083641793, 28.796678842233099 ] ], [ [ 76.696824886327434, 28.787541947808446 ], [ 76.696518023561495, 28.787566799890602 ], [ 76.688345969550198, 28.787177795403796 ], [ 76.688427070274003, 28.787142196641899 ], [ 76.696824886327434, 28.787541947808446 ] ], [ [ 76.750433737371552, 28.766718800457912 ], [ 76.750193437071104, 28.766740131758901 ], [ 76.741551118017512, 28.758593357063081 ], [ 76.7423023831888, 28.758520130791901 ], [ 76.750433737371552, 28.766718800457912 ] ], [ [ 76.790694894344, 28.7499801315263 ], [ 76.796824893638203, 28.761080130998302 ], [ 76.820538392336303, 28.784780131532202 ], [ 76.806709617258093, 28.797260488715299 ], [ 76.801823880752096, 28.8016694695722 ], [ 76.794444894429503, 28.8065701315201 ], [ 76.795714893950603, 28.813000131180399 ], [ 76.818925940530391, 28.822205870798101 ], [ 76.818763438115894, 28.8222901313218 ], [ 76.795453437490593, 28.813000131180399 ], [ 76.794183437969494, 28.8065701315201 ], [ 76.801578746680704, 28.801654739726601 ], [ 76.806448160797999, 28.797260488715299 ], [ 76.820163438231603, 28.784780131532202 ], [ 76.796563437178094, 28.761080130998302 ], [ 76.790433437883905, 28.7499801315263 ], [ 76.782117248478642, 28.742287656675717 ], [ 76.782294893649194, 28.742210131236501 ], [ 76.790694894344, 28.7499801315263 ] ], [ [ 76.847632383500894, 28.809180130976198 ], [ 76.8635048941224, 28.816860131207999 ], [ 76.865224893905307, 28.824140131822801 ], [ 76.877568391797894, 28.8330901317876 ], [ 76.883155446389793, 28.834494952844757 ], [ 76.8831134369252, 28.8345501310706 ], [ 76.877306935337799, 28.8330901317876 ], [ 76.864963437445297, 28.824140131822801 ], [ 76.863243437662405, 28.816860131207999 ], [ 76.846803437919604, 28.809180130976198 ], [ 76.831676582346134, 28.808403261443853 ], [ 76.831682382406299, 28.808390131704702 ], [ 76.847632383500894, 28.809180130976198 ] ], [ [ 76.948767729648509, 28.807223092414645 ], [ 76.952369504708599, 28.815577182073401 ], [ 76.944074252965905, 28.8212426189232 ], [ 76.933781695105395, 28.824256826744399 ], [ 76.933439798980231, 28.824152968714735 ], [ 76.9517034380615, 28.815310131893 ], [ 76.948263436698994, 28.807330131570801 ], [ 76.931749785648094, 28.801885520620374 ], [ 76.932562383922502, 28.8018801308537 ], [ 76.948767729648509, 28.807223092414645 ] ], [ [ 76.857419841135098, 28.220095820543399 ], [ 76.858289752588206, 28.220467531558999 ], [ 76.859262468140798, 28.220855888029 ], [ 76.859623248626903, 28.220986360421399 ], [ 76.859905833004277, 28.220985136712486 ], [ 76.859818832525505, 28.2210173631745 ], [ 76.85506638545823, 28.220513500239111 ], [ 76.855921371291103, 28.220197371836999 ], [ 76.856760227984907, 28.220064174792501 ], [ 76.857419841135098, 28.220095820543399 ] ], [ [ 76.863547829939208, 28.219636078896357 ], [ 76.861869394014974, 28.220257800205548 ], [ 76.862454304516206, 28.219772407334901 ], [ 76.863021093849795, 28.219703769555299 ], [ 76.863547829939208, 28.219636078896357 ] ], [ [ 76.863654974595448, 28.219622309776437 ], [ 76.864229225557679, 28.219548512998863 ], [ 76.863423276492725, 28.220043245442934 ], [ 76.863654974595448, 28.219622309776437 ] ], [ [ 76.832017129715496, 28.244216491118401 ], [ 76.803965091588594, 28.248372118105301 ], [ 76.798022098180297, 28.245881814840299 ], [ 76.7909331661848, 28.237310506602402 ], [ 76.785953279050503, 28.2291661041866 ], [ 76.782898984626698, 28.225823819221802 ], [ 76.778898473154399, 28.2267579129288 ], [ 76.772361905035595, 28.234382168992532 ], [ 76.772443481356703, 28.234131284584201 ], [ 76.779159929614494, 28.226297182423401 ], [ 76.783160441086693, 28.225363084684499 ], [ 76.786214735510598, 28.228705384076601 ], [ 76.791194622644895, 28.236849821655099 ], [ 76.798283554640307, 28.245421166908798 ], [ 76.804226548048604, 28.247911480930298 ], [ 76.832278586175605, 28.2437558359942 ], [ 76.836128697211294, 28.241447099282802 ], [ 76.855805134938151, 28.233869143785345 ], [ 76.855553666590794, 28.234325994912901 ], [ 76.835867240751199, 28.241907764377899 ], [ 76.832017129715496, 28.244216491118401 ] ], [ [ 76.738508665691597, 28.2532461149159 ], [ 76.7326709952588, 28.255652025221998 ], [ 76.722238590369699, 28.2624514822928 ], [ 76.711054821102294, 28.262236143809201 ], [ 76.702358327854796, 28.260367065382798 ], [ 76.694595411461194, 28.262404378273001 ], [ 76.687235811680793, 28.2615433956 ], [ 76.682159322081631, 28.262822627574316 ], [ 76.6823485848697, 28.262380245100001 ], [ 76.687497268140902, 28.261082815330798 ], [ 76.694856867921303, 28.261943801724499 ], [ 76.702619784314905, 28.259906480030299 ], [ 76.711316277562304, 28.2617755665337 ], [ 76.722500046829794, 28.261990905947901 ], [ 76.732932451718895, 28.255191419496501 ], [ 76.738770122151706, 28.252785498795902 ], [ 76.757011005087193, 28.247464036509999 ], [ 76.770296250553017, 28.240391572758146 ], [ 76.7701698363894, 28.240780352311699 ], [ 76.756749548627099, 28.247924675617799 ], [ 76.738508665691597, 28.2532461149159 ] ], [ [ 76.661594489755402, 28.317707778504101 ], [ 76.657710828941816, 28.320234670826721 ], [ 76.657681644871801, 28.319963449638699 ], [ 76.661855946215496, 28.317247441163499 ], [ 76.676604782095893, 28.316483346876701 ], [ 76.686256025638713, 28.314595002466927 ], [ 76.68628540489, 28.314998447160601 ], [ 76.676343325635798, 28.3169436875252 ], [ 76.661594489755402, 28.317707778504101 ] ], [ [ 76.651903673777795, 28.4010760747246 ], [ 76.645636494553102, 28.4096438463502 ], [ 76.645812366616568, 28.409739890047579 ], [ 76.638101293897606, 28.418390131566898 ], [ 76.635222732642802, 28.420071813025444 ], [ 76.638048265448006, 28.417969002606501 ], [ 76.638159227148606, 28.417894689600502 ], [ 76.645897951013197, 28.409183907616299 ], [ 76.652165130237904, 28.4006160987934 ], [ 76.659890718936396, 28.395310752920601 ], [ 76.66459148262102, 28.388989650398358 ], [ 76.664532961694803, 28.3891767911832 ], [ 76.659629262476301, 28.395770751879901 ], [ 76.651903673777795, 28.4010760747246 ] ], [ [ 76.647277312696772, 28.410539896798081 ], [ 76.653430062362503, 28.4138999121142 ], [ 76.666576009450452, 28.423159137433164 ], [ 76.647277312696772, 28.410539896798081 ] ], [ [ 76.673797631274596, 28.4299162611116 ], [ 76.676061603182902, 28.440128716999201 ], [ 76.67795846129323, 28.445810691978387 ], [ 76.670226255793494, 28.425546000005699 ], [ 76.670141309132759, 28.425490454164105 ], [ 76.675187097745393, 28.4239025957222 ], [ 76.676872736070393, 28.425776966632299 ], [ 76.673797631274596, 28.4299162611116 ] ], [ [ 76.687246649540342, 28.453028376418789 ], [ 76.691845039555801, 28.452710848734 ], [ 76.709551026939252, 28.457755441962703 ], [ 76.687246649540342, 28.453028376418789 ] ], [ [ 76.739190767266606, 28.469870825599902 ], [ 76.744290141113495, 28.465007737854801 ], [ 76.752254341216101, 28.462910588608199 ], [ 76.760577951873998, 28.4628814680208 ], [ 76.760579117613077, 28.462882417456267 ], [ 76.752526886480098, 28.462910588608199 ], [ 76.744562686377506, 28.465007737854801 ], [ 76.739463312530503, 28.469870825599902 ], [ 76.731645311443799, 28.4827324537533 ], [ 76.721382024288403, 28.489012428556698 ], [ 76.709819830724399, 28.491107996941999 ], [ 76.709811142327013, 28.491060174692297 ], [ 76.721109479024506, 28.489012428556698 ], [ 76.731372766179803, 28.4827324537533 ], [ 76.739190767266606, 28.469870825599902 ] ], [ [ 76.789246533424802, 28.4672826843785 ], [ 76.794926446218994, 28.467119400460199 ], [ 76.794941739631327, 28.467126795836119 ], [ 76.789519078688798, 28.4672826843785 ], [ 76.778860322602597, 28.472938306194301 ], [ 76.776900970305505, 28.474811315427999 ], [ 76.772493136632306, 28.4753553853044 ], [ 76.77244125049279, 28.475328148799704 ], [ 76.776628425041594, 28.474811315427999 ], [ 76.7785877773387, 28.472938306194301 ], [ 76.789246533424802, 28.4672826843785 ] ], [ [ 76.880505627838374, 28.499073637009936 ], [ 76.864371089245196, 28.4994761928969 ], [ 76.829590676826797, 28.503373737248999 ], [ 76.829466462571261, 28.503357115057263 ], [ 76.864098543981299, 28.4994761928969 ], [ 76.880494324154199, 28.499067119046298 ], [ 76.880505627838374, 28.499073637009936 ] ], [ [ 76.300748894896785, 28.382433167880908 ], [ 76.299713736322801, 28.39028213057 ], [ 76.302906680321001, 28.401756259454 ], [ 76.302526772210229, 28.40179056571754 ], [ 76.299452279862805, 28.390742151352601 ], [ 76.300517922538205, 28.382662081768402 ], [ 76.300748894896785, 28.382433167880908 ] ], [ [ 76.328598333953394, 28.371513789217801 ], [ 76.328476074969856, 28.371559774394338 ], [ 76.330822952465695, 28.364577737412201 ], [ 76.330930016518934, 28.3645769275678 ], [ 76.328598333953394, 28.371513789217801 ] ], [ [ 76.376439412474795, 28.402698393254699 ], [ 76.376172347944021, 28.402664637761305 ], [ 76.376079866273898, 28.394522752008701 ], [ 76.376346939180578, 28.394557209569196 ], [ 76.376439412474795, 28.402698393254699 ] ], [ [ 76.389869041817704, 28.364382590999799 ], [ 76.376084856415304, 28.365668711295601 ], [ 76.359926031153094, 28.3671083169518 ], [ 76.360356015153698, 28.3599051899022 ], [ 76.359569464664006, 28.3460924300987 ], [ 76.359845883761452, 28.345894978502056 ], [ 76.360617471613807, 28.3594450353696 ], [ 76.360187487613203, 28.3666481936495 ], [ 76.376346312875299, 28.365208581751101 ], [ 76.390130498277799, 28.3639224558788 ], [ 76.392702388410896, 28.371139501404802 ], [ 76.392897691136895, 28.377179914122799 ], [ 76.397512713145503, 28.395543635427 ], [ 76.397155269524433, 28.395621690706349 ], [ 76.3926362346768, 28.377639991750002 ], [ 76.392440931950901, 28.3715996052306 ], [ 76.389869041817704, 28.364382590999799 ] ], [ [ 76.361003898102993, 28.3137141285113 ], [ 76.353182160922898, 28.310194677101698 ], [ 76.3500347372552, 28.3036170942609 ], [ 76.352964862947303, 28.2966673814418 ], [ 76.355795573883498, 28.281135484646899 ], [ 76.346425852619305, 28.2703871042891 ], [ 76.346764469402032, 28.270015076303533 ], [ 76.356057030343493, 28.2806749890694 ], [ 76.353226319407398, 28.296206953043001 ], [ 76.350296193715295, 28.303156695932 ], [ 76.353443617382993, 28.309734307238799 ], [ 76.361265354563002, 28.313253773882199 ], [ 76.363595322102, 28.321629758314501 ], [ 76.371288336091695, 28.324804258938801 ], [ 76.366739695989295, 28.340697120579598 ], [ 76.366576623200203, 28.340813607184131 ], [ 76.3710268796316, 28.3252645635603 ], [ 76.363333865641906, 28.3220900766817 ], [ 76.361003898102993, 28.3137141285113 ] ], [ [ 76.351924741408993, 28.241759480677501 ], [ 76.347349848940794, 28.2259816594276 ], [ 76.345282671860105, 28.2233086362634 ], [ 76.331949533256804, 28.223899413168699 ], [ 76.325475863687601, 28.2088978262274 ], [ 76.319754751459598, 28.2051845023216 ], [ 76.311142905562903, 28.204610157158498 ], [ 76.308066131697402, 28.198180061164599 ], [ 76.311832243965895, 28.191112999474701 ], [ 76.31186189825408, 28.191087090895468 ], [ 76.308327588157496, 28.1977192073605 ], [ 76.311404362022998, 28.204149331086999 ], [ 76.320016207919707, 28.2047236787275 ], [ 76.325737320147695, 28.208437018651502 ], [ 76.332210989716799, 28.223438670325201 ], [ 76.345544128320199, 28.222847890870099 ], [ 76.347611305400804, 28.225520925571601 ], [ 76.352186197869102, 28.241298814942098 ], [ 76.3517017139785, 28.249704543597701 ], [ 76.353905097215801, 28.2585454650484 ], [ 76.352048346897206, 28.264036527187599 ], [ 76.351880135915636, 28.264221336288312 ], [ 76.353643640755706, 28.259006056281901 ], [ 76.351440257518405, 28.250165173027298 ], [ 76.351924741408993, 28.241759480677501 ] ], [ [ 76.312045187708918, 28.178999022802426 ], [ 76.312080288578798, 28.178992213653899 ], [ 76.315006610803906, 28.177932950834499 ], [ 76.318732751635594, 28.176534226555599 ], [ 76.319547055575995, 28.1762285316948 ], [ 76.321320427863199, 28.1762114297977 ], [ 76.323222172997802, 28.174263823606001 ], [ 76.323158548919494, 28.173230996234999 ], [ 76.324392656253394, 28.1728512621779 ], [ 76.327737305041794, 28.171821530156802 ], [ 76.329429903513599, 28.1710965895175 ], [ 76.330308181875296, 28.170720272874199 ], [ 76.332372716112403, 28.1700638859908 ], [ 76.334094231353205, 28.169516856097299 ], [ 76.335647591854297, 28.172193626089399 ], [ 76.341557491327507, 28.170655646264098 ], [ 76.346311930969904, 28.169936565785299 ], [ 76.3472574356542, 28.168580182340001 ], [ 76.348117699201197, 28.1682468012817 ], [ 76.349627869601804, 28.167658787758999 ], [ 76.352437622842402, 28.165433334909999 ], [ 76.354147502205294, 28.1643830025161 ], [ 76.355552023541904, 28.1632476706068 ], [ 76.356612713805205, 28.163013783826699 ], [ 76.359024778378, 28.1613742669125 ], [ 76.358202635738394, 28.1604843715238 ], [ 76.3584914692551, 28.159314945086201 ], [ 76.356925061622803, 28.157044730362099 ], [ 76.3559150507146, 28.155082618717501 ], [ 76.357993373192997, 28.155152288813799 ], [ 76.360123090983706, 28.155309423168099 ], [ 76.359010240941799, 28.1506993356018 ], [ 76.358994405439901, 28.1494449288383 ], [ 76.357760147188998, 28.143980841362101 ], [ 76.359271858200302, 28.143293436310302 ], [ 76.359758129738296, 28.143047171200902 ], [ 76.360630821477301, 28.1426075350304 ], [ 76.362134451244202, 28.141335773928699 ], [ 76.363431722719099, 28.1397524081965 ], [ 76.365083967071698, 28.138210612263201 ], [ 76.366941397415005, 28.1368450188473 ], [ 76.367080974050594, 28.136762405680301 ], [ 76.367796008762198, 28.136342340952801 ], [ 76.368711173746107, 28.1360488929834 ], [ 76.372546320645895, 28.135832288828801 ], [ 76.375379507339005, 28.135145003388502 ], [ 76.378358316329596, 28.134352405119401 ], [ 76.381644605167196, 28.133870288389598 ], [ 76.384203959310497, 28.1332239525481 ], [ 76.384201750931538, 28.13325795975631 ], [ 76.368542980378905, 28.138187227327599 ], [ 76.366112911771197, 28.142657654395901 ], [ 76.364703260155906, 28.154596129858501 ], [ 76.361977901839694, 28.161003454373098 ], [ 76.351343460453293, 28.168764902511999 ], [ 76.344647153322498, 28.1721828887943 ], [ 76.334680127852906, 28.172277998432499 ], [ 76.317427789683506, 28.178230236924499 ], [ 76.317327432594993, 28.1782427236 ], [ 76.316255158556103, 28.187016285807001 ], [ 76.31602551006435, 28.187216927675721 ], [ 76.317065976134899, 28.178703661368999 ], [ 76.313411232503796, 28.1791907097444 ], [ 76.312045187708918, 28.178999022802426 ] ], [ [ 76.425434666605071, 28.141768851574351 ], [ 76.4210221595268, 28.142225254983 ], [ 76.41539291146907, 28.14234648945239 ], [ 76.417333776683193, 28.142222268705599 ], [ 76.422143117762502, 28.1419919179483 ], [ 76.425434666605071, 28.141768851574351 ] ], [ [ 76.43041527324884, 28.141253687335738 ], [ 76.433931495436994, 28.140792770936699 ], [ 76.433975260774588, 28.140885463463761 ], [ 76.43041527324884, 28.141253687335738 ] ], [ [ 76.453046521405469, 28.146602312588804 ], [ 76.448509102202607, 28.14678052868695 ], [ 76.449645435444594, 28.146548121050301 ], [ 76.450912925971096, 28.146624961095199 ], [ 76.453046521405469, 28.146602312588804 ] ], [ [ 76.4768780824716, 28.1485023305796 ], [ 76.477579556215701, 28.147955498600599 ], [ 76.476304057208395, 28.147296852502599 ], [ 76.477007786622195, 28.143205278602299 ], [ 76.476748999056795, 28.142804194373198 ], [ 76.4747953151291, 28.1407155377733 ], [ 76.473250105042595, 28.1388480975343 ], [ 76.473129315772894, 28.137414349998799 ], [ 76.472404525357206, 28.136298479072 ], [ 76.472986416269094, 28.136039528839898 ], [ 76.474091400662402, 28.135549296045799 ], [ 76.473776226745002, 28.134744894246701 ], [ 76.474730885262005, 28.134152487093999 ], [ 76.478450604936, 28.132092971302601 ], [ 76.478237835367693, 28.131332634056601 ], [ 76.478934263274795, 28.130381948833001 ], [ 76.481246180964803, 28.129100196193299 ], [ 76.483969480342495, 28.128217847061102 ], [ 76.48480597514147, 28.129681709006874 ], [ 76.481998522710199, 28.1304190334601 ], [ 76.478766959239707, 28.1331913066998 ], [ 76.481167670005604, 28.144289216922701 ], [ 76.479831188865205, 28.1494330407699 ], [ 76.474019796849404, 28.1502966311688 ], [ 76.473997635919986, 28.150279254276946 ], [ 76.474469399157499, 28.150186702408998 ], [ 76.476330515288495, 28.149225768849899 ], [ 76.4768780824716, 28.1485023305796 ] ], [ [ 76.492514995536794, 28.126798316457901 ], [ 76.491329627196905, 28.125331051979799 ], [ 76.490888995465198, 28.122732018728598 ], [ 76.489863186784405, 28.121847400412399 ], [ 76.488942648976803, 28.119738682758001 ], [ 76.488712680264001, 28.119210933548501 ], [ 76.491054038440794, 28.120038393200598 ], [ 76.493674672957894, 28.119068970040601 ], [ 76.494233772712604, 28.119241118853601 ], [ 76.495272309347556, 28.119471917446049 ], [ 76.494563507422498, 28.122789237323101 ], [ 76.498556801829693, 28.128347642651999 ], [ 76.493911938685699, 28.129573869625101 ], [ 76.493121863873156, 28.129550510358502 ], [ 76.493261029312293, 28.129436890962001 ], [ 76.493144961587703, 28.128361866936199 ], [ 76.492514995536794, 28.126798316457901 ] ], [ [ 76.501463350338796, 28.100648789443099 ], [ 76.500647435719102, 28.100253841796299 ], [ 76.499382326626403, 28.100310546213301 ], [ 76.496790687031705, 28.0996664566661 ], [ 76.495871844936801, 28.099574302016698 ], [ 76.497522185167597, 28.0993921414385 ], [ 76.506587995591303, 28.101267762933499 ], [ 76.506093159515302, 28.110630327916699 ], [ 76.506892112145906, 28.117198860459101 ], [ 76.50317916596137, 28.117289739982379 ], [ 76.501903350554898, 28.114060220280798 ], [ 76.500991464421801, 28.110390115002499 ], [ 76.501463350338796, 28.100648789443099 ] ], [ [ 76.487977731878971, 28.10044563519525 ], [ 76.492135436979154, 28.099986717724235 ], [ 76.491377951169298, 28.100084182426301 ], [ 76.489004108115296, 28.100558988040198 ], [ 76.487977731878971, 28.10044563519525 ] ], [ [ 76.476723994450893, 28.108907188383501 ], [ 76.4757604201546, 28.108784438721599 ], [ 76.475140647287304, 28.1079382113317 ], [ 76.474526016376601, 28.107746249367999 ], [ 76.473868081279406, 28.107457748343801 ], [ 76.473163758079195, 28.107778952884399 ], [ 76.470591048682493, 28.108524086093698 ], [ 76.470074326052995, 28.107766983333601 ], [ 76.469014485595906, 28.10804909862 ], [ 76.468052091686005, 28.108059404957899 ], [ 76.464817949152305, 28.108543010939801 ], [ 76.464606485734393, 28.1079157365632 ], [ 76.463852474020896, 28.1083276879259 ], [ 76.463736119733696, 28.107207508745699 ], [ 76.462320702731105, 28.107400868627799 ], [ 76.461056731803794, 28.1075497269583 ], [ 76.460884029792098, 28.106026247301401 ], [ 76.459673346927502, 28.1063978975167 ], [ 76.458296706602397, 28.105695032055401 ], [ 76.457726747114194, 28.1047579277319 ], [ 76.456830391055703, 28.1021207190146 ], [ 76.453689517004705, 28.094080730934799 ], [ 76.452632907787702, 28.090817916635999 ], [ 76.449121929636306, 28.089553104838 ], [ 76.450515649630006, 28.088376347862699 ], [ 76.451274726943396, 28.087734270227099 ], [ 76.453179832675403, 28.086324173818898 ], [ 76.456748897689707, 28.084357119386599 ], [ 76.460866335675902, 28.0818448585512 ], [ 76.465516842934903, 28.079728412416902 ], [ 76.465825343268094, 28.079589740555601 ], [ 76.466888593730005, 28.079578377353901 ], [ 76.468648664662794, 28.078706648883902 ], [ 76.470288304373184, 28.079146025551996 ], [ 76.467521022062996, 28.079681651115099 ], [ 76.462144930277702, 28.082480071401399 ], [ 76.457295892646002, 28.087869103710698 ], [ 76.459945880513303, 28.092353008148901 ], [ 76.462647324778402, 28.100586909093298 ], [ 76.465628817935098, 28.1050821807587 ], [ 76.469695982604705, 28.106592701780901 ], [ 76.475005513719097, 28.107659436391799 ], [ 76.478186583751906, 28.107524631244484 ], [ 76.478079903455907, 28.108039687657801 ], [ 76.477479811778096, 28.108630548214201 ], [ 76.476723994450893, 28.108907188383501 ] ], [ [ 76.480673286680499, 28.076826476783801 ], [ 76.481282465715793, 28.076309953759299 ], [ 76.484927659357098, 28.073280873558598 ], [ 76.486316496108898, 28.0731349741325 ], [ 76.487468603427104, 28.072283120154999 ], [ 76.489146969889802, 28.070856943430599 ], [ 76.490953856523703, 28.0697159180325 ], [ 76.493618259656401, 28.0674463653483 ], [ 76.494863095569698, 28.065952645235299 ], [ 76.498170134592101, 28.063493246212499 ], [ 76.4994713128401, 28.062400507973699 ], [ 76.5018757929369, 28.060580406556401 ], [ 76.501749009209306, 28.0601508170224 ], [ 76.501451483593897, 28.059149993536401 ], [ 76.498928292928994, 28.056079588578399 ], [ 76.498641118600602, 28.055180179748401 ], [ 76.498557348005406, 28.054917084981799 ], [ 76.497033977326666, 28.053680379967105 ], [ 76.498283875680102, 28.0538869723052 ], [ 76.503257612948005, 28.055713014599799 ], [ 76.506379624174599, 28.059376606919901 ], [ 76.504107774939598, 28.062283859704699 ], [ 76.494621686811897, 28.0697735707368 ], [ 76.4786195142606, 28.0809958848888 ], [ 76.475045151001638, 28.079714299036972 ], [ 76.477218976053905, 28.079690932996201 ], [ 76.478922540260399, 28.078415786351801 ], [ 76.480673286680499, 28.076826476783801 ] ], [ [ 76.490539662210793, 28.053433932792899 ], [ 76.490456131903215, 28.053400001831164 ], [ 76.492515770782902, 28.0529335777561 ], [ 76.496608875899, 28.053610116095143 ], [ 76.493286415702201, 28.054437512822499 ], [ 76.492315213810897, 28.053728278996001 ], [ 76.490539662210793, 28.053433932792899 ] ], [ [ 76.474873336506505, 28.058131664234399 ], [ 76.473768627896007, 28.058770807352101 ], [ 76.473351985673901, 28.057922361637999 ], [ 76.471841678729504, 28.058522983091699 ], [ 76.471524932760303, 28.0575831990054 ], [ 76.470061816114296, 28.057914767202199 ], [ 76.469849209141103, 28.057197268971098 ], [ 76.468395873351895, 28.058246239248 ], [ 76.464867167846705, 28.059360227575901 ], [ 76.462896638710802, 28.0596497591836 ], [ 76.459559664229999, 28.0532635945669 ], [ 76.458583839608195, 28.051394384668001 ], [ 76.456632919796704, 28.0455823146238 ], [ 76.455373657838095, 28.043194877760001 ], [ 76.455126380386503, 28.042725904476701 ], [ 76.457783933865201, 28.0421539349779 ], [ 76.458406448390704, 28.042018707952799 ], [ 76.462437638228195, 28.040673890804602 ], [ 76.464005642599602, 28.04178958020518 ], [ 76.462395633005499, 28.044351829777799 ], [ 76.462684707270697, 28.0497458664234 ], [ 76.466655879765696, 28.056655567456598 ], [ 76.477054256717793, 28.055964657337924 ], [ 76.476268447990506, 28.056501106757601 ], [ 76.476595655739501, 28.058203406911002 ], [ 76.474873336506505, 28.058131664234399 ] ], [ [ 76.5014685830254, 28.037953501574201 ], [ 76.501702228542499, 28.037427461009202 ], [ 76.501920189474902, 28.0371453013395 ], [ 76.502544253594394, 28.0367616560236 ], [ 76.502734991081994, 28.036488793699299 ], [ 76.502820545731296, 28.0360117781327 ], [ 76.503790030942199, 28.032487993929699 ], [ 76.503882026512102, 28.0317897608011 ], [ 76.503935514000702, 28.0316583141365 ], [ 76.504804775971905, 28.031583350302899 ], [ 76.506450300027893, 28.031466039807199 ], [ 76.507244056802804, 28.031310677045401 ], [ 76.508179287514253, 28.031022438441699 ], [ 76.507169526278702, 28.034818146850402 ], [ 76.504739516959802, 28.038271276247201 ], [ 76.500910650182206, 28.041740211435499 ], [ 76.499463020884576, 28.041620258679714 ], [ 76.499997710325303, 28.040632094086501 ], [ 76.501328669521598, 28.0385461979212 ], [ 76.5014685830254, 28.037953501574201 ] ], [ [ 76.511398650007607, 28.029820955671099 ], [ 76.511914593797698, 28.0296663501775 ], [ 76.512154862593505, 28.029663706492698 ], [ 76.513043933315004, 28.029687762912101 ], [ 76.513397275375468, 28.029780226733738 ], [ 76.508527777285963, 28.030915033708329 ], [ 76.509400057502205, 28.030646196480799 ], [ 76.510241965773005, 28.030298479204902 ], [ 76.511398650007607, 28.029820955671099 ] ], [ [ 76.539468381352293, 28.036158718277299 ], [ 76.539893055411298, 28.036070469374401 ], [ 76.540428608525801, 28.035999026712702 ], [ 76.541092454537605, 28.035829124719701 ], [ 76.541901309297501, 28.035440975771799 ], [ 76.543225576045003, 28.0348191467085 ], [ 76.543685578149194, 28.034667322787701 ], [ 76.544259089576002, 28.0346270334373 ], [ 76.5450738175212, 28.034651713560301 ], [ 76.543879706777005, 28.032679553593798 ], [ 76.543299480443395, 28.031578197032999 ], [ 76.542749744727203, 28.030697642391701 ], [ 76.541902126764398, 28.029657948905299 ], [ 76.541958490658601, 28.028393766838601 ], [ 76.541798306670401, 28.0269221687937 ], [ 76.540976834174003, 28.025126307818098 ], [ 76.540934110299105, 28.024670999772798 ], [ 76.540802101071506, 28.023257738999799 ], [ 76.541922926356506, 28.022687857860699 ], [ 76.542067105061307, 28.021118071471399 ], [ 76.542349698880003, 28.020162713233699 ], [ 76.542896816905497, 28.019615043296302 ], [ 76.543373035397195, 28.019266736061802 ], [ 76.543609428860805, 28.0189504477075 ], [ 76.544140405058997, 28.017272531641201 ], [ 76.544795902128499, 28.0145236994607 ], [ 76.545296909630395, 28.012040581228099 ], [ 76.546342251278801, 28.011356425117899 ], [ 76.546523882544406, 28.0111242367141 ], [ 76.546559093808597, 28.011008782740099 ], [ 76.546613166998796, 28.010877303563198 ], [ 76.546629492980799, 28.010730450248499 ], [ 76.546627139394801, 28.010565761782601 ], [ 76.546568632120298, 28.010385910000199 ], [ 76.546529422454796, 28.010221639758999 ], [ 76.546523813374193, 28.009829099908 ], [ 76.546574588848998, 28.0094675155323 ], [ 76.546826188095395, 28.0089727845208 ], [ 76.547226598658597, 28.007860422165201 ], [ 76.545846378546997, 28.0083678320837 ], [ 76.545661269902993, 28.008401500917401 ], [ 76.544581989004897, 28.0066581882832 ], [ 76.543408514359299, 28.004816663557101 ], [ 76.542380119428799, 28.003115622135802 ], [ 76.541538517483502, 28.001723855274001 ], [ 76.541029484432798, 28.0010549130294 ], [ 76.542388624677898, 28.000322149553298 ], [ 76.544231452906303, 27.999638089550899 ], [ 76.544325272056199, 27.998908246422602 ], [ 76.543953064999698, 27.996872672314002 ], [ 76.544217370915902, 27.996021320080999 ], [ 76.5441668047485, 27.9956383039709 ], [ 76.543967467688702, 27.995297574375702 ], [ 76.543724194926597, 27.994993449196201 ], [ 76.543569983836704, 27.994652209118101 ], [ 76.543658003463193, 27.9934711391262 ], [ 76.543827875781702, 27.9901839818681 ], [ 76.543699364593806, 27.9890595022719 ], [ 76.543256793399394, 27.987342859408901 ], [ 76.543145035791497, 27.986813861012902 ], [ 76.542777275395693, 27.9856649992009 ], [ 76.541980901828296, 27.984270470872399 ], [ 76.541506232032205, 27.983465764348502 ], [ 76.540109975196202, 27.9818861541772 ], [ 76.539965323079301, 27.981723058206502 ], [ 76.538241091333006, 27.980178689955299 ], [ 76.538034371019805, 27.979849322521702 ], [ 76.538018204937998, 27.9787100261638 ], [ 76.537797193326995, 27.9767923261955 ], [ 76.538932410521198, 27.970240690494801 ], [ 76.539440394339593, 27.967534122944201 ], [ 76.539752499612007, 27.967275649014201 ], [ 76.540809781667093, 27.966880232164101 ], [ 76.543426493241398, 27.965120288354399 ], [ 76.544364891353496, 27.964498260448 ], [ 76.544906189194293, 27.9641853278297 ], [ 76.545534689194596, 27.963975205467701 ], [ 76.5462513974676, 27.96389042185 ], [ 76.547113111793806, 27.9639055565444 ], [ 76.548607700017399, 27.964017356445598 ], [ 76.551776659895793, 27.964771386853901 ], [ 76.553650243744499, 27.9652601621987 ], [ 76.554149855264498, 27.965365096026101 ], [ 76.554366510046407, 27.965410014702702 ], [ 76.555725164302899, 27.9656992792975 ], [ 76.557206776362307, 27.965921688317401 ], [ 76.557725829221596, 27.9659654539293 ], [ 76.558836497255797, 27.966061177110099 ], [ 76.561048928324595, 27.9662098367941 ], [ 76.562743524649605, 27.966177052133499 ], [ 76.563629025466199, 27.968678323893499 ], [ 76.5639575438572, 27.9696064628084 ], [ 76.564160540653504, 27.970730074977102 ], [ 76.564814656257113, 27.972489152567981 ], [ 76.562083921380903, 27.969591275756599 ], [ 76.555236339752796, 27.965938281025199 ], [ 76.546806479058105, 27.965115745220501 ], [ 76.542123774382702, 27.968308461997399 ], [ 76.539674192570402, 27.973920959579001 ], [ 76.540586200874401, 27.980292293641298 ], [ 76.544198777586104, 27.987638527057399 ], [ 76.545086812550096, 27.999310391701101 ], [ 76.547129312909902, 27.999950259394002 ], [ 76.546414641117707, 28.002094064179499 ], [ 76.547313416339193, 28.0066454317999 ], [ 76.547246061557502, 28.011273818488199 ], [ 76.544232147304001, 28.020312104024899 ], [ 76.5472510211562, 28.033701236908001 ], [ 76.539972170038396, 28.037714029979401 ], [ 76.5345988908782, 28.040055668623701 ], [ 76.533607634253741, 28.03917523666475 ], [ 76.535708575257104, 28.037994606351099 ], [ 76.538980283539303, 28.0363492176458 ], [ 76.539468381352293, 28.036158718277299 ] ], [ [ 76.579288347006198, 27.978930523433601 ], [ 76.5795369773207, 27.979074318204301 ], [ 76.579795933769304, 27.979403017651901 ], [ 76.581362230908795, 27.982365645002002 ], [ 76.581663227386969, 27.982842058650146 ], [ 76.576981942736964, 27.97882669446324 ], [ 76.578155334277696, 27.9788803459099 ], [ 76.578915263194006, 27.978923512068199 ], [ 76.579288347006198, 27.978930523433601 ] ], [ [ 76.602950003690879, 27.999957712039059 ], [ 76.601618718885902, 27.999015724649478 ], [ 76.601832351493798, 27.999046674913199 ], [ 76.602860900934601, 27.9993663562032 ], [ 76.602950003690879, 27.999957712039059 ] ], [ [ 76.612651875473105, 28.0045023021123 ], [ 76.6135574437548, 28.004410433573199 ], [ 76.615044163634906, 28.004253094142602 ], [ 76.616339927736703, 28.004287484427799 ], [ 76.617616002564105, 28.004238628170501 ], [ 76.6184483231158, 28.004179204959801 ], [ 76.619817046588395, 28.0041630852919 ], [ 76.621814593454701, 28.0041237235971 ], [ 76.626601500008206, 28.003827998061698 ], [ 76.629910125455297, 28.0036173120786 ], [ 76.632294905497901, 28.003464911164599 ], [ 76.635032453952604, 28.003400786584798 ], [ 76.637034066593998, 28.003589069992401 ], [ 76.637837651836406, 28.003523077643301 ], [ 76.639074631084398, 28.003327841448101 ], [ 76.640473209166998, 28.002850856606301 ], [ 76.6443608751716, 28.004198804105901 ], [ 76.647768486878206, 28.004857456597499 ], [ 76.648994522849307, 28.005154105679999 ], [ 76.649739432832405, 28.005490379266099 ], [ 76.651216752314781, 28.00625174598327 ], [ 76.645664115053194, 28.005161972710201 ], [ 76.634098330922996, 28.004973392248701 ], [ 76.624735124241198, 28.0058049392809 ], [ 76.612675043922593, 28.005313232294402 ], [ 76.609061097204091, 28.004622544054879 ], [ 76.610487117098103, 28.004496091887201 ], [ 76.611411903936997, 28.004501040238999 ], [ 76.612651875473105, 28.0045023021123 ] ], [ [ 76.656307776747596, 28.0824563763105 ], [ 76.657208823808503, 28.085676468016 ], [ 76.657355361489195, 28.086687753022499 ], [ 76.657645591886194, 28.087487473308801 ], [ 76.65779583372256, 28.088071008487429 ], [ 76.656784763298901, 28.086705343935598 ], [ 76.655866032901599, 28.079609869675501 ], [ 76.655922116035597, 28.079295775771513 ], [ 76.655975022800007, 28.080086813076299 ], [ 76.656106104068002, 28.081375806607898 ], [ 76.656307776747596, 28.0824563763105 ] ], [ [ 76.660874420884895, 28.090320646532199 ], [ 76.661060972223297, 28.0904154048648 ], [ 76.661409705403102, 28.0905916675516 ], [ 76.662310895296201, 28.091041041231499 ], [ 76.662877709782606, 28.091253026879802 ], [ 76.663360355720101, 28.091328397657598 ], [ 76.664135440113597, 28.091188129638599 ], [ 76.667627585983297, 28.090669651656199 ], [ 76.6714263529108, 28.0902782018347 ], [ 76.672682413273606, 28.090066603379501 ], [ 76.676340960371704, 28.089577456934499 ], [ 76.679004283729398, 28.0893485947187 ], [ 76.682341640892602, 28.089027939692599 ], [ 76.6839127035947, 28.088828157483299 ], [ 76.684791360147102, 28.0886030184775 ], [ 76.687914974866501, 28.087795239458799 ], [ 76.689255380746403, 28.0906170995863 ], [ 76.6860267403938, 28.0919947823628 ], [ 76.686174400991476, 28.092282829492255 ], [ 76.672880732542296, 28.092335490277399 ], [ 76.666944265394505, 28.093560147051999 ], [ 76.660153690854401, 28.0912557934716 ], [ 76.659403380856503, 28.090242341052235 ], [ 76.659540894303504, 28.090336784990999 ], [ 76.660244096406203, 28.090278625822101 ], [ 76.660874420884895, 28.090320646532199 ] ], [ [ 76.701587711865045, 28.109708815670906 ], [ 76.703468228727701, 28.108452789059299 ], [ 76.704511388296453, 28.109925190970408 ], [ 76.701587711865045, 28.109708815670906 ] ], [ [ 76.727267819267695, 28.125302199354401 ], [ 76.728358828570094, 28.1251733880015 ], [ 76.728783158574302, 28.125052963970301 ], [ 76.7307330031025, 28.1242071073845 ], [ 76.732009612427504, 28.1241097470424 ], [ 76.734164801948097, 28.1233763072762 ], [ 76.735733067296394, 28.122979671031199 ], [ 76.737935024907401, 28.122820905522801 ], [ 76.739275321192693, 28.1227678059041 ], [ 76.742095307142705, 28.121879163169901 ], [ 76.7436969458021, 28.121267664853999 ], [ 76.745275638219439, 28.123249479953952 ], [ 76.742032815840005, 28.123006946895799 ], [ 76.740660095762706, 28.122878829972699 ], [ 76.7291002162589, 28.125977151803099 ], [ 76.722289659502636, 28.126537871880341 ], [ 76.723046039266194, 28.1263142295245 ], [ 76.726588506063294, 28.1254325926562 ], [ 76.727267819267695, 28.125302199354401 ] ], [ [ 76.777520220353296, 28.143970216883801 ], [ 76.7779849574774, 28.143905520259199 ], [ 76.778463931101996, 28.144009867973502 ], [ 76.7796487173336, 28.1449285282375 ], [ 76.781303679306717, 28.145722675800325 ], [ 76.77455462391643, 28.144851073813289 ], [ 76.774837019973305, 28.1447946663036 ], [ 76.776457962529904, 28.1442660234183 ], [ 76.777520220353296, 28.143970216883801 ] ], [ [ 76.797523133447299, 28.1506942593318 ], [ 76.79763450240651, 28.151068751922914 ], [ 76.792767939944994, 28.150177960546642 ], [ 76.795336441806299, 28.149123325589301 ], [ 76.796424139918599, 28.148675899022901 ], [ 76.797523133447299, 28.1506942593318 ] ], [ [ 76.802093509186307, 28.1887787591109 ], [ 76.802680917550603, 28.188579251513602 ], [ 76.802887225537106, 28.1880124949673 ], [ 76.803176290819096, 28.187636434202201 ], [ 76.803295022946799, 28.187580712674201 ], [ 76.804046142983395, 28.188335652783501 ], [ 76.807762829945005, 28.186684753231098 ], [ 76.808252540233894, 28.1864684518502 ], [ 76.809103388538404, 28.186755032221299 ], [ 76.810398891230406, 28.186758195408199 ], [ 76.811238533051807, 28.187360745571901 ], [ 76.812885869908001, 28.189389756333501 ], [ 76.814157481006802, 28.191331230460499 ], [ 76.814326080412599, 28.1915884349348 ], [ 76.8147667893994, 28.192126316526998 ], [ 76.814725671712196, 28.192368280375199 ], [ 76.814474153314094, 28.192628813216899 ], [ 76.815008597009196, 28.193325636598601 ], [ 76.814103201299801, 28.193708991443632 ], [ 76.811844522169395, 28.1904538802861 ], [ 76.807114777214196, 28.1887655507782 ], [ 76.803073694230505, 28.193942351857299 ], [ 76.801749450427465, 28.191829324407507 ], [ 76.802277511105899, 28.190601552753002 ], [ 76.802088636724207, 28.189171391534199 ], [ 76.802093509186307, 28.1887787591109 ] ], [ [ 76.822518479546801, 28.2093593070664 ], [ 76.824970236180405, 28.2091957497463 ], [ 76.827228786103063, 28.209349308382077 ], [ 76.822480638913802, 28.2107040043953 ], [ 76.8150642269798, 28.210269425979298 ], [ 76.814550026521914, 28.209772457227828 ], [ 76.815919755506997, 28.2092214576099 ], [ 76.819477181050104, 28.209264418028599 ], [ 76.822518479546801, 28.2093593070664 ] ], [ [ 76.846742312021036, 28.219630967089962 ], [ 76.847282550783206, 28.219438985652701 ], [ 76.847414861605174, 28.219702271999381 ], [ 76.846742312021036, 28.219630967089962 ] ], [ [ 76.87275874449729, 28.219241499735318 ], [ 76.872696807350806, 28.219431765976999 ], [ 76.872110335446266, 28.219286909008165 ], [ 76.87275874449729, 28.219241499735318 ] ], [ [ 76.873660130118793, 28.211637333501098 ], [ 76.874396767516401, 28.211525723084399 ], [ 76.873845872973504, 28.2099133969791 ], [ 76.873356885828301, 28.2092568161043 ], [ 76.872945236442604, 28.207486907464101 ], [ 76.872585055132902, 28.206366061831599 ], [ 76.874564188332499, 28.2055087117736 ], [ 76.875497029466302, 28.205586176040999 ], [ 76.876915966068296, 28.206155563439999 ], [ 76.876923518869887, 28.206158563835267 ], [ 76.875226984213796, 28.2063061480345 ], [ 76.874868512397896, 28.2127604518985 ], [ 76.874037078994007, 28.215314552594698 ], [ 76.873897523407294, 28.215169353112799 ], [ 76.873748538715802, 28.2137839065348 ], [ 76.873609815479696, 28.212366741705601 ], [ 76.873660130118793, 28.211637333501098 ] ], [ [ 76.890757121727702, 28.203277967411299 ], [ 76.891462033324402, 28.203320121931501 ], [ 76.891873196721505, 28.203639305241602 ], [ 76.8937550208164, 28.205109030347302 ], [ 76.894992649546197, 28.204744453292999 ], [ 76.898140694848095, 28.203502847271299 ], [ 76.899515299590803, 28.202820478013699 ], [ 76.900715309571495, 28.202275903619601 ], [ 76.905093054174301, 28.201168193492201 ], [ 76.907257776616703, 28.200528898342199 ], [ 76.907745645359299, 28.200504054489802 ], [ 76.907800156927394, 28.199738491922002 ], [ 76.907789979015206, 28.199165593993701 ], [ 76.907492772475891, 28.198725495182927 ], [ 76.908920175525296, 28.1995359306419 ], [ 76.905745113391205, 28.202391629304799 ], [ 76.895746846312704, 28.2052671386692 ], [ 76.888327354953901, 28.205166526324799 ], [ 76.883512825983104, 28.205585349718881 ], [ 76.887102169687395, 28.204481290026401 ], [ 76.888795682644101, 28.2038645651295 ], [ 76.889826180530804, 28.203342728679502 ], [ 76.890757121727702, 28.203277967411299 ] ], [ [ 76.9026597561231, 28.199119711326698 ], [ 76.901053859449306, 28.195721858835501 ], [ 76.900543348644504, 28.194779826512296 ], [ 76.906501714364069, 28.198162802931385 ], [ 76.905137858547405, 28.198561823070499 ], [ 76.903410176372105, 28.1991814817186 ], [ 76.902842597419394, 28.1991983970604 ], [ 76.9026597561231, 28.199119711326698 ] ], [ [ 76.891637172465494, 28.188107269859302 ], [ 76.891704881183401, 28.187434043180499 ], [ 76.892275315880298, 28.186932063652701 ], [ 76.892449648334306, 28.1862754001566 ], [ 76.892663881258201, 28.185464769584499 ], [ 76.892797258620007, 28.185013965109501 ], [ 76.892903751201999, 28.184662799139499 ], [ 76.893969313029103, 28.184372813945501 ], [ 76.898099739908091, 28.183252637007914 ], [ 76.893085837015093, 28.186435918835599 ], [ 76.892919029748299, 28.189498250521201 ], [ 76.894775524047105, 28.191505033469902 ], [ 76.897258528436595, 28.192914806836207 ], [ 76.893177528954496, 28.192974881132301 ], [ 76.892341437275206, 28.191010122843899 ], [ 76.892018147079099, 28.1900399795101 ], [ 76.891637172465494, 28.188107269859302 ] ], [ [ 76.904337785717701, 28.176163513271799 ], [ 76.905291730074097, 28.175435062396598 ], [ 76.906982941547099, 28.1741458557489 ], [ 76.9076831756161, 28.173576610625499 ], [ 76.907675530054703, 28.1731457963295 ], [ 76.907070607237401, 28.1723781372982 ], [ 76.908102967331502, 28.171659861878801 ], [ 76.909047624904602, 28.171093961985299 ], [ 76.913182987873995, 28.1695314447378 ], [ 76.913560862401596, 28.169413348123399 ], [ 76.914798248586294, 28.169026066210701 ], [ 76.915089477011605, 28.169119001675401 ], [ 76.9186277756111, 28.168031060699718 ], [ 76.908175845853904, 28.174079709214201 ], [ 76.902338204156479, 28.179577433944456 ], [ 76.902264783960703, 28.178721386842302 ], [ 76.903273393497102, 28.178382474651698 ], [ 76.903703150224004, 28.1772033606495 ], [ 76.904337785717701, 28.176163513271799 ] ], [ [ 76.921103280122097, 28.165016711199801 ], [ 76.921543821124004, 28.164205122801 ], [ 76.922481667670496, 28.164083656878201 ], [ 76.922599850029201, 28.1638947407633 ], [ 76.9226241431695, 28.163544712400601 ], [ 76.922588802547907, 28.163276749016301 ], [ 76.922672614465597, 28.1628739984431 ], [ 76.922848814516996, 28.1625488914881 ], [ 76.923433059014897, 28.1613043743608 ], [ 76.9240912052162, 28.1608123334968 ], [ 76.926138393883505, 28.159951067653399 ], [ 76.927399963613993, 28.159288086339799 ], [ 76.928418652247899, 28.158603698052801 ], [ 76.927349907689702, 28.1578810137711 ], [ 76.926977827295701, 28.157430532611698 ], [ 76.927091146175499, 28.1569709430613 ], [ 76.927779793773993, 28.156478455383301 ], [ 76.9299215265317, 28.155857212362001 ], [ 76.930941603961003, 28.155251751480399 ], [ 76.932933000960901, 28.1529946815557 ], [ 76.933353493362205, 28.152774409683101 ], [ 76.933500470319103, 28.152738499466999 ], [ 76.934319834469605, 28.152546456156902 ], [ 76.935289537971002, 28.152505685115202 ], [ 76.937109843638595, 28.152558902267501 ], [ 76.9385934553477, 28.152431884389401 ], [ 76.939346807697802, 28.152179826702898 ], [ 76.939608097969597, 28.151530883820701 ], [ 76.9398422734928, 28.151071851100799 ], [ 76.940469165508802, 28.150794505519599 ], [ 76.941295923692294, 28.1509429733057 ], [ 76.941757397236898, 28.1513379940208 ], [ 76.941925542095106, 28.151522864342599 ], [ 76.942689883536104, 28.1510698400844 ], [ 76.943202999429801, 28.1504827602798 ], [ 76.943705711035804, 28.150024416909801 ], [ 76.944288992539697, 28.1502575408065 ], [ 76.946311084336998, 28.150255603913003 ], [ 76.936567378886295, 28.153631815087302 ], [ 76.930078030122203, 28.1569887046074 ], [ 76.921094969807399, 28.166603267856001 ], [ 76.921052726738353, 28.166627714391979 ], [ 76.921114851321306, 28.166555182303899 ], [ 76.921243508036298, 28.166061546856302 ], [ 76.921110979582394, 28.1654475043768 ], [ 76.921103280122097, 28.165016711199801 ] ], [ [ 76.950520258041905, 28.149518851412154 ], [ 76.950606914001497, 28.149871799834798 ], [ 76.947753342713796, 28.150024415357521 ], [ 76.948232088190494, 28.149748048394301 ], [ 76.949321841648199, 28.1497325438114 ], [ 76.950407770079394, 28.149505017067298 ], [ 76.950520258041905, 28.149518851412154 ] ], [ [ 76.951385850370897, 28.1414347686108 ], [ 76.953190616082296, 28.141379720088501 ], [ 76.954649498069998, 28.141056608971098 ], [ 76.955781175902004, 28.1414623360319 ], [ 76.956946051873601, 28.141838247790201 ], [ 76.958036382049698, 28.1418226683952 ], [ 76.958442022604501, 28.141665710695701 ], [ 76.959892184645796, 28.140830545863299 ], [ 76.960977977431398, 28.1406029368368 ], [ 76.9628518406561, 28.140533245392401 ], [ 76.963601164062197, 28.1405225072977 ], [ 76.965735746230195, 28.139887272143401 ], [ 76.967430904900596, 28.1394410601525 ], [ 76.969737011388901, 28.138864223146999 ], [ 76.970694900088105, 28.138354985451461 ], [ 76.970798924259398, 28.138709307215599 ], [ 76.965578028117505, 28.140720850570101 ], [ 76.950764648283894, 28.143410494774599 ], [ 76.949690150401295, 28.145401761830154 ], [ 76.948824786733496, 28.142980519090202 ], [ 76.948743596998099, 28.142257477465201 ], [ 76.949148144303194, 28.142039662834001 ], [ 76.951385850370897, 28.1414347686108 ] ], [ [ 76.967605219388204, 28.131501860571898 ], [ 76.966944175221798, 28.129550853558701 ], [ 76.966528931676606, 28.128273132089401 ], [ 76.966295776639598, 28.126688221774401 ], [ 76.965554953092706, 28.122802688307299 ], [ 76.964564438321105, 28.117605432908299 ], [ 76.963636849636799, 28.112957751757801 ], [ 76.963308478569601, 28.111588522223698 ], [ 76.962532561437897, 28.1085562347176 ], [ 76.962447889832504, 28.1059675181945 ], [ 76.962378021564604, 28.1038410602442 ], [ 76.962540719038998, 28.1003396100087 ], [ 76.962316505087657, 28.09884838000837 ], [ 76.964483657319207, 28.1064522619568 ], [ 76.964840473539994, 28.1184139398582 ], [ 76.970191283526034, 28.136639592706651 ], [ 76.969578734524106, 28.1354982488972 ], [ 76.968303489739995, 28.133120665359499 ], [ 76.9678077086364, 28.132103570024402 ], [ 76.967605219388204, 28.131501860571898 ] ], [ [ 76.955314820912207, 28.067818033405398 ], [ 76.955006293612541, 28.065507218018908 ], [ 76.955476915616998, 28.0660333336203 ], [ 76.9569932718166, 28.073366075193501 ], [ 76.957419968646391, 28.075822871972015 ], [ 76.956350788640506, 28.074704548316799 ], [ 76.955920880098404, 28.073544307001502 ], [ 76.955567253795195, 28.071539190632699 ], [ 76.955314820912207, 28.067818033405398 ] ], [ [ 76.950223690904593, 28.059728051928701 ], [ 76.949661771353945, 28.058687422865354 ], [ 76.950385014734721, 28.059840794350169 ], [ 76.950223690904593, 28.059728051928701 ] ], [ [ 76.942409858000801, 28.045454143343498 ], [ 76.941957976666799, 28.044400175480501 ], [ 76.941161109924295, 28.0425411471338 ], [ 76.941145000436293, 28.040228894784899 ], [ 76.940898725248275, 28.037351111697962 ], [ 76.942517553426995, 28.042838979185198 ], [ 76.946920077158495, 28.054315185262901 ], [ 76.949208488881268, 28.057964563738722 ], [ 76.947520259566105, 28.055743879713098 ], [ 76.945818833350003, 28.052916334098001 ], [ 76.944387980595806, 28.050881325186701 ], [ 76.942409858000801, 28.045454143343498 ] ], [ [ 76.939092246705897, 28.025121867128298 ], [ 76.937544586913603, 28.018452143249998 ], [ 76.937117620354002, 28.015726045399301 ], [ 76.936961985933337, 28.013949774380485 ], [ 76.939587153748704, 28.0251991961633 ], [ 76.940631769143181, 28.035878707260682 ], [ 76.940436589901594, 28.035291334804199 ], [ 76.940006858327607, 28.031676391402598 ], [ 76.939464394473603, 28.027869014883802 ], [ 76.939092246705897, 28.025121867128298 ] ], [ [ 76.942371163069893, 27.897064445727601 ], [ 76.942162722483005, 27.896909454632802 ], [ 76.941905317424798, 27.8967867410847 ], [ 76.941628067683695, 27.896655283905002 ], [ 76.941122192211296, 27.8963758855603 ], [ 76.940914654431197, 27.896272773479399 ], [ 76.940647508042105, 27.896172761590002 ], [ 76.940204065481893, 27.8960481346313 ], [ 76.940026066105005, 27.895998760165298 ], [ 76.939524518715501, 27.895926844417101 ], [ 76.938080483184507, 27.895868209490999 ], [ 76.938107874614204, 27.894092265318701 ], [ 76.938070261751719, 27.889537729173696 ], [ 76.946827994451894, 27.8906671165932 ], [ 76.946080612505909, 27.896754732306821 ], [ 76.945546596208203, 27.8968098339422 ], [ 76.943637387870197, 27.8970465880451 ], [ 76.9426378540131, 27.897137388053899 ], [ 76.942371163069893, 27.897064445727601 ] ], [ [ 76.928778953931896, 27.8308753018121 ], [ 76.928074803208204, 27.830988936868401 ], [ 76.927169123535407, 27.831367075004199 ], [ 76.925742086824499, 27.832224024460601 ], [ 76.924693074659899, 27.832786900835501 ], [ 76.924228412994395, 27.833134072147601 ], [ 76.923266938959301, 27.8336957172701 ], [ 76.922653710318798, 27.833965971050102 ], [ 76.922037742714906, 27.834080585522202 ], [ 76.919923344793105, 27.834317597453701 ], [ 76.918454624456402, 27.834468882544002 ], [ 76.917835866685294, 27.834425582447398 ], [ 76.916860577459403, 27.834204502091001 ], [ 76.915800009367004, 27.8341131989221 ], [ 76.915385383862798, 27.833988096233799 ], [ 76.915024465934493, 27.8335238223132 ], [ 76.9145331629325, 27.832355173741099 ], [ 76.9136290741761, 27.829466301120299 ], [ 76.913404877166485, 27.828226201709448 ], [ 76.916411319206006, 27.8306104343703 ], [ 76.923514197546297, 27.829303598033299 ], [ 76.930480611015, 27.826512619968 ], [ 76.934870331479473, 27.828734091817047 ], [ 76.931533451799396, 27.830209573428899 ], [ 76.930568308146306, 27.830561489252599 ], [ 76.929542538991399, 27.830785668069801 ], [ 76.928778953931896, 27.8308753018121 ] ], [ [ 76.906973070858797, 27.787496649781499 ], [ 76.907669210406695, 27.786938783877901 ], [ 76.908053609892377, 27.786458118387191 ], [ 76.909229026963743, 27.787305410602183 ], [ 76.908561401875602, 27.787474710628 ], [ 76.907769208169199, 27.787616513965599 ], [ 76.907005909672307, 27.787706026775201 ], [ 76.906973070858797, 27.787496649781499 ] ], [ [ 76.893352841470403, 27.7310264304657 ], [ 76.893030465759296, 27.729025084018801 ], [ 76.893287320593402, 27.727022467829851 ], [ 76.896235703202095, 27.7319062278345 ], [ 76.898993880568995, 27.736718999529099 ], [ 76.899069232098896, 27.73850122240686 ], [ 76.897174267502507, 27.737264356109399 ], [ 76.894344120708297, 27.735195868608901 ], [ 76.893893583253998, 27.733300051541899 ], [ 76.893352841470403, 27.7310264304657 ] ], [ [ 76.915614157816194, 27.696807126149999 ], [ 76.914337956326307, 27.6969917517632 ], [ 76.913507379404507, 27.696021781562699 ], [ 76.911821834504295, 27.6959164645031 ], [ 76.911050593103695, 27.695841365914401 ], [ 76.910379992659202, 27.6946322712853 ], [ 76.909622749705605, 27.6948503050026 ], [ 76.906423122241804, 27.696263922364398 ], [ 76.901681462930995, 27.6988741268074 ], [ 76.898425400606101, 27.7004079099368 ], [ 76.896547325180904, 27.701448950426499 ], [ 76.895613893854005, 27.701964878980501 ], [ 76.892838421223004, 27.7028602076442 ], [ 76.891294721204403, 27.702644412117699 ], [ 76.891400461896495, 27.700398034750901 ], [ 76.890852333266295, 27.6990766184888 ], [ 76.890747833147699, 27.698823092621399 ], [ 76.890393833145296, 27.697844211369901 ], [ 76.890898868984522, 27.697567109678314 ], [ 76.891138995554996, 27.698067315560898 ], [ 76.8963299463569, 27.6963690935325 ], [ 76.901818184720597, 27.692943208298601 ], [ 76.908636124639202, 27.689311766185 ], [ 76.914338201566395, 27.690524529412301 ], [ 76.9186841206552, 27.691316710464001 ], [ 76.922903600071194, 27.695486930294201 ], [ 76.922286047749594, 27.696876458172923 ], [ 76.9217673902386, 27.696484951436201 ], [ 76.919641668154298, 27.697371801747 ], [ 76.917570008480297, 27.698598543192201 ], [ 76.915614157816194, 27.696807126149999 ] ], [ [ 76.899746401977396, 27.677920188714499 ], [ 76.901531271476486, 27.676892431132522 ], [ 76.902311682306703, 27.6780146133339 ], [ 76.905044266671197, 27.680639362335999 ], [ 76.903854735240657, 27.682837259158106 ], [ 76.903363914033307, 27.682252096523101 ], [ 76.901814546543704, 27.680303695859401 ], [ 76.900030509457395, 27.678703718465101 ], [ 76.899746401977396, 27.677920188714499 ] ], [ [ 76.908156821332796, 27.661706513038201 ], [ 76.90848513581723, 27.661511041125877 ], [ 76.908413891274634, 27.66228276704939 ], [ 76.908156821332796, 27.661706513038201 ] ], [ [ 76.934968340849593, 27.656619244107201 ], [ 76.935730408654507, 27.6584180803005 ], [ 76.936181801305096, 27.659481199568301 ], [ 76.937166037751197, 27.6607286516935 ], [ 76.937853223790697, 27.6615109624741 ], [ 76.938077863697202, 27.662286203988 ], [ 76.938749039961706, 27.664600701160701 ], [ 76.939303101964299, 27.666810778807001 ], [ 76.940119362435496, 27.666756484364001 ], [ 76.941282965343802, 27.668675847966149 ], [ 76.938597581309807, 27.666367384405401 ], [ 76.935134717823402, 27.660089292028299 ], [ 76.934007751362159, 27.658323271398903 ], [ 76.934712725235499, 27.658003601459001 ], [ 76.934009380300594, 27.656300973811401 ], [ 76.934801781517805, 27.656226741534599 ], [ 76.934968340849593, 27.656619244107201 ] ], [ [ 76.214072724743801, 27.846787646821699 ], [ 76.213315105356799, 27.847216771985217 ], [ 76.213508911233561, 27.845549632916924 ], [ 76.214072724743801, 27.846787646821699 ] ], [ [ 76.199884901269712, 27.877945294961229 ], [ 76.202221611424804, 27.8781134629237 ], [ 76.202477466202524, 27.879472864633509 ], [ 76.202285565184894, 27.879323532388501 ], [ 76.199884901269712, 27.877945294961229 ] ], [ [ 76.179460743746205, 27.929744267776201 ], [ 76.179835839428563, 27.931512003264842 ], [ 76.178870741808169, 27.929773129982117 ], [ 76.179460743746205, 27.929744267776201 ] ], [ [ 76.186848275149387, 27.965783777038077 ], [ 76.186145999802406, 27.962884331641099 ], [ 76.185741270172585, 27.961515998923087 ], [ 76.185999273475502, 27.961498881009799 ], [ 76.187646318379194, 27.963314742521899 ], [ 76.188100786861298, 27.965188283003599 ], [ 76.186848275149387, 27.965783777038077 ] ], [ [ 76.191965533249601, 28.018966795932901 ], [ 76.190990541586373, 28.018912553214836 ], [ 76.198136840673897, 28.0159005653245 ], [ 76.198807497929948, 28.016847406068074 ], [ 76.1987635440437, 28.016844789014399 ], [ 76.191965533249601, 28.018966795932901 ] ], [ [ 76.21827215032387, 28.036336078558172 ], [ 76.218288760019007, 28.036426995322401 ], [ 76.216069826944107, 28.0369927377604 ], [ 76.214669941006051, 28.03713477217406 ], [ 76.21827215032387, 28.036336078558172 ] ], [ [ 76.207795671237506, 28.038198507759098 ], [ 76.206045886913003, 28.0384237420744 ], [ 76.204139255841696, 28.038837619504299 ], [ 76.203856973738297, 28.034726449277201 ], [ 76.203243463806174, 28.030545078918838 ], [ 76.206264797364597, 28.030368762405899 ], [ 76.212066830865197, 28.037398887422665 ], [ 76.212001544770203, 28.0374055114425 ], [ 76.211842477387904, 28.037395646306901 ], [ 76.207309840772297, 28.037110621835101 ], [ 76.207795671237506, 28.038198507759098 ] ], [ [ 76.190261913347598, 28.053725300560899 ], [ 76.190714192399525, 28.054890328936843 ], [ 76.185556619796301, 28.054713873239685 ], [ 76.190261913347598, 28.053725300560899 ] ], [ [ 76.210777304153581, 28.055271402993938 ], [ 76.210416248262405, 28.052547225127999 ], [ 76.216212793042658, 28.051195216270166 ], [ 76.211785259195906, 28.054937597663599 ], [ 76.210777304153581, 28.055271402993938 ] ], [ [ 76.220714065758997, 28.050145391115901 ], [ 76.221103212458416, 28.05086341047873 ], [ 76.217274119725076, 28.050947675691802 ], [ 76.220714065758997, 28.050145391115901 ] ], [ [ 76.229989083032606, 28.0494330505304 ], [ 76.230906008745862, 28.050647684515596 ], [ 76.224321165175681, 28.050792594363728 ], [ 76.229989083032606, 28.0494330505304 ] ], [ [ 76.239573992129905, 28.051025719984899 ], [ 76.239812373624801, 28.051516290692234 ], [ 76.238372379473489, 28.051279122877336 ], [ 76.239573992129905, 28.051025719984899 ] ], [ [ 76.280825522902006, 28.058946470346601 ], [ 76.2848008860379, 28.056934911638098 ], [ 76.284644115647794, 28.056532462356099 ], [ 76.284066950772598, 28.054786824009199 ], [ 76.285024597984702, 28.054464225803802 ], [ 76.285340850778795, 28.0512751011217 ], [ 76.286599275507399, 28.050636029188201 ], [ 76.290483730034794, 28.049566108645799 ], [ 76.292249270809407, 28.049012456005698 ], [ 76.294680638323925, 28.048859388658681 ], [ 76.290253710118094, 28.054260411518101 ], [ 76.280020431184795, 28.061729307035801 ], [ 76.273148378550104, 28.064090911498798 ], [ 76.267565555164595, 28.064980025905619 ], [ 76.270792049949193, 28.063870854920701 ], [ 76.274279026912794, 28.062475604906702 ], [ 76.276150652434197, 28.061727117569401 ], [ 76.280825522902006, 28.058946470346601 ] ], [ [ 76.292861546337406, 28.0360883326093 ], [ 76.292171959999393, 28.033447978089601 ], [ 76.292231877628893, 28.032982564563302 ], [ 76.292357568106794, 28.0320088387471 ], [ 76.292398171957601, 28.031202894959002 ], [ 76.293706489117199, 28.030561017286299 ], [ 76.293598772131503, 28.025805360078898 ], [ 76.297310957635204, 28.024285597134199 ], [ 76.297527318668003, 28.0241978039782 ], [ 76.300446428319702, 28.022868225956501 ], [ 76.30521683090987, 28.02133872096147 ], [ 76.2983117895578, 28.0252123929316 ], [ 76.296317906021201, 28.0373610913669 ], [ 76.298315265139706, 28.0444250040008 ], [ 76.294762290213455, 28.048759770209653 ], [ 76.294505690581104, 28.0472401686939 ], [ 76.293645237489599, 28.0430309216014 ], [ 76.294167950085395, 28.039530708717599 ], [ 76.292861546337406, 28.0360883326093 ] ], [ [ 76.316056866236906, 28.017285986325501 ], [ 76.319738256594306, 28.0162623565001 ], [ 76.321201446003798, 28.015889502300801 ], [ 76.321509001309295, 28.016245339326598 ], [ 76.322066318806506, 28.016285101045 ], [ 76.322821929521197, 28.0160093191481 ], [ 76.323052558000384, 28.016718481885285 ], [ 76.314233757982763, 28.018983424609015 ], [ 76.314856410691803, 28.018464087066 ], [ 76.315096472875098, 28.0180262808313 ], [ 76.315252550664098, 28.017740467540101 ], [ 76.316056866236906, 28.017285986325501 ] ], [ [ 76.350726874808601, 28.0698656387139 ], [ 76.345873571077604, 28.069850132091599 ], [ 76.346194252565994, 28.071239223449101 ], [ 76.340138692648765, 28.07383976646458 ], [ 76.340456284349997, 28.072072336736401 ], [ 76.345670145784894, 28.068335001517902 ], [ 76.352677615855399, 28.069135671731701 ], [ 76.358204089595901, 28.070845565967563 ], [ 76.357503521868594, 28.0710578846247 ], [ 76.353901668346396, 28.0721494584303 ], [ 76.352910879588606, 28.0698712039128 ], [ 76.350726874808601, 28.0698656387139 ] ], [ [ 76.327092505872599, 28.089694854085867 ], [ 76.3250365677508, 28.091306425020001 ], [ 76.323756560997396, 28.090152181608101 ], [ 76.323377210318199, 28.089889329576359 ], [ 76.327092505872599, 28.089694854085867 ] ], [ [ 76.309098597106171, 28.094776158138391 ], [ 76.307063365701893, 28.095869897729301 ], [ 76.30584293807199, 28.096540738055655 ], [ 76.305713664953899, 28.096371419796299 ], [ 76.309098597106171, 28.094776158138391 ] ], [ [ 76.335041310784206, 28.102778195819202 ], [ 76.336870143260398, 28.102715261210001 ], [ 76.338078619111414, 28.102674939458907 ], [ 76.324050716305024, 28.106969917016329 ], [ 76.327730375437696, 28.105407982716599 ], [ 76.3291410610138, 28.104809903147199 ], [ 76.331964637530007, 28.103796442586201 ], [ 76.335041310784206, 28.102778195819202 ] ], [ [ 76.350916299857602, 28.129988718856399 ], [ 76.347628264695103, 28.130334735866398 ], [ 76.345715709084573, 28.130318748902205 ], [ 76.346000529976706, 28.130140047615299 ], [ 76.351639413118605, 28.128053127057701 ], [ 76.356709540145772, 28.127542066426628 ], [ 76.356610574916601, 28.1275970770626 ], [ 76.354542963051301, 28.128337316874202 ], [ 76.352882242195605, 28.129204395132302 ], [ 76.350916299857602, 28.129988718856399 ] ], [ [ 76.312626447621668, 28.146280364127261 ], [ 76.316614339142703, 28.146197235168 ], [ 76.319402657041806, 28.149819101846006 ], [ 76.318948352693596, 28.1499897477192 ], [ 76.316120698724404, 28.150779626809999 ], [ 76.314663860403897, 28.147652652781201 ], [ 76.312626447621668, 28.146280364127261 ] ], [ [ 76.306922358948398, 28.156835970738101 ], [ 76.306920797369074, 28.15703483049381 ], [ 76.306916352567242, 28.156824161256313 ], [ 76.306922358948398, 28.156835970738101 ] ], [ [ 76.305280969837696, 28.1593652934368 ], [ 76.305273120179223, 28.158718308515663 ], [ 76.306913949468068, 28.157906878358588 ], [ 76.306902618470005, 28.159349827470201 ], [ 76.306399271755097, 28.159623153728699 ], [ 76.306253759052098, 28.159590702043602 ], [ 76.305280969837696, 28.1593652934368 ] ], [ [ 76.301413530300096, 28.160626969973102 ], [ 76.303932024002805, 28.159381513328302 ], [ 76.303958214954903, 28.1594613830699 ], [ 76.304122825840807, 28.160491004364001 ], [ 76.299851282682411, 28.160975391398786 ], [ 76.301413530300096, 28.160626969973102 ] ], [ [ 76.288858012932494, 28.163688470157599 ], [ 76.286483737571146, 28.164237098249775 ], [ 76.286583626855204, 28.1639344201126 ], [ 76.295826965342442, 28.161872917737846 ], [ 76.295063336861702, 28.162188063403701 ], [ 76.293056193293097, 28.163019362408399 ], [ 76.290782315662199, 28.163534965769401 ], [ 76.288858012932494, 28.163688470157599 ] ], [ [ 76.293671714650486, 28.176568151654877 ], [ 76.287477155915496, 28.1740808455625 ], [ 76.286524095619896, 28.171590390287413 ], [ 76.291679303236407, 28.170751637858402 ], [ 76.2924339159228, 28.172044234336798 ], [ 76.293062933352701, 28.173744166031302 ], [ 76.293671714650486, 28.176568151654877 ] ], [ [ 76.308946404872714, 28.178564193572857 ], [ 76.306467894059594, 28.1782164025193 ], [ 76.300525667354805, 28.178092676600251 ], [ 76.301725865541201, 28.177701100336801 ], [ 76.304066628134905, 28.176907125670201 ], [ 76.307580208705701, 28.175713809877099 ], [ 76.308946404872714, 28.178564193572857 ] ], [ [ 76.378390396066706, 28.457707515600902 ], [ 76.375003671987102, 28.465649870957701 ], [ 76.360486072342297, 28.499688963660901 ], [ 76.378390396066706, 28.457707515600902 ] ], [ [ 76.402794500219827, 28.472668407084214 ], [ 76.397131803210499, 28.467658112371801 ], [ 76.386089094595505, 28.4540397103132 ], [ 76.402794500219827, 28.472668407084214 ] ], [ [ 76.460637145783053, 28.477596050127698 ], [ 76.460672363355002, 28.4780261945962 ], [ 76.446810687479498, 28.489636201233701 ], [ 76.423663431040893, 28.489443260664899 ], [ 76.411399931717796, 28.482724201810701 ], [ 76.405946011810457, 28.476182751788699 ], [ 76.411399931717796, 28.482264580775801 ], [ 76.423663431040893, 28.488983668877001 ], [ 76.446810687479498, 28.489176610285799 ], [ 76.460637145783053, 28.477596050127698 ] ], [ [ 76.503011293998796, 28.452360380174198 ], [ 76.506361294051203, 28.4433703411426 ], [ 76.521561294410105, 28.434330301454199 ], [ 76.523171293689799, 28.416370222925501 ], [ 76.536711294540197, 28.413320210034701 ], [ 76.540552251534251, 28.411208112066504 ], [ 76.536711294540197, 28.413780130807101 ], [ 76.523171293689799, 28.416830130451999 ], [ 76.521561294410105, 28.4347901309552 ], [ 76.506361294051203, 28.443830131353 ], [ 76.503011293998796, 28.4528201313002 ], [ 76.494521293790697, 28.448360131508501 ], [ 76.472998484236598, 28.442442218438298 ], [ 76.458024026884416, 28.445219497797556 ], [ 76.457986917186702, 28.444766596309901 ], [ 76.472998484236598, 28.441982422194801 ], [ 76.498333247088098, 28.449256255074999 ], [ 76.503011293998796, 28.452360380174198 ] ], [ [ 76.597651293920805, 28.4085801895644 ], [ 76.597701294149502, 28.417560229468801 ], [ 76.59769873529811, 28.417560564172252 ], [ 76.597651293920805, 28.409040130919699 ], [ 76.585781293522999, 28.406100130634599 ], [ 76.561981294249605, 28.388230130523901 ], [ 76.5586612943343, 28.401710131390701 ], [ 76.550011602571246, 28.406006523989209 ], [ 76.5586612943343, 28.401250158212001 ], [ 76.561981294249605, 28.3877700988409 ], [ 76.585781293522999, 28.4056401765144 ], [ 76.597651293920805, 28.4085801895644 ] ], [ [ 76.622840123346236, 28.427305845105764 ], [ 76.602891293635594, 28.438960131422601 ], [ 76.584241293665102, 28.436050130994101 ], [ 76.584285541310862, 28.435597211056088 ], [ 76.602891293635594, 28.438500320044302 ], [ 76.620068298186794, 28.427899347628902 ], [ 76.622105672759602, 28.427655947156101 ], [ 76.622840123346236, 28.427305845105764 ] ], [ [ 76.844907056703832, 28.586301050005723 ], [ 76.859856940856503, 28.585024816688399 ], [ 76.859897779741715, 28.58504459686846 ], [ 76.844912505806093, 28.586323851320898 ], [ 76.844907056703832, 28.586301050005723 ] ], [ [ 76.887893879585548, 28.632454699978677 ], [ 76.903411962222904, 28.627625959583099 ], [ 76.90367272735773, 28.627629625189662 ], [ 76.887929743541207, 28.632528347775299 ], [ 76.887893879585548, 28.632454699978677 ] ], [ [ 76.920372409010298, 28.632692081091299 ], [ 76.914021249883007, 28.632811094335601 ], [ 76.914014707486245, 28.632806109755059 ], [ 76.920099863746401, 28.632692081091299 ], [ 76.933406316995899, 28.623505069373699 ], [ 76.933604805255527, 28.623556199645165 ], [ 76.920372409010298, 28.632692081091299 ] ], [ [ 76.3323302464607, 29.0874566070928 ], [ 76.331832483332605, 29.087445925701925 ], [ 76.340293734199307, 29.085904618401301 ], [ 76.340683525288057, 29.085934968053422 ], [ 76.3323302464607, 29.0874566070928 ] ], [ [ 76.351402269561703, 29.0867262216575 ], [ 76.350926433549191, 29.086689172433278 ], [ 76.380476811467503, 29.073099797088599 ], [ 76.380907772442001, 29.073157483061919 ], [ 76.351402269561703, 29.0867262216575 ] ], [ [ 76.430145083938001, 29.065329774165399 ], [ 76.439563455262999, 29.061143554121401 ], [ 76.445914595525693, 29.059914371969899 ], [ 76.446144399836427, 29.059977580459307 ], [ 76.440119855580306, 29.061143554121401 ], [ 76.430701484255295, 29.065329774165399 ], [ 76.424176653834095, 29.071560796590902 ], [ 76.412051663947906, 29.079229191300001 ], [ 76.404844783155696, 29.080876626422501 ], [ 76.404620408506972, 29.080800728018776 ], [ 76.411495263630698, 29.079229191300001 ], [ 76.423620253516802, 29.071560796590902 ], [ 76.430145083938001, 29.065329774165399 ] ], [ [ 76.504949439767003, 29.080789904555399 ], [ 76.511863426657499, 29.080531387951002 ], [ 76.511896070795757, 29.080550971394114 ], [ 76.505505840084297, 29.080789904555399 ], [ 76.4986884292734, 29.082867630157899 ], [ 76.487317577763207, 29.091273605147101 ], [ 76.479112239295603, 29.096348046125598 ], [ 76.478980602757744, 29.096085358762103 ], [ 76.486761177445899, 29.091273605147101 ], [ 76.498132028956107, 29.082867630157899 ], [ 76.504949439767003, 29.080789904555399 ] ], [ [ 76.553706108175405, 29.085517085846799 ], [ 76.566383018480494, 29.0667489124566 ], [ 76.571299080313906, 29.063218831834099 ], [ 76.571808529660885, 29.063252545956527 ], [ 76.566939418797801, 29.0667489124566 ], [ 76.554262508492698, 29.085517085846799 ], [ 76.550607511536597, 29.092391471973102 ], [ 76.545958328394406, 29.0988283155212 ], [ 76.540108469619796, 29.1042976971979 ], [ 76.539825565009039, 29.104041989758858 ], [ 76.545401928077098, 29.0988283155212 ], [ 76.550051111219304, 29.092391471973102 ], [ 76.553706108175405, 29.085517085846799 ] ], [ [ 76.589990959742806, 29.0644189938652 ], [ 76.589581689215805, 29.064391909334159 ], [ 76.611211357744693, 29.060410190690501 ], [ 76.611763874178024, 29.060410905659072 ], [ 76.589990959742806, 29.0644189938652 ] ], [ [ 76.637993100804806, 29.0483195934893 ], [ 76.638932290332605, 29.037242565619099 ], [ 76.640528712475202, 29.032195730299499 ], [ 76.658320437768595, 29.030863377700001 ], [ 76.665485713088501, 29.027359417625899 ], [ 76.664155062912599, 29.009317160242698 ], [ 76.660951079518, 29.001091896411399 ], [ 76.667278104506906, 28.988661354851299 ], [ 76.671008971375201, 28.984161936326402 ], [ 76.686079207396304, 28.9787271217387 ], [ 76.704913865954794, 28.973791504377001 ], [ 76.724482864020402, 28.970437428629499 ], [ 76.743095097918001, 28.959857217883499 ], [ 76.743473886393701, 28.95995818215922 ], [ 76.725039264337795, 28.970437428629499 ], [ 76.705470266272101, 28.973791504377001 ], [ 76.686635607713598, 28.9787271217387 ], [ 76.671565371692495, 28.984161936326402 ], [ 76.667834504824199, 28.988661354851299 ], [ 76.661507479835294, 29.001091896411399 ], [ 76.664711463229906, 29.009317160242698 ], [ 76.666042113405794, 29.027359417625899 ], [ 76.658876838085902, 29.030863377700001 ], [ 76.641085112792496, 29.032195730299499 ], [ 76.639488690649998, 29.037242565619099 ], [ 76.6385495011221, 29.0483195934893 ], [ 76.639431617984997, 29.054705859679899 ], [ 76.639075311108996, 29.0585923537373 ], [ 76.633096491988894, 29.060437790547301 ], [ 76.632542414560547, 29.060437073558766 ], [ 76.638518910791703, 29.0585923537373 ], [ 76.638875217667703, 29.054705859679899 ], [ 76.637993100804806, 29.0483195934893 ] ], [ [ 76.778292262152902, 28.9444954329011 ], [ 76.775045421932703, 28.940857466441699 ], [ 76.783156961013304, 28.927305467891401 ], [ 76.790659198887795, 28.925724042397 ], [ 76.791016050555299, 28.925766106022209 ], [ 76.783713361330598, 28.927305467891401 ], [ 76.775601822249996, 28.940857466441699 ], [ 76.778848662470295, 28.9444954329011 ], [ 76.777418132211196, 28.945769853461901 ], [ 76.766425083363401, 28.958098629953898 ], [ 76.757700913920303, 28.9636020231505 ], [ 76.757309781457337, 28.963497768643393 ], [ 76.765868683046094, 28.958098629953898 ], [ 76.776861731893902, 28.945769853461901 ], [ 76.778292262152902, 28.9444954329011 ] ], [ [ 76.826647150965698, 28.903523564335501 ], [ 76.818936335960302, 28.890934102458399 ], [ 76.819618776200201, 28.885331976650399 ], [ 76.811668518849004, 28.8645588496599 ], [ 76.818774201729596, 28.859146285062899 ], [ 76.819280373793546, 28.859184545096522 ], [ 76.812224919166397, 28.8645588496599 ], [ 76.820175176517495, 28.885331976650399 ], [ 76.819492736277596, 28.890934102458399 ], [ 76.827203551283006, 28.903523564335501 ], [ 76.825552869100605, 28.913589768300199 ], [ 76.827518100871302, 28.920717607390799 ], [ 76.818827244552196, 28.928298970821199 ], [ 76.818272688144191, 28.928297362309223 ], [ 76.826961700553994, 28.920717607390799 ], [ 76.824996468783297, 28.913589768300199 ], [ 76.826647150965698, 28.903523564335501 ] ], [ [ 76.845825907397199, 28.861148986013301 ], [ 76.84578175370406, 28.861145648567589 ], [ 76.858312308386701, 28.861064008115498 ], [ 76.858334378854067, 28.861067489440277 ], [ 76.845825907397199, 28.861148986013301 ] ], [ [ 76.908253359683101, 28.860192940731199 ], [ 76.9101886991144, 28.8572267217925 ], [ 76.911045961390101, 28.847005252437601 ], [ 76.913177901612798, 28.840255761729502 ], [ 76.916597717830896, 28.833859074730299 ], [ 76.918340369532004, 28.822610131445199 ], [ 76.923849438928798, 28.821408716326399 ], [ 76.924081956806845, 28.821479348447966 ], [ 76.918896769849297, 28.822610131445199 ], [ 76.917154118148204, 28.833859074730299 ], [ 76.913734301930106, 28.840255761729502 ], [ 76.911602361707295, 28.847005252437601 ], [ 76.910745099431693, 28.8572267217925 ], [ 76.908809760000494, 28.860192940731199 ], [ 76.902874628647496, 28.862077536509101 ], [ 76.891927481914095, 28.867967453674702 ], [ 76.879913617221902, 28.8693725853032 ], [ 76.879743194596855, 28.869327441673136 ], [ 76.891371081596802, 28.867967453674702 ], [ 76.902318228330202, 28.862077536509101 ], [ 76.908253359683101, 28.860192940731199 ] ], [ [ 76.271739174605926, 28.902475875949261 ], [ 76.272106041766406, 28.902401204347701 ], [ 76.285257914974949, 28.907582732753639 ], [ 76.284895087870098, 28.907658996041999 ], [ 76.271739174605926, 28.902475875949261 ] ], [ [ 76.316289161586198, 28.813661653234 ], [ 76.307071503540101, 28.809928968664501 ], [ 76.294713005921963, 28.809102321709169 ], [ 76.294704752756502, 28.809064552629401 ], [ 76.307627903857394, 28.809928968664501 ], [ 76.316774857546491, 28.813633021551084 ], [ 76.316289161586198, 28.813661653234 ] ], [ [ 77.233418716549707, 27.2642878167912 ], [ 77.233898473056101, 27.2647105299143 ], [ 77.234078697559994, 27.264953576755602 ], [ 77.235450312709503, 27.266442788509501 ], [ 77.236588365884998, 27.269631251551701 ], [ 77.237243013148301, 27.2714657366548 ], [ 77.237789020407007, 27.272499243083399 ], [ 77.237911135140905, 27.272667417773601 ], [ 77.238088552409494, 27.272911445284102 ], [ 77.238008903086637, 27.273093277580198 ], [ 77.237911099208304, 27.2729587200879 ], [ 77.237788888803806, 27.272790583365801 ], [ 77.237243027521401, 27.271757020560202 ], [ 77.2365883074946, 27.2699227774118 ], [ 77.235450291149903, 27.2667343826189 ], [ 77.234078655339204, 27.265244741181199 ], [ 77.233898338308904, 27.2650017085511 ], [ 77.233418837373094, 27.264579109924 ], [ 77.233229232661103, 27.264412005781502 ], [ 77.232067963425294, 27.263388515875601 ], [ 77.231563265644098, 27.263241461646601 ], [ 77.231143008601407, 27.2631190065403 ], [ 77.229566648534103, 27.263731195281299 ], [ 77.227217634914496, 27.2646440050565 ], [ 77.224522618993504, 27.266034863853001 ], [ 77.223222901406203, 27.266705902604301 ], [ 77.220700554259295, 27.2684942891599 ], [ 77.218458748858964, 27.270533165659945 ], [ 77.218384848822893, 27.270308956593599 ], [ 77.220700537191306, 27.268202967159901 ], [ 77.223222838075003, 27.266414341957098 ], [ 77.224522588001705, 27.265743600086601 ], [ 77.227217533854002, 27.264352696123499 ], [ 77.229566628322004, 27.263439890344699 ], [ 77.231142890922101, 27.2628275227271 ], [ 77.231563134040996, 27.262950295967201 ], [ 77.232067874941194, 27.263097024783601 ], [ 77.233229228169506, 27.264120627568101 ], [ 77.233418716549707, 27.2642878167912 ] ], [ [ 77.239595757022201, 27.280967046499601 ], [ 77.239598002810396, 27.281753962043901 ], [ 77.239597269171085, 27.281754397332197 ], [ 77.239595866167505, 27.281258513082399 ], [ 77.2395918192571, 27.2797261393208 ], [ 77.238641976608307, 27.2762083778901 ], [ 77.238340305267897, 27.2755324478115 ], [ 77.237698294605707, 27.274093916962102 ], [ 77.237762693179263, 27.273946859142562 ], [ 77.238340361412597, 27.275240907921901 ], [ 77.238641858479795, 27.275917081698601 ], [ 77.239591826892806, 27.279434616023199 ], [ 77.239595757022201, 27.280967046499601 ] ], [ [ 77.222311951220959, 27.280336156495828 ], [ 77.222303187802893, 27.280330823452701 ], [ 77.222318819655612, 27.279822912328818 ], [ 77.222327258609994, 27.279837535011499 ], [ 77.222311951220959, 27.280336156495828 ] ] ], [ [ [ 76.801494252941694, 28.801711776145702 ], [ 76.801562424292001, 28.8016694695722 ], [ 76.801578746680704, 28.801654739726601 ], [ 76.801494252941694, 28.801711776145702 ] ] ] ] } }
]
}
